{
  "burst": "isha",
  "alpha": 5.812708610273398,
  "tau_1ghz": 0.10610721842750248,
  "chi2_chime": 1.4419091568689466,
  "chi2_dsa": 3.6426903542845905
}