{
  "burst": "johndoeII",
  "alpha": 1.503422890413267,
  "tau_1ghz": 0.7273349723829894,
  "chi2_chime": 1.2127251552986689,
  "chi2_dsa": 1.402476063697596
}