{
  "burst": "phineas",
  "alpha": 4.079101219746015,
  "tau_1ghz": 0.4071332959397744,
  "chi2_chime": 1.1103110232818119,
  "chi2_dsa": 2.186041853724213
}