{
  "burst": "zach",
  "alpha": 2.998624616350114,
  "tau_1ghz": 0.47630673745541163,
  "chi2_chime": 1.884639766113334,
  "chi2_dsa": 1.3498027475746237
}