{
    "220310aaam": {
        "mjds": 59648.24172074433,
        "snr": 68.41,
        "ibox": 4,
        "dm": 462.657,
        "ibeam": 149,
        "cntb": 6,
        "cntc": 284,
        "specnum": 71488200,
        "ra": 136.20953297063838,
        "dec": 71.72297688691368
    }
}
