{
    "220506aabd": {
        "mjds": 59705.59701292354,
        "snr": 48.9187,
        "ibox": 2,
        "dm": 396.651,
        "ibeam": 179,
        "cntb": 6,
        "cntc": 285,
        "specnum": 66099764,
        "ra": 321.1304186592916,
        "dec": 71.53652002753087
    }
}
