{
  "burst": "freya",
  "tau_1ghz": 0.11480070659466793,
  "alpha": 4.475421219473249,
  "bands": {
    "CHIME": {
      "ladder": [
        {
          "ff": 64,
          "chan_MHz": 26.667,
          "nch": 16,
          "snr": 77.8,
          "m2": 0.21788,
          "acf1": 0.407,
          "dnu_1L": 10.753
        },
        {
          "ff": 32,
          "chan_MHz": 12.903,
          "nch": 30,
          "snr": 52.7,
          "m2": 0.20626,
          "acf1": 0.485,
          "dnu_1L": 8.173
        },
        {
          "ff": 16,
          "chan_MHz": 6.349,
          "nch": 58,
          "snr": 34.0,
          "m2": 0.22948,
          "acf1": 0.593,
          "dnu_1L": 10.47
        },
        {
          "ff": 8,
          "chan_MHz": 3.15,
          "nch": 111,
          "snr": 24.0,
          "m2": 0.20659,
          "acf1": 0.752,
          "dnu_1L": 12.925
        }
      ],
      "dnu_1L_stability": [
        10.753,
        8.173,
        10.47,
        12.925
      ],
      "m2_vs_invchan": [
        [
          0.0375,
          0.21788
        ],
        [
          0.0775,
          0.20626
        ],
        [
          0.1575,
          0.22948
        ],
        [
          0.3175,
          0.20659
        ]
      ],
      "modelsel_finest": {
        "1": {
          "components_dnu_A": [
            [
              12.925,
              0.695
            ]
          ],
          "rss": 1.96473,
          "bic": -175.24,
          "nlags": 55
        },
        "2": {
          "components_dnu_A": [
            [
              1.376,
              1.6
            ],
            [
              16.346,
              0.5
            ]
          ],
          "rss": 1.94588,
          "bic": -167.76,
          "nlags": 55
        },
        "3": {
          "components_dnu_A": [
            [
              1.26,
              0.287
            ],
            [
              1.26,
              1.599
            ],
            [
              16.39,
              0.499
            ]
          ],
          "rss": 1.94577,
          "bic": -159.75,
          "nlags": 55
        }
      },
      "detrend_sensitivity": {
        "mean": {
          "m2": 0.30829,
          "dnu_1L": 29.745
        },
        "linear": {
          "m2": 0.20659,
          "dnu_1L": 12.925
        },
        "quad": {
          "m2": 0.19645,
          "dnu_1L": 12.106
        }
      },
      "nu0_GHz": 0.6002,
      "BIC_preferred_N": 1,
      "finest_chan_MHz": 3.15
    },
    "DSA": {
      "ladder": [
        {
          "ff": 384,
          "chan_MHz": 12.5,
          "nch": 16,
          "snr": 42.2,
          "m2": 0.01181,
          "acf1": 0.47,
          "dnu_1L": 6.084
        },
        {
          "ff": 192,
          "chan_MHz": 6.048,
          "nch": 32,
          "snr": 30.6,
          "m2": 0.0145,
          "acf1": 0.67,
          "dnu_1L": 5.014
        },
        {
          "ff": 96,
          "chan_MHz": 2.976,
          "nch": 64,
          "snr": 21.2,
          "m2": 0.02155,
          "acf1": 0.388,
          "dnu_1L": 7.401
        },
        {
          "ff": 48,
          "chan_MHz": 1.476,
          "nch": 128,
          "snr": 15.6,
          "m2": 0.03265,
          "acf1": 0.401,
          "dnu_1L": 7.294
        },
        {
          "ff": 24,
          "chan_MHz": 0.735,
          "nch": 256,
          "snr": 11.0,
          "m2": 0.05128,
          "acf1": 0.36,
          "dnu_1L": 6.985
        }
      ],
      "dnu_1L_stability": [
        6.084,
        5.014,
        7.401,
        7.294,
        6.985
      ],
      "m2_vs_invchan": [
        [
          0.08,
          0.01181
        ],
        [
          0.1653,
          0.0145
        ],
        [
          0.336,
          0.02155
        ],
        [
          0.6773,
          0.03265
        ],
        [
          1.36,
          0.05128
        ]
      ],
      "modelsel_finest": {
        "1": {
          "components_dnu_A": [
            [
              6.985,
              0.25
            ]
          ],
          "rss": 1.17436,
          "bic": -585.11,
          "nlags": 127
        },
        "2": {
          "components_dnu_A": [
            [
              0.294,
              1.083
            ],
            [
              7.96,
              0.203
            ]
          ],
          "rss": 1.15962,
          "bic": -577.03,
          "nlags": 127
        },
        "3": {
          "components_dnu_A": [
            [
              0.294,
              1.083
            ],
            [
              7.959,
              0.203
            ],
            [
              8.317,
              0.0
            ]
          ],
          "rss": 1.15962,
          "bic": -567.34,
          "nlags": 127
        }
      },
      "detrend_sensitivity": {
        "mean": {
          "m2": 0.0936,
          "dnu_1L": 15.208
        },
        "linear": {
          "m2": 0.05128,
          "dnu_1L": 6.985
        },
        "quad": {
          "m2": 0.0511,
          "dnu_1L": 6.859
        }
      },
      "nu0_GHz": 1.405,
      "BIC_preferred_N": 1,
      "finest_chan_MHz": 0.735
    }
  },
  "nu_scaling": {
    "dnu_CHIME_MHz": 10.611,
    "dnu_DSA_MHz": 6.985,
    "observed_ratio_DSA_over_CHIME": 0.658,
    "expected_ratio_nu4": 30.03,
    "implied_alpha": -0.492
  },
  "tau_screen_dnu_MHz": {
    "CHIME": 0.00014113163113039647,
    "DSA": 0.006350228103053014
  }
}