{
  "CHIME": {
    "tau_ms": 0.007116236137188046,
    "bw_kHz": 25.94345246946096
  },
  "DSA": {
    "tau_ms": 0.00016863396326850165,
    "bw_kHz": 1094.7956770288565
  }
}