{
  "burst": "isha",
  "marginalize_gain": true,
  "marginalize_gain_gp": false,
  "shared_zeta": false,
  "alpha": {
    "median": 5.302383976911713,
    "err_minus": 3.515231274271819,
    "err_plus": 0.5791056894704925
  },
  "tau_1ghz": {
    "median": 0.022430155137642536,
    "err_minus": 0.01715106773066589,
    "err_plus": 0.026979506324015384
  },
  "log_evidence": 31953.941650866243,
  "log_evidence_err": 0.437967502872496,
  "alpha_bounds": [
    1.0,
    6.0
  ],
  "components_C": 2,
  "components_D": 1,
  "gain_s2": null,
  "pbf_C": "exp",
  "pbf_D": "exp",
  "beta_C": 3.6666666666666665,
  "beta_D": 3.6666666666666665,
  "percentiles": {
    "tau_1ghz": {
      "median": 0.022430155137642536,
      "lower": 0.005279087406976645,
      "upper": 0.04940966146165792,
      "err_minus": 0.01715106773066589,
      "err_plus": 0.026979506324015384
    },
    "alpha": {
      "median": 5.302383976911713,
      "lower": 1.7871527026398941,
      "upper": 5.881489666382206,
      "err_minus": 3.515231274271819,
      "err_plus": 0.5791056894704925
    },
    "t0_C1": {
      "median": 49.282218754492824,
      "lower": 49.24394294646439,
      "upper": 49.36473054000412,
      "err_minus": 0.03827580802843755,
      "err_plus": 0.08251178551129357
    },
    "zeta_C1": {
      "median": 12.551384575588115,
      "lower": 12.338227993048404,
      "upper": 12.767268296640314,
      "err_minus": 0.21315658253971037,
      "err_plus": 0.2158837210521991
    },
    "t0_C2": {
      "median": 51.00299562823367,
      "lower": 50.621532154704596,
      "upper": 51.400704892584464,
      "err_minus": 0.38146347352907384,
      "err_plus": 0.39770926435079446
    },
    "zeta_C2": {
      "median": 14.80920495999433,
      "lower": 14.458991869422363,
      "upper": 15.174364135537664,
      "err_minus": 0.3502130905719678,
      "err_plus": 0.365159175543333
    },
    "delta_dm_C": {
      "median": -0.005085177321291212,
      "lower": -0.1144329601992169,
      "upper": 0.0712150064229391,
      "err_minus": 0.10934778287792568,
      "err_plus": 0.07630018374423031
    },
    "t0_D1": {
      "median": 0.2549377913748191,
      "lower": 0.2381397597219299,
      "upper": 0.267092687652017,
      "err_minus": 0.016798031652889178,
      "err_plus": 0.012154896277197902
    },
    "zeta_D1": {
      "median": 0.06989640435921543,
      "lower": 0.06352545545840971,
      "upper": 0.07602541393827296,
      "err_minus": 0.006370948900805723,
      "err_plus": 0.006129009579057529
    },
    "delta_dm_D": {
      "median": -0.1475703523831413,
      "lower": -0.1883547781074526,
      "upper": -0.10808145338116759,
      "err_minus": 0.04078442572431129,
      "err_plus": 0.03948889900197372
    }
  },
  "ncall": 877828
}