{
  "burst": "mahi",
  "marginalize_gain": true,
  "marginalize_gain_gp": false,
  "shared_zeta": false,
  "alpha": {
    "median": 2.805666388023054,
    "err_minus": 1.2451155554222892,
    "err_plus": 1.6595549604747397
  },
  "tau_1ghz": {
    "median": 0.2561784483973517,
    "err_minus": 0.08963530344424281,
    "err_plus": 0.17610225510521887
  },
  "log_evidence": 28046.801803518494,
  "log_evidence_err": 0.348989293859591,
  "alpha_bounds": [
    1.0,
    6.0
  ],
  "components_C": 1,
  "components_D": 1,
  "gain_s2": null,
  "pbf_C": "exp",
  "pbf_D": "exp",
  "beta_C": 3.6666666666666665,
  "beta_D": 3.6666666666666665,
  "percentiles": {
    "tau_1ghz": {
      "median": 0.2561784483973517,
      "lower": 0.1665431449531089,
      "upper": 0.4322807035025706,
      "err_minus": 0.08963530344424281,
      "err_plus": 0.17610225510521887
    },
    "alpha": {
      "median": 2.805666388023054,
      "lower": 1.5605508326007649,
      "upper": 4.465221348497794,
      "err_minus": 1.2451155554222892,
      "err_plus": 1.6595549604747397
    },
    "t0_C1": {
      "median": -1398.8746985822436,
      "lower": -2768.4037559263543,
      "upper": -333.31583514959084,
      "err_minus": 1369.5290573441107,
      "err_plus": 1065.5588634326527
    },
    "zeta_C1": {
      "median": 491.76998694096335,
      "lower": 271.92736963451966,
      "upper": 760.1804119573244,
      "err_minus": 219.84261730644369,
      "err_plus": 268.41042501636105
    },
    "delta_dm_C": {
      "median": 3.9167109476336393,
      "lower": -1.5555279533694986,
      "upper": 14.430049553621629,
      "err_minus": 5.472238901003138,
      "err_plus": 10.51333860598799
    },
    "t0_D1": {
      "median": 0.25722876936193406,
      "lower": 0.24731538647509121,
      "upper": 0.2687841937072405,
      "err_minus": 0.009913382886842848,
      "err_plus": 0.011555424345306431
    },
    "zeta_D1": {
      "median": 0.04702503019096182,
      "lower": 0.03850429766977895,
      "upper": 0.056692013717830045,
      "err_minus": 0.00852073252118287,
      "err_plus": 0.009666983526868227
    },
    "delta_dm_D": {
      "median": -0.049102096451207444,
      "lower": -0.07483935410249387,
      "upper": -0.023671796284993718,
      "err_minus": 0.025737257651286427,
      "err_plus": 0.025430300166213726
    }
  },
  "ncall": 455783
}