{
  "burst": "wilhelm",
  "marginalize_gain": true,
  "marginalize_gain_gp": false,
  "shared_zeta": false,
  "alpha": {
    "median": 2.62490892746629,
    "err_minus": 0.03819835009915051,
    "err_plus": 0.03579154986753075
  },
  "tau_1ghz": {
    "median": 0.25536948980950275,
    "err_minus": 0.003036908309353048,
    "err_plus": 0.003153397740763897
  },
  "log_evidence": -1972.7124537245284,
  "log_evidence_err": 0.5165461145202535,
  "alpha_bounds": [
    1.0,
    6.0
  ],
  "components_C": 1,
  "components_D": 1,
  "gain_s2": null,
  "pbf_C": "exp",
  "pbf_D": "exp",
  "beta_C": 3.6666666666666665,
  "beta_D": 3.6666666666666665,
  "percentiles": {
    "tau_1ghz": {
      "median": 0.25536948980950275,
      "lower": 0.2523325815001497,
      "upper": 0.25852288755026664,
      "err_minus": 0.003036908309353048,
      "err_plus": 0.003153397740763897
    },
    "alpha": {
      "median": 2.62490892746629,
      "lower": 2.5867105773671395,
      "upper": 2.6607004773338208,
      "err_minus": 0.03819835009915051,
      "err_plus": 0.03579154986753075
    },
    "t0_C": {
      "median": 2.452599722382983,
      "lower": 2.443450972891254,
      "upper": 2.46169293431387,
      "err_minus": 0.009148749491728836,
      "err_plus": 0.00909321193088708
    },
    "zeta_C": {
      "median": 0.14206230353396515,
      "lower": 0.1367413050053712,
      "upper": 0.14751838367028045,
      "err_minus": 0.00532099852859394,
      "err_plus": 0.005456080136315294
    },
    "delta_dm_C": {
      "median": -0.005546333422465466,
      "lower": -0.009523478914886141,
      "upper": -0.0018303853638670375,
      "err_minus": 0.003977145492420675,
      "err_plus": 0.0037159480585984284
    },
    "t0_D": {
      "median": 0.579380019303597,
      "lower": 0.5786001428568293,
      "upper": 0.5801765740049807,
      "err_minus": 0.0007798764467676911,
      "err_plus": 0.0007965547013837337
    },
    "zeta_D": {
      "median": 0.0653648548287786,
      "lower": 0.06477443554659652,
      "upper": 0.06594189723732799,
      "err_minus": 0.0005904192821820781,
      "err_plus": 0.0005770424085493886
    },
    "delta_dm_D": {
      "median": 0.02095407386251935,
      "lower": 0.01917253257384033,
      "upper": 0.02274397160202568,
      "err_minus": 0.0017815412886790227,
      "err_plus": 0.0017898977395063298
    }
  },
  "ncall": 961868,
  "gain_recovered": true
}