{
  "burst": "zach",
  "marginalize_gain": true,
  "marginalize_gain_gp": false,
  "shared_zeta": false,
  "alpha": {
    "median": 3.3185812027012114,
    "err_minus": 0.013453339606219306,
    "err_plus": 0.013233706484048202
  },
  "tau_1ghz": {
    "median": 0.416290521844411,
    "err_minus": 0.0029077481612880818,
    "err_plus": 0.003069483547146812
  },
  "log_evidence": -18592.77093165518,
  "log_evidence_err": 0.5622104919900625,
  "alpha_bounds": [
    1.0,
    6.0
  ],
  "components_C": 1,
  "components_D": 1,
  "gain_s2": null,
  "pbf_C": "exp",
  "pbf_D": "exp",
  "beta_C": 3.6666666666666665,
  "beta_D": 3.6666666666666665,
  "percentiles": {
    "tau_1ghz": {
      "median": 0.416290521844411,
      "lower": 0.41338277368312293,
      "upper": 0.4193600053915578,
      "err_minus": 0.0029077481612880818,
      "err_plus": 0.003069483547146812
    },
    "alpha": {
      "median": 3.3185812027012114,
      "lower": 3.305127863094992,
      "upper": 3.3318149091852596,
      "err_minus": 0.013453339606219306,
      "err_plus": 0.013233706484048202
    },
    "t0_C": {
      "median": 13.24812151792063,
      "lower": 13.246995087380977,
      "upper": 13.249208929360023,
      "err_minus": 0.0011264305396530006,
      "err_plus": 0.001087411439392838
    },
    "zeta_C": {
      "median": 0.10266899248096012,
      "lower": 0.10171703157573411,
      "upper": 0.10362311489200364,
      "err_minus": 0.000951960905226007,
      "err_plus": 0.0009541224110435204
    },
    "delta_dm_C": {
      "median": 0.010419083358769399,
      "lower": 0.010109614506092157,
      "upper": 0.01072657712523295,
      "err_minus": 0.00030946885267724156,
      "err_plus": 0.0003074937664635513
    },
    "t0_D": {
      "median": 9.554347652682381,
      "lower": 9.551424651135584,
      "upper": 9.557327303340863,
      "err_minus": 0.002923001546797366,
      "err_plus": 0.002979650658481603
    },
    "zeta_D": {
      "median": 0.05817768197704121,
      "lower": 0.056627251673664294,
      "upper": 0.05984698024909849,
      "err_minus": 0.0015504303033769123,
      "err_plus": 0.001669298272057286
    },
    "delta_dm_D": {
      "median": -0.07075316117887098,
      "lower": -0.0784370396952383,
      "upper": -0.06270947045724995,
      "err_minus": 0.007683878516367315,
      "err_plus": 0.008043690721621033
    }
  },
  "ncall": 1102592,
  "gain_recovered": true
}