{
    "best_model": "M2",
    "best_params": {
        "c0": -0.8778133804982835,
        "t0": 3.369553704956011,
        "gamma": -2.869307211041896,
        "zeta": 0.0,
        "tau_1ghz": -0.0628767907947396,
        "alpha": 4.4,
        "delta_dm": 0.0
    },
    "param_names": [
        "c0",
        "t0",
        "gamma",
        "tau_1ghz"
    ],
    "goodness_of_fit": {
        "chi2": 103423.2184221156,
        "chi2_reduced": 17.967897571597568,
        "r_squared": -0.03668269570638927,
        "ndof": 5756,
        "residual_rms": 0.1554108588078363,
        "residual_autocorr": [
            -0.10939998535031728,
            -0.10601127615824413,
            -0.12924337988638968,
            -0.12013819643448038,
            -0.12123317845776303,
            -0.09185164216022007,
            0.026081659366395123,
            1.0,
            0.026081659366395123,
            -0.09185164216022007,
            -0.12123317845776303,
            -0.12013819643448038,
            -0.12924337988638968,
            -0.10601127615824413,
            -0.10939998535031728
        ],
        "normality_pvalue": 2.0810388922891418e-60,
        "bias_nsigma": 17.15604455731424,
        "durbin_watson": 1.833741671265705,
        "quality_flag": "FAIL",
        "validation_notes": [
            "Catastrophic chi2_red (18.0)",
            "Poor R2 (-0.037)",
            "Non-normal residuals (p=2.1e-60)"
        ]
    },
    "dm_init": 902.4,
    "convergence": {
        "burn_in": 161,
        "thin": 23,
        "convergence": {
            "autocorr_time": [
                50.204969442102424,
                47.52288047682006,
                49.22280288308034,
                53.73355781856284
            ],
            "param_0": 3.052417941328446,
            "param_1": 1.7164071777558385,
            "param_2": 2.81952199828769,
            "param_3": 3.0751452526693406,
            "max_rhat": 3.0751452526693406,
            "converged": false,
            "well_converged": false
        }
    },
    "all_results": {}
}