{
  "burst": "casey",
  "marginalize_gain": false,
  "marginalize_gain_gp": false,
  "shared_zeta": true,
  "alpha": {
    "median": 2.3960197471557962,
    "err_minus": 0.014814792629197271,
    "err_plus": 0.014343352321055214
  },
  "tau_1ghz": {
    "median": 0.06086799947757,
    "err_minus": 0.0006301601618979788,
    "err_plus": 0.0006429973793909347
  },
  "log_evidence": -55502.34077014787,
  "log_evidence_err": 0.5928380727467775,
  "alpha_bounds": [
    1.0,
    6.0
  ],
  "components_C": 1,
  "components_D": 1,
  "gain_s2": null,
  "pbf_C": "exp",
  "pbf_D": "exp",
  "beta_C": 3.6666666666666665,
  "beta_D": 3.6666666666666665,
  "percentiles": {
    "tau_1ghz": {
      "median": 0.06086799947757,
      "lower": 0.060237839315672025,
      "upper": 0.06151099685696094,
      "err_minus": 0.0006301601618979788,
      "err_plus": 0.0006429973793909347
    },
    "alpha": {
      "median": 2.3960197471557962,
      "lower": 2.381204954526599,
      "upper": 2.4103630994768515,
      "err_minus": 0.014814792629197271,
      "err_plus": 0.014343352321055214
    },
    "zeta_1ghz": {
      "median": 0.05881117848408259,
      "lower": 0.058496970363538986,
      "upper": 0.059125093168155306,
      "err_minus": 0.0003142081205436062,
      "err_plus": 0.0003139146840727136
    },
    "x_zeta": {
      "median": -0.4562774886083951,
      "lower": -0.4649630380976455,
      "upper": -0.44761615907918184,
      "err_minus": 0.008685549489250377,
      "err_plus": 0.00866132952921328
    },
    "t0_C": {
      "median": 10.863782156077068,
      "lower": 10.863327783910197,
      "upper": 10.864235392014493,
      "err_minus": 0.0004543721668710532,
      "err_plus": 0.00045323593742452317
    },
    "delta_dm_C": {
      "median": -0.00047728603383490054,
      "lower": -0.0005214036427432234,
      "upper": -0.0004328000463402759,
      "err_minus": 4.4117608908322836e-05,
      "err_plus": 4.4485987494624624e-05
    },
    "t0_D": {
      "median": 28.60852612667521,
      "lower": 28.607678656665666,
      "upper": 28.60933060368466,
      "err_minus": 0.0008474700095426613,
      "err_plus": 0.000804477009452853
    },
    "delta_dm_D": {
      "median": -0.02894296596082313,
      "lower": -0.031065448698193165,
      "upper": -0.026775063434008928,
      "err_minus": 0.002122482737370035,
      "err_plus": 0.0021679025268142027
    }
  },
  "ncall": 1193294,
  "gain_recovered": true
}