{
  "burst": "chromatica",
  "marginalize_gain": false,
  "marginalize_gain_gp": false,
  "shared_zeta": true,
  "alpha": {
    "median": 3.28420838764534,
    "err_minus": 0.040369985672480624,
    "err_plus": 0.04048924076932048
  },
  "tau_1ghz": {
    "median": 0.1957395759415959,
    "err_minus": 0.005235419629807725,
    "err_plus": 0.005537971433627387
  },
  "log_evidence": -8526.335224657567,
  "log_evidence_err": 0.5132613894574932,
  "alpha_bounds": [
    1.0,
    6.0
  ],
  "components_C": 1,
  "components_D": 1,
  "gain_s2": null,
  "pbf_C": "exp",
  "pbf_D": "exp",
  "beta_C": 3.6666666666666665,
  "beta_D": 3.6666666666666665,
  "percentiles": {
    "tau_1ghz": {
      "median": 0.1957395759415959,
      "lower": 0.1905041563117882,
      "upper": 0.2012775473752233,
      "err_minus": 0.005235419629807725,
      "err_plus": 0.005537971433627387
    },
    "alpha": {
      "median": 3.28420838764534,
      "lower": 3.243838401972859,
      "upper": 3.3246976284146603,
      "err_minus": 0.040369985672480624,
      "err_plus": 0.04048924076932048
    },
    "zeta_1ghz": {
      "median": 0.165176079103869,
      "lower": 0.16179092060664824,
      "upper": 0.16863336090418413,
      "err_minus": 0.003385158497220764,
      "err_plus": 0.0034572818003151262
    },
    "x_zeta": {
      "median": -1.6900703722046435,
      "lower": -1.7249673023393703,
      "upper": -1.6557296757950315,
      "err_minus": 0.034896930134726833,
      "err_plus": 0.034340696409612015
    },
    "t0_C": {
      "median": 28.160739484052367,
      "lower": 28.155765075053576,
      "upper": 28.166070309666605,
      "err_minus": 0.004974408998791091,
      "err_plus": 0.005330825614237256
    },
    "delta_dm_C": {
      "median": 0.015381634510070796,
      "lower": 0.014645813901005056,
      "upper": 0.01613712688002522,
      "err_minus": 0.0007358206090657404,
      "err_plus": 0.0007554923699544247
    },
    "t0_D": {
      "median": 0.4988671438383716,
      "lower": 0.49295249576399947,
      "upper": 0.5049646761100597,
      "err_minus": 0.005914648074372142,
      "err_plus": 0.0060975322716880775
    },
    "delta_dm_D": {
      "median": 0.2510426881474288,
      "lower": 0.23763743668646953,
      "upper": 0.2642972878871177,
      "err_minus": 0.013405251460959278,
      "err_plus": 0.0132545997396889
    }
  },
  "ncall": 929804,
  "gain_recovered": true
}