{
  "burst": "freya",
  "alpha": 4.354659731313678,
  "tau_1ghz": 0.11870185487418447,
  "chi2_chime": 1.2989176300622283,
  "chi2_dsa": 1.0333598293016508
}