{
  "burst": "freya",
  "marginalize_gain": false,
  "marginalize_gain_gp": false,
  "shared_zeta": true,
  "alpha": {
    "median": 4.354659731313678,
    "err_minus": 0.037423324085043674,
    "err_plus": 0.037169640813664806
  },
  "tau_1ghz": {
    "median": 0.11870185487418447,
    "err_minus": 0.0019262530995965282,
    "err_plus": 0.001841347238144428
  },
  "log_evidence": -10165.660507142722,
  "log_evidence_err": 0.5414990474437535,
  "alpha_bounds": [
    1.0,
    6.0
  ],
  "components_C": 1,
  "components_D": 1,
  "gain_s2": null,
  "pbf_C": "exp",
  "pbf_D": "exp",
  "beta_C": 3.6666666666666665,
  "beta_D": 3.6666666666666665,
  "percentiles": {
    "tau_1ghz": {
      "median": 0.11870185487418447,
      "lower": 0.11677560177458794,
      "upper": 0.1205432021123289,
      "err_minus": 0.0019262530995965282,
      "err_plus": 0.001841347238144428
    },
    "alpha": {
      "median": 4.354659731313678,
      "lower": 4.317236407228634,
      "upper": 4.391829372127343,
      "err_minus": 0.037423324085043674,
      "err_plus": 0.037169640813664806
    },
    "zeta_1ghz": {
      "median": 0.08476583270826116,
      "lower": 0.08414851148357194,
      "upper": 0.08540179083156317,
      "err_minus": 0.0006173212246892157,
      "err_plus": 0.0006359581233020134
    },
    "x_zeta": {
      "median": -0.7911601044425374,
      "lower": -0.8134286930929351,
      "upper": -0.7704662997937617,
      "err_minus": 0.022268588650397714,
      "err_plus": 0.020693804648775682
    },
    "t0_C": {
      "median": 17.23269352090644,
      "lower": 17.231574684648624,
      "upper": 17.233821415030786,
      "err_minus": 0.0011188362578167244,
      "err_plus": 0.0011278941243446639
    },
    "delta_dm_C": {
      "median": 0.010454087398969136,
      "lower": 0.009931792168437426,
      "upper": 0.010966791472377224,
      "err_minus": 0.0005222952305317108,
      "err_plus": 0.0005127040734080879
    },
    "t0_D": {
      "median": 7.917677334707157,
      "lower": 7.9163094003086165,
      "upper": 7.919108760308408,
      "err_minus": 0.001367934398540882,
      "err_plus": 0.0014314256012504245
    },
    "delta_dm_D": {
      "median": 0.07572711807848265,
      "lower": 0.072201325231525,
      "upper": 0.07915440297642107,
      "err_minus": 0.0035257928469576427,
      "err_plus": 0.0034272848979384207
    }
  },
  "ncall": 1043364,
  "gain_recovered": true
}