{
  "burst": "hamilton",
  "marginalize_gain": false,
  "marginalize_gain_gp": false,
  "shared_zeta": true,
  "alpha": {
    "median": 1.5043381547154464,
    "err_minus": 0.003249187276446408,
    "err_plus": 0.007229780291647003
  },
  "tau_1ghz": {
    "median": 0.07905498398896599,
    "err_minus": 0.0009349370896620246,
    "err_plus": 0.0009958141842977136
  },
  "log_evidence": -11705.358293749865,
  "log_evidence_err": 0.5243253712298964,
  "alpha_bounds": [
    1.5,
    6.0
  ],
  "components_C": 1,
  "components_D": 1,
  "gain_s2": null,
  "pbf_C": "exp",
  "pbf_D": "exp",
  "beta_C": 3.6666666666666665,
  "beta_D": 3.6666666666666665,
  "percentiles": {
    "tau_1ghz": {
      "median": 0.07905498398896599,
      "lower": 0.07812004689930396,
      "upper": 0.0800507981732637,
      "err_minus": 0.0009349370896620246,
      "err_plus": 0.0009958141842977136
    },
    "alpha": {
      "median": 1.5043381547154464,
      "lower": 1.501088967439,
      "upper": 1.5115679350070934,
      "err_minus": 0.003249187276446408,
      "err_plus": 0.007229780291647003
    },
    "zeta_1ghz": {
      "median": 0.04225439477707977,
      "lower": 0.04097906827464717,
      "upper": 0.043529750198948315,
      "err_minus": 0.0012753265024326027,
      "err_plus": 0.0012753554218685459
    },
    "x_zeta": {
      "median": 1.6303028271463926,
      "lower": 1.553169471484697,
      "upper": 1.7064152054786854,
      "err_minus": 0.07713335566169555,
      "err_plus": 0.07611237833229278
    },
    "t0_C": {
      "median": 11.90819288826425,
      "lower": 11.907370052827304,
      "upper": 11.909013866801185,
      "err_minus": 0.0008228354369457236,
      "err_plus": 0.0008209785369359679
    },
    "delta_dm_C": {
      "median": -0.006476397757424479,
      "lower": -0.006597579562175326,
      "upper": -0.006352304560728328,
      "err_minus": 0.00012118180475084728,
      "err_plus": 0.00012409319669615115
    },
    "t0_D": {
      "median": 15.10938084851189,
      "lower": 15.101478382367489,
      "upper": 15.116568633318664,
      "err_minus": 0.007902466144400933,
      "err_plus": 0.007187784806774289
    },
    "delta_dm_D": {
      "median": 0.017558269757202538,
      "lower": 0.00018273715560468418,
      "upper": 0.035147825693712775,
      "err_minus": 0.017375532601597854,
      "err_plus": 0.017589555936510237
    }
  },
  "ncall": 1027059,
  "gain_recovered": true
}