{
  "burst": "johndoeII",
  "marginalize_gain": true,
  "marginalize_gain_gp": false,
  "shared_zeta": false,
  "alpha": {
    "median": 1.5286001076801996,
    "err_minus": 0.08844392264650436,
    "err_plus": 0.0924534718071448
  },
  "tau_1ghz": {
    "median": 0.9773500062246911,
    "err_minus": 0.03265423452886951,
    "err_plus": 0.03576642585218215
  },
  "log_evidence": 6156.990746025252,
  "log_evidence_err": 0.5249633447143542,
  "alpha_bounds": [
    1.0,
    6.0
  ],
  "components_C": 2,
  "components_D": 1,
  "gain_s2": null,
  "pbf_C": "exp",
  "pbf_D": "exp",
  "beta_C": 3.6666666666666665,
  "beta_D": 3.6666666666666665,
  "percentiles": {
    "tau_1ghz": {
      "median": 0.9773500062246911,
      "lower": 0.9446957716958216,
      "upper": 1.0131164320768733,
      "err_minus": 0.03265423452886951,
      "err_plus": 0.03576642585218215
    },
    "alpha": {
      "median": 1.5286001076801996,
      "lower": 1.4401561850336952,
      "upper": 1.6210535794873444,
      "err_minus": 0.08844392264650436,
      "err_plus": 0.0924534718071448
    },
    "t0_C1": {
      "median": 2.099233638954961,
      "lower": 2.0894526876071406,
      "upper": 2.1090095011802488,
      "err_minus": 0.0097809513478202,
      "err_plus": 0.009775862225287923
    },
    "zeta_C1": {
      "median": 0.08665252969474403,
      "lower": 0.07848268390770408,
      "upper": 0.0959382412781219,
      "err_minus": 0.008169845787039956,
      "err_plus": 0.009285711583377862
    },
    "t0_C2": {
      "median": 2.7011952773273666,
      "lower": 2.634730831884087,
      "upper": 2.77396466559612,
      "err_minus": 0.06646444544327945,
      "err_plus": 0.07276938826875323
    },
    "zeta_C2": {
      "median": 0.6529497085281604,
      "lower": 0.5927959550429153,
      "upper": 0.7174862100894358,
      "err_minus": 0.0601537534852451,
      "err_plus": 0.06453650156127544
    },
    "delta_dm_C": {
      "median": -0.007468699468063278,
      "lower": -0.010000063632865874,
      "upper": -0.00496481116070413,
      "err_minus": 0.0025313641648025964,
      "err_plus": 0.002503888307359148
    },
    "t0_D1": {
      "median": 0.9186750277333049,
      "lower": 0.9158796415048531,
      "upper": 0.9213395669915334,
      "err_minus": 0.0027953862284517683,
      "err_plus": 0.0026645392582285155
    },
    "zeta_D1": {
      "median": 0.002039874495025356,
      "lower": 0.00028009270267559025,
      "upper": 0.013146595616570876,
      "err_minus": 0.0017597817923497656,
      "err_plus": 0.01110672112154552
    },
    "delta_dm_D": {
      "median": -0.002122470124369613,
      "lower": -0.010515077385491622,
      "upper": 0.0057346038956680445,
      "err_minus": 0.00839260726112201,
      "err_plus": 0.007857074020037658
    }
  },
  "ncall": 996171
}