{
  "burst": "oran",
  "marginalize_gain": true,
  "marginalize_gain_gp": false,
  "shared_zeta": false,
  "alpha": {
    "median": 2.6625835933429816,
    "err_minus": 0.18027994044522266,
    "err_plus": 0.16060380275256225
  },
  "tau_1ghz": {
    "median": 0.7264947759518551,
    "err_minus": 0.04965637523924882,
    "err_plus": 0.04839955936036633
  },
  "log_evidence": 25046.705771770132,
  "log_evidence_err": 0.4740407743183747,
  "alpha_bounds": [
    1.0,
    6.0
  ],
  "components_C": 2,
  "components_D": 1,
  "gain_s2": null,
  "pbf_C": "exp",
  "pbf_D": "exp",
  "beta_C": 3.6666666666666665,
  "beta_D": 3.6666666666666665,
  "percentiles": {
    "tau_1ghz": {
      "median": 0.7264947759518551,
      "lower": 0.6768384007126063,
      "upper": 0.7748943353122214,
      "err_minus": 0.04965637523924882,
      "err_plus": 0.04839955936036633
    },
    "alpha": {
      "median": 2.6625835933429816,
      "lower": 2.482303652897759,
      "upper": 2.823187396095544,
      "err_minus": 0.18027994044522266,
      "err_plus": 0.16060380275256225
    },
    "t0_C1": {
      "median": 19.695815225765326,
      "lower": 19.66567764928145,
      "upper": 19.764854659011835,
      "err_minus": 0.030137576483877382,
      "err_plus": 0.06903943324650896
    },
    "zeta_C1": {
      "median": 5.38626298999098,
      "lower": 5.198997004305698,
      "upper": 5.58729939604576,
      "err_minus": 0.18726598568528185,
      "err_plus": 0.20103640605478024
    },
    "t0_C2": {
      "median": 20.86623400353139,
      "lower": 20.613546667381197,
      "upper": 21.104168904860863,
      "err_minus": 0.252687336150192,
      "err_plus": 0.23793490132947426
    },
    "zeta_C2": {
      "median": 4.448040399331413,
      "lower": 4.299468044670889,
      "upper": 4.587239751092102,
      "err_minus": 0.14857235466052376,
      "err_plus": 0.13919935176068865
    },
    "delta_dm_C": {
      "median": -0.6022867924975444,
      "lower": -0.652491219827624,
      "upper": -0.5509091080654329,
      "err_minus": 0.05020442733007968,
      "err_plus": 0.05137768443211144
    },
    "t0_D1": {
      "median": 0.38362548365865834,
      "lower": 0.37100452823477426,
      "upper": 0.3965482921758543,
      "err_minus": 0.012620955423884084,
      "err_plus": 0.01292280851719596
    },
    "zeta_D1": {
      "median": 0.06331225805239943,
      "lower": 0.05488888447186022,
      "upper": 0.07245337883923995,
      "err_minus": 0.008423373580539205,
      "err_plus": 0.009141120786840526
    },
    "delta_dm_D": {
      "median": 0.05341751287313201,
      "lower": 0.019206630807332203,
      "upper": 0.08890733182786903,
      "err_minus": 0.03421088206579981,
      "err_plus": 0.03548981895473702
    }
  },
  "ncall": 1052045
}