{
  "burst": "phineas",
  "marginalize_gain": true,
  "marginalize_gain_gp": false,
  "shared_zeta": false,
  "alpha": {
    "median": 3.320325180826794,
    "err_minus": 0.06352985616480566,
    "err_plus": 0.06031063689824334
  },
  "tau_1ghz": {
    "median": 0.30183486547951716,
    "err_minus": 0.00655893404541813,
    "err_plus": 0.00636568982261021
  },
  "log_evidence": 22379.06714599961,
  "log_evidence_err": 0.6185068109603064,
  "alpha_bounds": [
    1.0,
    6.0
  ],
  "components_C": 3,
  "components_D": 3,
  "gain_s2": null,
  "pbf_C": "exp",
  "pbf_D": "exp",
  "beta_C": 3.6666666666666665,
  "beta_D": 3.6666666666666665,
  "percentiles": {
    "tau_1ghz": {
      "median": 0.30183486547951716,
      "lower": 0.295275931434099,
      "upper": 0.30820055530212737,
      "err_minus": 0.00655893404541813,
      "err_plus": 0.00636568982261021
    },
    "alpha": {
      "median": 3.320325180826794,
      "lower": 3.2567953246619883,
      "upper": 3.3806358177250373,
      "err_minus": 0.06352985616480566,
      "err_plus": 0.06031063689824334
    },
    "t0_C1": {
      "median": 7.904739764894277,
      "lower": 7.8851473245103705,
      "upper": 7.924922487882473,
      "err_minus": 0.019592440383906506,
      "err_plus": 0.020182722988195678
    },
    "zeta_C1": {
      "median": 0.16464308194050448,
      "lower": 0.13990258738078648,
      "upper": 0.1909686214091711,
      "err_minus": 0.024740494559717996,
      "err_plus": 0.026325539468666614
    },
    "t0_C2": {
      "median": 9.34604811112304,
      "lower": 9.22488486188621,
      "upper": 9.45352068955421,
      "err_minus": 0.12116324923682953,
      "err_plus": 0.10747257843117097
    },
    "zeta_C2": {
      "median": 0.930421329890026,
      "lower": 0.8311713326022964,
      "upper": 1.0228310464192465,
      "err_minus": 0.09924999728772965,
      "err_plus": 0.09240971652922048
    },
    "t0_C3": {
      "median": 11.645356782614916,
      "lower": 11.311343376080819,
      "upper": 12.02465630121017,
      "err_minus": 0.3340134065340976,
      "err_plus": 0.37929951859525346
    },
    "zeta_C3": {
      "median": 2.166887794145041,
      "lower": 1.9172926572969828,
      "upper": 2.376235423424355,
      "err_minus": 0.249595136848058,
      "err_plus": 0.20934762927931416
    },
    "delta_dm_C": {
      "median": -0.006916125787988392,
      "lower": -0.014069046416032904,
      "upper": 9.587593802962147e-05,
      "err_minus": 0.007152920628044512,
      "err_plus": 0.007012001726018013
    },
    "t0_D1": {
      "median": -0.410671057720684,
      "lower": -4.032251006952503,
      "upper": 1.6030095546541627,
      "err_minus": 3.621579949231819,
      "err_plus": 2.0136806123748467
    },
    "zeta_D1": {
      "median": 15.277566480583628,
      "lower": 11.811328255756301,
      "upper": 19.961834076919995,
      "err_minus": 3.466238224827327,
      "err_plus": 4.684267596336367
    },
    "t0_D2": {
      "median": 2.497131996177016,
      "lower": 2.496369677252485,
      "upper": 2.497907609627859,
      "err_minus": 0.0007623189245311579,
      "err_plus": 0.0007756134508429824
    },
    "zeta_D2": {
      "median": 0.03472962175319711,
      "lower": 0.03416133607996154,
      "upper": 0.03532992179048968,
      "err_minus": 0.0005682856732355732,
      "err_plus": 0.0006003000372925699
    },
    "t0_D3": {
      "median": 3.817510746720398,
      "lower": 3.809912603139505,
      "upper": 3.825246659224314,
      "err_minus": 0.0075981435808927245,
      "err_plus": 0.0077359125039162535
    },
    "zeta_D3": {
      "median": 0.19004473262927649,
      "lower": 0.18119655015341576,
      "upper": 0.1989591754247126,
      "err_minus": 0.008848182475860722,
      "err_plus": 0.0089144427954361
    },
    "delta_dm_D": {
      "median": -0.06257930410973955,
      "lower": -0.06441482135499399,
      "upper": -0.060605887862571706,
      "err_minus": 0.0018355172452544366,
      "err_plus": 0.0019734162471678474
    }
  },
  "ncall": 1820170
}