{
  "burst": "wilhelm",
  "marginalize_gain": false,
  "marginalize_gain_gp": false,
  "shared_zeta": true,
  "alpha": {
    "median": 2.5572297431514692,
    "err_minus": 0.03892065006534917,
    "err_plus": 0.038711293043656614
  },
  "tau_1ghz": {
    "median": 0.2510924218489369,
    "err_minus": 0.0034027398237227724,
    "err_plus": 0.0033295101514109193
  },
  "log_evidence": -1922.8652673176766,
  "log_evidence_err": 0.5162350455651801,
  "alpha_bounds": [
    1.0,
    6.0
  ],
  "components_C": 1,
  "components_D": 1,
  "gain_s2": null,
  "pbf_C": "exp",
  "pbf_D": "exp",
  "beta_C": 3.6666666666666665,
  "beta_D": 3.6666666666666665,
  "percentiles": {
    "tau_1ghz": {
      "median": 0.2510924218489369,
      "lower": 0.2476896820252141,
      "upper": 0.2544219320003478,
      "err_minus": 0.0034027398237227724,
      "err_plus": 0.0033295101514109193
    },
    "alpha": {
      "median": 2.5572297431514692,
      "lower": 2.51830909308612,
      "upper": 2.595941036195126,
      "err_minus": 0.03892065006534917,
      "err_plus": 0.038711293043656614
    },
    "zeta_1ghz": {
      "median": 0.09728331430885331,
      "lower": 0.09553529584001846,
      "upper": 0.09910468072070672,
      "err_minus": 0.00174801846883485,
      "err_plus": 0.0018213664118534034
    },
    "x_zeta": {
      "median": -1.1882101009872974,
      "lower": -1.2422928118497487,
      "upper": -1.1334819083785876,
      "err_minus": 0.05408271086245131,
      "err_plus": 0.05472819260870976
    },
    "t0_C": {
      "median": 2.4552571220366772,
      "lower": 2.4461662563899083,
      "upper": 2.4638053889831966,
      "err_minus": 0.009090865646768975,
      "err_plus": 0.008548266946519334
    },
    "delta_dm_C": {
      "median": -0.00438331940502934,
      "lower": -0.008285895202284621,
      "upper": -0.0004788438753990931,
      "err_minus": 0.003902575797255281,
      "err_plus": 0.003904475529630247
    },
    "t0_D": {
      "median": 0.5784585734020955,
      "lower": 0.5776615536869207,
      "upper": 0.5792248863375922,
      "err_minus": 0.0007970197151747627,
      "err_plus": 0.0007663129354966713
    },
    "delta_dm_D": {
      "median": 0.023279694889879465,
      "lower": 0.021440785629131653,
      "upper": 0.02505038869015408,
      "err_minus": 0.001838909260747812,
      "err_plus": 0.0017706938002746142
    }
  },
  "ncall": 931936,
  "gain_recovered": true
}