{
  "burst": "zach",
  "marginalize_gain": true,
  "marginalize_gain_gp": false,
  "shared_zeta": false,
  "alpha": {
    "median": 2.403275395975567,
    "err_minus": 0.021526041393967965,
    "err_plus": 0.021820343739177517
  },
  "tau_1ghz": {
    "median": 0.68512723761871,
    "err_minus": 0.00853459995780348,
    "err_plus": 0.00885924121119519
  },
  "log_evidence": 37991.11438323018,
  "log_evidence_err": 0.6694227719735212,
  "alpha_bounds": [
    1.5,
    6.0
  ],
  "components_C": 2,
  "components_D": 3,
  "gain_s2": 1.0,
  "pbf_C": "exp",
  "pbf_D": "exp",
  "beta_C": 3.6666666666666665,
  "beta_D": 3.6666666666666665,
  "percentiles": {
    "tau_1ghz": {
      "median": 0.68512723761871,
      "lower": 0.6765926376609065,
      "upper": 0.6939864788299052,
      "err_minus": 0.00853459995780348,
      "err_plus": 0.00885924121119519
    },
    "alpha": {
      "median": 2.403275395975567,
      "lower": 2.381749354581599,
      "upper": 2.4250957397147443,
      "err_minus": 0.021526041393967965,
      "err_plus": 0.021820343739177517
    },
    "t0_C1": {
      "median": 13.279997447726096,
      "lower": 13.278619045993128,
      "upper": 13.281406212720896,
      "err_minus": 0.0013784017329676601,
      "err_plus": 0.0014087649947995828
    },
    "zeta_C1": {
      "median": 0.0943355448457196,
      "lower": 0.09333676240362154,
      "upper": 0.09534218023141425,
      "err_minus": 0.0009987824420980562,
      "err_plus": 0.0010066353856946486
    },
    "t0_C2": {
      "median": 13.675740635233463,
      "lower": 13.665299767164878,
      "upper": 13.68635153785641,
      "err_minus": 0.010440868068585019,
      "err_plus": 0.010610902622946838
    },
    "zeta_C2": {
      "median": 0.4539889507815471,
      "lower": 0.44660157619966573,
      "upper": 0.4617816702006273,
      "err_minus": 0.0073873745818813785,
      "err_plus": 0.0077927194190802185
    },
    "delta_dm_C": {
      "median": -0.002537455713088832,
      "lower": -0.003037048607765769,
      "upper": -0.0020350293721591584,
      "err_minus": 0.0004995928946769368,
      "err_plus": 0.0005024263409296736
    },
    "t0_D1": {
      "median": 9.53551681482778,
      "lower": 9.532222852254115,
      "upper": 9.538718019860987,
      "err_minus": 0.003293962573664544,
      "err_plus": 0.0032012050332070885
    },
    "zeta_D1": {
      "median": 0.05414016103186785,
      "lower": 0.052214427694678635,
      "upper": 0.05613084947548053,
      "err_minus": 0.001925733337189213,
      "err_plus": 0.0019906884436126857
    },
    "t0_D2": {
      "median": 9.739229017927402,
      "lower": 9.73354839032318,
      "upper": 9.748763147978176,
      "err_minus": 0.005680627604220945,
      "err_plus": 0.009534130050774081
    },
    "zeta_D2": {
      "median": 0.14083219774328426,
      "lower": 0.13147284348514657,
      "upper": 0.15011323965556558,
      "err_minus": 0.009359354258137692,
      "err_plus": 0.009281041912281324
    },
    "t0_D3": {
      "median": 11.88237609658923,
      "lower": 11.87071864987725,
      "upper": 11.893842870879663,
      "err_minus": 0.011657446711978992,
      "err_plus": 0.01146677429043308
    },
    "zeta_D3": {
      "median": 0.28815521948996053,
      "lower": 0.2772210998568614,
      "upper": 0.29950767133871975,
      "err_minus": 0.010934119633099149,
      "err_plus": 0.011352451848759215
    },
    "delta_dm_D": {
      "median": -0.046657035165722505,
      "lower": -0.054982309658704764,
      "upper": -0.03813190451108284,
      "err_minus": 0.00832527449298226,
      "err_plus": 0.008525130654639668
    }
  },
  "ncall": 2428868
}