{
  "burst": "zach",
  "marginalize_gain": true,
  "marginalize_gain_gp": false,
  "shared_zeta": false,
  "alpha": {
    "median": 3.3186217961857993,
    "err_minus": 0.013072940638645392,
    "err_plus": 0.013143940948654897
  },
  "tau_1ghz": {
    "median": 0.4162924928320628,
    "err_minus": 0.002995368335685089,
    "err_plus": 0.0029930319564947516
  },
  "log_evidence": 32962.383937056744,
  "log_evidence_err": 0.5435019005366735,
  "alpha_bounds": [
    1.5,
    6.0
  ],
  "components_C": 1,
  "components_D": 1,
  "gain_s2": null,
  "pbf_C": "exp",
  "pbf_D": "exp",
  "beta_C": 3.6666666666666665,
  "beta_D": 3.6666666666666665,
  "percentiles": {
    "tau_1ghz": {
      "median": 0.4162924928320628,
      "lower": 0.41329712449637773,
      "upper": 0.4192855247885576,
      "err_minus": 0.002995368335685089,
      "err_plus": 0.0029930319564947516
    },
    "alpha": {
      "median": 3.3186217961857993,
      "lower": 3.305548855547154,
      "upper": 3.3317657371344542,
      "err_minus": 0.013072940638645392,
      "err_plus": 0.013143940948654897
    },
    "t0_C1": {
      "median": 13.24811990884135,
      "lower": 13.247006882034015,
      "upper": 13.249192918611747,
      "err_minus": 0.0011130268073351601,
      "err_plus": 0.0010730097703977037
    },
    "zeta_C1": {
      "median": 0.10267686079845417,
      "lower": 0.10174839016368671,
      "upper": 0.1036621943178996,
      "err_minus": 0.0009284706347674615,
      "err_plus": 0.0009853335194454221
    },
    "delta_dm_C": {
      "median": 0.010424498093719592,
      "lower": 0.010125869101898388,
      "upper": 0.010719240276614528,
      "err_minus": 0.0002986289918212037,
      "err_plus": 0.0002947421828949359
    },
    "t0_D1": {
      "median": 9.554317227358645,
      "lower": 9.551489466224105,
      "upper": 9.557221748668127,
      "err_minus": 0.0028277611345401965,
      "err_plus": 0.0029045213094818223
    },
    "zeta_D1": {
      "median": 0.05820451216533277,
      "lower": 0.056593124549267425,
      "upper": 0.05971582798248572,
      "err_minus": 0.0016113876160653434,
      "err_plus": 0.0015113158171529487
    },
    "delta_dm_D": {
      "median": -0.07061257309346303,
      "lower": -0.07825899477712284,
      "upper": -0.06297606109695408,
      "err_minus": 0.00764642168365981,
      "err_plus": 0.007636511996508943
    }
  },
  "ncall": 1074464
}