{
  "burst": "zach",
  "marginalize_gain": true,
  "marginalize_gain_gp": false,
  "shared_zeta": false,
  "alpha": {
    "median": 4.589662253705831,
    "err_minus": 0.03875072875454055,
    "err_plus": 0.04175311842694818
  },
  "tau_1ghz": {
    "median": 0.25219568375568535,
    "err_minus": 0.00435793641197435,
    "err_plus": 0.004188331178371696
  },
  "log_evidence": 35694.214467458834,
  "log_evidence_err": 0.5953386698276273,
  "alpha_bounds": [
    1.5,
    6.0
  ],
  "components_C": 2,
  "components_D": 3,
  "gain_s2": null,
  "pbf_C": "exp",
  "pbf_D": "exp",
  "beta_C": 3.6666666666666665,
  "beta_D": 3.6666666666666665,
  "percentiles": {
    "tau_1ghz": {
      "median": 0.25219568375568535,
      "lower": 0.247837747343711,
      "upper": 0.25638401493405705,
      "err_minus": 0.00435793641197435,
      "err_plus": 0.004188331178371696
    },
    "alpha": {
      "median": 4.589662253705831,
      "lower": 4.550911524951291,
      "upper": 4.631415372132779,
      "err_minus": 0.03875072875454055,
      "err_plus": 0.04175311842694818
    },
    "t0_C1": {
      "median": 13.259254452247667,
      "lower": 13.258153335569308,
      "upper": 13.260410783510029,
      "err_minus": 0.0011011166783596593,
      "err_plus": 0.0011563312623614763
    },
    "zeta_C1": {
      "median": 0.09839465702194698,
      "lower": 0.09744803702489484,
      "upper": 0.0993264269624531,
      "err_minus": 0.000946619997052145,
      "err_plus": 0.0009317699405061164
    },
    "t0_C2": {
      "median": 19.048480335164673,
      "lower": 18.992380346075333,
      "upper": 19.103395030622696,
      "err_minus": 0.056099989089339886,
      "err_plus": 0.05491469545802374
    },
    "zeta_C2": {
      "median": 2.146348970715568,
      "lower": 2.086935712227537,
      "upper": 2.2090869207667576,
      "err_minus": 0.05941325848803114,
      "err_plus": 0.06273795005118954
    },
    "delta_dm_C": {
      "median": 0.0064252062971803525,
      "lower": 0.006096000044706784,
      "upper": 0.0067312404864097175,
      "err_minus": 0.0003292062524735684,
      "err_plus": 0.000306034189229365
    },
    "t0_D1": {
      "median": -10.005892453883899,
      "lower": -26.11966596595996,
      "upper": 1.4194405779852133,
      "err_minus": 16.11377351207606,
      "err_plus": 11.425333031869112
    },
    "zeta_D1": {
      "median": 44.263910710136344,
      "lower": 17.452790045653774,
      "upper": 210.1048347512407,
      "err_minus": 26.81112066448257,
      "err_plus": 165.84092404110436
    },
    "t0_D2": {
      "median": 9.599360672332589,
      "lower": 9.596217740445256,
      "upper": 9.602680306285459,
      "err_minus": 0.0031429318873321677,
      "err_plus": 0.003319633952870049
    },
    "zeta_D2": {
      "median": 0.09027988597163494,
      "lower": 0.08865420311645845,
      "upper": 0.09191895459228948,
      "err_minus": 0.0016256828551764885,
      "err_plus": 0.0016390686206545352
    },
    "t0_D3": {
      "median": 12.085413202056838,
      "lower": 12.074333098872298,
      "upper": 12.095974384583915,
      "err_minus": 0.01108010318453978,
      "err_plus": 0.010561182527077051
    },
    "zeta_D3": {
      "median": 0.3576905456271539,
      "lower": 0.3481942262021666,
      "upper": 0.3678030444485858,
      "err_minus": 0.009496319424987298,
      "err_plus": 0.010112498821431892
    },
    "delta_dm_D": {
      "median": -0.0818156933994274,
      "lower": -0.09027249254771164,
      "upper": -0.0738651628598248,
      "err_minus": 0.008456799148284233,
      "err_plus": 0.007950530539602596
    }
  },
  "ncall": 1772919
}