{
  "burst": "zach",
  "marginalize_gain": true,
  "marginalize_gain_gp": false,
  "shared_zeta": false,
  "alpha": {
    "median": 2.7607571874974832,
    "err_minus": 0.015431538708671866,
    "err_plus": 0.015103820778962884
  },
  "tau_1ghz": {
    "median": 0.5556075434891306,
    "err_minus": 0.00472734178800327,
    "err_plus": 0.005094480996122308
  },
  "log_evidence": 37659.38036888708,
  "log_evidence_err": 0.6283930440934701,
  "alpha_bounds": [
    1.5,
    6.0
  ],
  "components_C": 2,
  "components_D": 2,
  "gain_s2": 10.0,
  "pbf_C": "exp",
  "pbf_D": "exp",
  "beta_C": 3.6666666666666665,
  "beta_D": 3.6666666666666665,
  "percentiles": {
    "tau_1ghz": {
      "median": 0.5556075434891306,
      "lower": 0.5508802017011273,
      "upper": 0.5607020244852529,
      "err_minus": 0.00472734178800327,
      "err_plus": 0.005094480996122308
    },
    "alpha": {
      "median": 2.7607571874974832,
      "lower": 2.7453256487888114,
      "upper": 2.775861008276446,
      "err_minus": 0.015431538708671866,
      "err_plus": 0.015103820778962884
    },
    "t0_C1": {
      "median": 13.285062274156505,
      "lower": 13.283646185979237,
      "upper": 13.286526447932012,
      "err_minus": 0.0014160881772689038,
      "err_plus": 0.0014641737755063389
    },
    "zeta_C1": {
      "median": 0.09268924311707812,
      "lower": 0.09166574182193589,
      "upper": 0.09371209494404761,
      "err_minus": 0.0010235012951422262,
      "err_plus": 0.001022851826969498
    },
    "t0_C2": {
      "median": 13.62578571806677,
      "lower": 13.615635532667572,
      "upper": 13.636352382821393,
      "err_minus": 0.010150185399197653,
      "err_plus": 0.010566664754623645
    },
    "zeta_C2": {
      "median": 0.4115312965622356,
      "lower": 0.40433548709415834,
      "upper": 0.4186906359282286,
      "err_minus": 0.007195809468077241,
      "err_plus": 0.0071593393659930005
    },
    "delta_dm_C": {
      "median": -0.004207914946483982,
      "lower": -0.004734795749882892,
      "upper": -0.0036879309485655654,
      "err_minus": 0.0005268808033989103,
      "err_plus": 0.0005199839979184162
    },
    "t0_D1": {
      "median": 9.529187759608632,
      "lower": 9.526181341116434,
      "upper": 9.532321064038456,
      "err_minus": 0.003006418492198293,
      "err_plus": 0.0031333044298236246
    },
    "zeta_D1": {
      "median": 0.042475150924704046,
      "lower": 0.04076182266088251,
      "upper": 0.04423900106882053,
      "err_minus": 0.0017133282638215341,
      "err_plus": 0.001763850144116487
    },
    "t0_D2": {
      "median": 11.937353241499396,
      "lower": 11.926589076423001,
      "upper": 11.947906314398042,
      "err_minus": 0.010764165076395216,
      "err_plus": 0.010553072898645155
    },
    "zeta_D2": {
      "median": 0.3125027018123358,
      "lower": 0.30167551020053146,
      "upper": 0.32347496450688124,
      "err_minus": 0.010827191611804343,
      "err_plus": 0.010972262694545432
    },
    "delta_dm_D": {
      "median": -0.051148316243818215,
      "lower": -0.05934413293383756,
      "upper": -0.04304031429690269,
      "err_minus": 0.008195816690019342,
      "err_plus": 0.008108001946915522
    }
  },
  "ncall": 1839898
}