{
  "burst": "zach",
  "marginalize_gain": true,
  "marginalize_gain_gp": false,
  "shared_zeta": false,
  "alpha": {
    "median": 2.7612771078750455,
    "err_minus": 0.015542515757498432,
    "err_plus": 0.01585224149089992
  },
  "tau_1ghz": {
    "median": 0.5556209556929445,
    "err_minus": 0.0052466481605344395,
    "err_plus": 0.005039029448276833
  },
  "log_evidence": 37594.3474728031,
  "log_evidence_err": 0.6578265512336047,
  "alpha_bounds": [
    1.5,
    6.0
  ],
  "components_C": 2,
  "components_D": 2,
  "gain_s2": 100.0,
  "pbf_C": "exp",
  "pbf_D": "exp",
  "beta_C": 3.6666666666666665,
  "beta_D": 3.6666666666666665,
  "percentiles": {
    "tau_1ghz": {
      "median": 0.5556209556929445,
      "lower": 0.55037430753241,
      "upper": 0.5606599851412213,
      "err_minus": 0.0052466481605344395,
      "err_plus": 0.005039029448276833
    },
    "alpha": {
      "median": 2.7612771078750455,
      "lower": 2.745734592117547,
      "upper": 2.7771293493659455,
      "err_minus": 0.015542515757498432,
      "err_plus": 0.01585224149089992
    },
    "t0_C1": {
      "median": 13.285109179723204,
      "lower": 13.283719887027896,
      "upper": 13.286545790955138,
      "err_minus": 0.0013892926953076312,
      "err_plus": 0.0014366112319343927
    },
    "zeta_C1": {
      "median": 0.09272356620920111,
      "lower": 0.09175889982589253,
      "upper": 0.09375810167023609,
      "err_minus": 0.0009646663833085822,
      "err_plus": 0.0010345354610349772
    },
    "t0_C2": {
      "median": 13.624860333471474,
      "lower": 13.614761145757459,
      "upper": 13.634972754163492,
      "err_minus": 0.0100991877140153,
      "err_plus": 0.010112420692017565
    },
    "zeta_C2": {
      "median": 0.4112173005318376,
      "lower": 0.4040147781836499,
      "upper": 0.41838412656152774,
      "err_minus": 0.00720252234818769,
      "err_plus": 0.007166826029690154
    },
    "delta_dm_C": {
      "median": -0.004218436058778252,
      "lower": -0.004728212057749204,
      "upper": -0.0037051599806972035,
      "err_minus": 0.0005097759989709516,
      "err_plus": 0.0005132760780810486
    },
    "t0_D1": {
      "median": 9.529320934999028,
      "lower": 9.526434182966135,
      "upper": 9.532356777799585,
      "err_minus": 0.002886752032893014,
      "err_plus": 0.0030358428005570204
    },
    "zeta_D1": {
      "median": 0.04243171194302111,
      "lower": 0.04069214107118095,
      "upper": 0.04426299820659709,
      "err_minus": 0.0017395708718401584,
      "err_plus": 0.001831286263575982
    },
    "t0_D2": {
      "median": 11.937125425123385,
      "lower": 11.926421933250092,
      "upper": 11.9480350728673,
      "err_minus": 0.010703491873293558,
      "err_plus": 0.01090964774391523
    },
    "zeta_D2": {
      "median": 0.3125436782139534,
      "lower": 0.3019434572448203,
      "upper": 0.3239886254255047,
      "err_minus": 0.0106002209691331,
      "err_plus": 0.011444947211551315
    },
    "delta_dm_D": {
      "median": -0.051558745380354765,
      "lower": -0.05953968350465999,
      "upper": -0.04359537332801722,
      "err_minus": 0.007980938124305226,
      "err_plus": 0.007963372052337547
    }
  },
  "ncall": 1810499
}