{
    "best_model": "fit_sn_tpl_power",
    "components": {
        "scint_scale": {
            "power_law_fit_report": [
                1.0,
                4.0
            ],
            "scaling_index": 4.0,
            "scaling_index_err": 0.0,
            "bw_at_ref_mhz": 324928500625.0006,
            "bw_at_ref_mhz_err": 0.0,
            "subband_measurements": [],
            "scaling_interpretation": "Kolmogorov with inner scale effects (\u03b1 = 4.00 \u00b1 0.00) - consistent with Bhat et al. 2004 global fit (\u03b1 \u2248 3.9), suggests inner scale l_i ~ 300-800 km"
        }
    },
    "fit_2d": {
        "gamma_0": 2.623630157158276,
        "gamma_0_err": 1.1459692607994865,
        "alpha": 7.9622801168529715,
        "alpha_err": 13.564287259912525,
        "m_0": 1.0,
        "m_0_err": 8.102419758372088e-10,
        "nu_ref": 757.465665291628,
        "redchi": 5.251936734492664,
        "success": true
    }
}