{
    "220207aabh": {
        "mjds": 59617.80850364017,
        "snr": 59.9635,
        "ibox": 2,
        "dm": 263.0,
        "ibeam": 135,
        "cntb": 6,
        "cntc": 492,
        "specnum": 106741952,
        "ra": 310.8033379231398,
        "dec": 71.55298862293469
    }
}
