{
  "burst": "chromatica",
  "alpha": 3.284821805761527,
  "tau_1ghz": 0.19572567007896322,
  "chi2_chime": 1.1355793532912266,
  "chi2_dsa": 1.1563840268482357
}