{
  "burst": "chromatica",
  "chi2_reduced": 1.1563840268482357,
  "chi2_chime": 1.1355793532912266,
  "chi2_dsa": 1.1563840268482357,
  "tau": 0.19572567007896322,
  "alpha": 3.284821805761527,
  "alpha_railed": false,
  "quality_flag": "MARGINAL",
  "notes": [
    "L3 alpha=3.28 off Kolmogorov"
  ]
}