{
  "burst": "chromatica",
  "alpha": {
    "median": 5.998641181041451,
    "err_minus": 0.0020649944827813016,
    "err_plus": 0.0010243018957982741
  },
  "tau_1ghz": {
    "median": 0.02494037761763325,
    "err_minus": 0.00018511078700194153,
    "err_plus": 0.00019033927906086587
  },
  "log_evidence": -44072.3206368097,
  "log_evidence_err": 0.6253449778843742,
  "alpha_bounds": [
    1.0,
    6.0
  ],
  "percentiles": {
    "tau_1ghz": {
      "median": 0.02494037761763325,
      "lower": 0.024755266830631308,
      "upper": 0.025130716896694116,
      "err_minus": 0.00018511078700194153,
      "err_plus": 0.00019033927906086587
    },
    "alpha": {
      "median": 5.998641181041451,
      "lower": 5.99657618655867,
      "upper": 5.9996654829372495,
      "err_minus": 0.0020649944827813016,
      "err_plus": 0.0010243018957982741
    },
    "c0_C": {
      "median": 0.7191250726723266,
      "lower": 0.7166210947004483,
      "upper": 0.7216406852141273,
      "err_minus": 0.0025039779718782906,
      "err_plus": 0.0025156125418006603
    },
    "t0_C": {
      "median": 28.462999264053842,
      "lower": 28.45862862443727,
      "upper": 28.46776530276479,
      "err_minus": 0.004370639616571026,
      "err_plus": 0.0047660387109473845
    },
    "gamma_C": {
      "median": -3.7438361424221593,
      "lower": -3.756938713209487,
      "upper": -3.7315893461630787,
      "err_minus": 0.013102570787327572,
      "err_plus": 0.01224679625908065
    },
    "zeta_C": {
      "median": 0.5140863548675302,
      "lower": 0.5106031879778392,
      "upper": 0.5175564351213972,
      "err_minus": 0.0034831668896909695,
      "err_plus": 0.0034700802538669695
    },
    "delta_dm_C": {
      "median": -0.0085595972925816,
      "lower": -0.009192080711549977,
      "upper": -0.007943643770488507,
      "err_minus": 0.000632483418968377,
      "err_plus": 0.0006159535220930934
    },
    "c0_D": {
      "median": 0.10692896795727562,
      "lower": 0.10477197928951607,
      "upper": 0.10915719828957361,
      "err_minus": 0.0021569886677595546,
      "err_plus": 0.0022282303322979924
    },
    "t0_D": {
      "median": 28.53661426408516,
      "lower": 28.529455028382117,
      "upper": 28.543882591733688,
      "err_minus": 0.007159235703042555,
      "err_plus": 0.007268327648528583
    },
    "gamma_D": {
      "median": -4.976091852318037,
      "lower": -4.9937202567594206,
      "upper": -4.937224458484184,
      "err_minus": 0.017628404441383694,
      "err_plus": 0.03886739383385329
    },
    "zeta_D": {
      "median": 0.12483044981846843,
      "lower": 0.12162947407806556,
      "upper": 0.12819401295778746,
      "err_minus": 0.0032009757404028727,
      "err_plus": 0.0033635631393190285
    },
    "delta_dm_D": {
      "median": 0.2711714546167556,
      "lower": 0.25368345602790754,
      "upper": 0.2882556359268591,
      "err_minus": 0.017487998588848086,
      "err_plus": 0.017084181310103475
    }
  },
  "ncall": 1647899
}