{
  "burst": "chromatica",
  "marginalize_gain": false,
  "marginalize_gain_gp": false,
  "shared_zeta": true,
  "alpha": {
    "median": 3.284821805761527,
    "err_minus": 0.040755855928815254,
    "err_plus": 0.040539797299121716
  },
  "tau_1ghz": {
    "median": 0.19572567007896322,
    "err_minus": 0.005351693176501193,
    "err_plus": 0.005432605600383167
  },
  "log_evidence": -8526.340046141344,
  "log_evidence_err": 0.5161143153398793,
  "alpha_bounds": [
    1.5,
    6.0
  ],
  "components_C": 1,
  "components_D": 1,
  "percentiles": {
    "tau_1ghz": {
      "median": 0.19572567007896322,
      "lower": 0.19037397690246202,
      "upper": 0.20115827567934638,
      "err_minus": 0.005351693176501193,
      "err_plus": 0.005432605600383167
    },
    "alpha": {
      "median": 3.284821805761527,
      "lower": 3.2440659498327116,
      "upper": 3.3253616030606485,
      "err_minus": 0.040755855928815254,
      "err_plus": 0.040539797299121716
    },
    "zeta_1ghz": {
      "median": 0.16536620568355528,
      "lower": 0.16180331706293044,
      "upper": 0.16851943253647317,
      "err_minus": 0.0035628886206248433,
      "err_plus": 0.003153226852917884
    },
    "x_zeta": {
      "median": -1.6893539707154148,
      "lower": -1.7238230144475661,
      "upper": -1.6552844839900525,
      "err_minus": 0.03446904373215132,
      "err_plus": 0.03406948672536236
    },
    "t0_C": {
      "median": 28.160903811822628,
      "lower": 28.155898124586212,
      "upper": 28.165995595299503,
      "err_minus": 0.005005687236415923,
      "err_plus": 0.005091783476874667
    },
    "delta_dm_C": {
      "median": 0.015393858583877318,
      "lower": 0.014634287395999479,
      "upper": 0.016133470772963676,
      "err_minus": 0.0007595711878778388,
      "err_plus": 0.0007396121890863583
    },
    "t0_D": {
      "median": 0.4988481541555587,
      "lower": 0.49282241169948593,
      "upper": 0.505222586262851,
      "err_minus": 0.006025742456072791,
      "err_plus": 0.006374432107292272
    },
    "delta_dm_D": {
      "median": 0.2510348734485319,
      "lower": 0.237063262957939,
      "upper": 0.26464295809375216,
      "err_minus": 0.013971610490592923,
      "err_plus": 0.013608084645220231
    }
  },
  "ncall": 929350,
  "gain_recovered": true
}