{
  "burst": "freya",
  "alpha": 4.355938198370946,
  "tau_1ghz": 0.11859163289550145,
  "chi2_chime": 1.298946402501231,
  "chi2_dsa": 1.0333237701505424
}