{
  "burst": "freya",
  "chi2_reduced": 1.298946402501231,
  "chi2_chime": 1.298946402501231,
  "chi2_dsa": 1.0333237701505424,
  "tau": 0.11859163289550145,
  "alpha": 4.355938198370946,
  "alpha_railed": false,
  "quality_flag": "PASS",
  "notes": [
    "all levels pass"
  ]
}