{
  "burst": "freya",
  "alpha": {
    "median": 5.995226536147882,
    "err_minus": 0.007991473548096373,
    "err_plus": 0.0036179196923882273
  },
  "tau_1ghz": {
    "median": 0.048651057808932516,
    "err_minus": 0.0033621334720589577,
    "err_plus": 0.0035522800337355054
  },
  "log_evidence": -164303.17381569883,
  "log_evidence_err": 0.560329870899154,
  "alpha_bounds": [
    1.0,
    6.0
  ],
  "percentiles": {
    "tau_1ghz": {
      "median": 0.048651057808932516,
      "lower": 0.04528892433687356,
      "upper": 0.05220333784266802,
      "err_minus": 0.0033621334720589577,
      "err_plus": 0.0035522800337355054
    },
    "alpha": {
      "median": 5.995226536147882,
      "lower": 5.987235062599786,
      "upper": 5.9988444558402705,
      "err_minus": 0.007991473548096373,
      "err_plus": 0.0036179196923882273
    },
    "c0_C": {
      "median": 0.7427531845841194,
      "lower": 0.734628742736269,
      "upper": 0.750600246958645,
      "err_minus": 0.008124441847850439,
      "err_plus": 0.007847062374525593
    },
    "t0_C": {
      "median": 39.47686194598979,
      "lower": 39.47577045170011,
      "upper": 39.47901704632155,
      "err_minus": 0.0010914942896818047,
      "err_plus": 0.0021551003317625828
    },
    "gamma_C": {
      "median": -0.9826367758808168,
      "lower": -1.0246745365609629,
      "upper": -0.9393351673969788,
      "err_minus": 0.042037760680146086,
      "err_plus": 0.04330160848383802
    },
    "zeta_C": {
      "median": 9.505067466191429,
      "lower": 9.3945821007265,
      "upper": 9.615840331472853,
      "err_minus": 0.11048536546492826,
      "err_plus": 0.11077286528142416
    },
    "delta_dm_C": {
      "median": -1.2212661880582871,
      "lower": -1.258941603109335,
      "upper": -1.1870957037899927,
      "err_minus": 0.03767541505104788,
      "err_plus": 0.03417048426829439
    },
    "c0_D": {
      "median": 0.29372504781708303,
      "lower": 0.28166442347626397,
      "upper": 0.30622957233314185,
      "err_minus": 0.01206062434081906,
      "err_plus": 0.012504524516058824
    },
    "t0_D": {
      "median": 36.853447440126104,
      "lower": 36.83983424568322,
      "upper": 36.882364472440315,
      "err_minus": 0.013613194442882559,
      "err_plus": 0.02891703231421161
    },
    "gamma_D": {
      "median": -4.937507493601862,
      "lower": -4.98484781355619,
      "upper": -4.834146556298458,
      "err_minus": 0.04734031995432808,
      "err_plus": 0.10336093730340412
    },
    "zeta_D": {
      "median": 4.092363263425501,
      "lower": 3.8899926353803203,
      "upper": 4.29926243341162,
      "err_minus": 0.20237062804518047,
      "err_plus": 0.20689916998611935
    },
    "delta_dm_D": {
      "median": -18.600399687456044,
      "lower": -18.993934673525594,
      "upper": -18.203037575795406,
      "err_minus": 0.3935349860695503,
      "err_plus": 0.3973621116606374
    }
  },
  "ncall": 1344005
}