{
  "burst": "hamilton",
  "alpha": 1.5043744216121044,
  "tau_1ghz": 0.07899074727879248,
  "chi2_chime": 3.6736914310913837,
  "chi2_dsa": 1.221822884323681
}