{
  "burst": "hamilton",
  "chi2_reduced": 3.6736914310913837,
  "chi2_chime": 3.6736914310913837,
  "chi2_dsa": 1.221822884323681,
  "tau": 0.07899074727879248,
  "alpha": 1.5043744216121044,
  "alpha_railed": true,
  "quality_flag": "FAIL",
  "notes": [
    "L3 alpha=1.50 unphysical"
  ]
}