{
  "burst": "hamilton",
  "alpha": {
    "median": 5.98985258576896,
    "err_minus": 0.016336845796432797,
    "err_plus": 0.0076287529872134385
  },
  "tau_1ghz": {
    "median": 0.004969769902862857,
    "err_minus": 6.007744989562202e-05,
    "err_plus": 6.167892369862444e-05
  },
  "log_evidence": -27010.170153776005,
  "log_evidence_err": 0.59205456540467,
  "alpha_bounds": [
    1.0,
    6.0
  ],
  "percentiles": {
    "tau_1ghz": {
      "median": 0.004969769902862857,
      "lower": 0.004909692452967235,
      "upper": 0.005031448826561482,
      "err_minus": 6.007744989562202e-05,
      "err_plus": 6.167892369862444e-05
    },
    "alpha": {
      "median": 5.98985258576896,
      "lower": 5.973515739972528,
      "upper": 5.997481338756174,
      "err_minus": 0.016336845796432797,
      "err_plus": 0.0076287529872134385
    },
    "c0_C": {
      "median": 0.12351792291755391,
      "lower": 0.12266886711223571,
      "upper": 0.12432868723552405,
      "err_minus": 0.0008490558053182024,
      "err_plus": 0.0008107643179701418
    },
    "t0_C": {
      "median": 28.644002908692876,
      "lower": 28.64382642600684,
      "upper": 28.644210804460165,
      "err_minus": 0.00017648268603664974,
      "err_plus": 0.00020789576728930115
    },
    "gamma_C": {
      "median": -1.8126561776647012,
      "lower": -1.8465109459286575,
      "upper": -1.778381897616085,
      "err_minus": 0.03385476826395628,
      "err_plus": 0.03427428004861621
    },
    "zeta_C": {
      "median": 0.0035719936628390834,
      "lower": 0.0034721868411782906,
      "upper": 0.0036749108183214583,
      "err_minus": 9.980682166079282e-05,
      "err_plus": 0.00010291715548237492
    },
    "delta_dm_C": {
      "median": -0.007971942444449098,
      "lower": -0.008068686265396252,
      "upper": -0.007897974464718516,
      "err_minus": 9.674382094715384e-05,
      "err_plus": 7.396797973058256e-05
    },
    "c0_D": {
      "median": 0.04862628539253271,
      "lower": 0.04683260081581699,
      "upper": 0.050534871837969696,
      "err_minus": 0.0017936845767157206,
      "err_plus": 0.0019085864454369827
    },
    "t0_D": {
      "median": 28.65515905737155,
      "lower": 28.647456932315322,
      "upper": 28.66295126766167,
      "err_minus": 0.007702125056226805,
      "err_plus": 0.007792210290119783
    },
    "gamma_D": {
      "median": -4.913643673640133,
      "lower": -4.976685659125526,
      "upper": -4.772916660117849,
      "err_minus": 0.06304198548539297,
      "err_plus": 0.14072701352228467
    },
    "zeta_D": {
      "median": 0.0841083909409221,
      "lower": 0.08034382555056324,
      "upper": 0.08800289573329774,
      "err_minus": 0.003764565390358854,
      "err_plus": 0.0038945047923756443
    },
    "delta_dm_D": {
      "median": 0.01566162580509456,
      "lower": -0.0030854078930317996,
      "upper": 0.03500009441560792,
      "err_minus": 0.01874703369812636,
      "err_plus": 0.01933846861051336
    }
  },
  "ncall": 1804667
}