{
  "burst": "isha",
  "alpha": {
    "median": 4.960585117191904,
    "err_minus": 2.5976099834456496,
    "err_plus": 0.849370381905115
  },
  "tau_1ghz": {
    "median": 0.3472058050693977,
    "err_minus": 0.22033094313970286,
    "err_plus": 0.23901745496708326
  },
  "log_evidence": -17543.339988283507,
  "log_evidence_err": 0.46061270656515996,
  "alpha_bounds": [
    1.0,
    6.0
  ],
  "percentiles": {
    "tau_1ghz": {
      "median": 0.3472058050693977,
      "lower": 0.12687486192969483,
      "upper": 0.586223260036481,
      "err_minus": 0.22033094313970286,
      "err_plus": 0.23901745496708326
    },
    "alpha": {
      "median": 4.960585117191904,
      "lower": 2.3629751337462546,
      "upper": 5.809955499097019,
      "err_minus": 2.5976099834456496,
      "err_plus": 0.849370381905115
    },
    "c0_C": {
      "median": 1.4508869083979534,
      "lower": 1.1866934450062623,
      "upper": 1.8103502280192172,
      "err_minus": 0.26419346339169114,
      "err_plus": 0.35946331962126377
    },
    "t0_C": {
      "median": 52.91118313223975,
      "lower": 50.36319974159747,
      "upper": 59.25884424674018,
      "err_minus": 2.5479833906422797,
      "err_plus": 6.347661114500433
    },
    "gamma_C": {
      "median": -4.821665425200819,
      "lower": -4.950802122027641,
      "upper": -4.579682145922591,
      "err_minus": 0.12913669682682194,
      "err_plus": 0.2419832792782275
    },
    "zeta_C": {
      "median": 87.35243939965676,
      "lower": 72.51055178888267,
      "upper": 107.22157027534224,
      "err_minus": 14.841887610774094,
      "err_plus": 19.869130875685485
    },
    "delta_dm_C": {
      "median": 7.867455708610869,
      "lower": 4.929354137343722,
      "upper": 10.989677200880742,
      "err_minus": 2.938101571267147,
      "err_plus": 3.1222214922698726
    },
    "c0_D": {
      "median": 0.02735083476363482,
      "lower": 0.02535668998984929,
      "upper": 0.02946541760076724,
      "err_minus": 0.0019941447737855285,
      "err_plus": 0.002114582837132419
    },
    "t0_D": {
      "median": 28.650446359654197,
      "lower": 28.637526398811602,
      "upper": 28.672068278902543,
      "err_minus": 0.012919960842594946,
      "err_plus": 0.021621919248346444
    },
    "gamma_D": {
      "median": 0.9480011235441443,
      "lower": -0.5018924411462118,
      "upper": 2.3857467771307803,
      "err_minus": 1.4498935646903561,
      "err_plus": 1.437745653586636
    },
    "zeta_D": {
      "median": 0.04780950492777844,
      "lower": 0.034848912039740124,
      "upper": 0.06335661809538418,
      "err_minus": 0.012960592888038316,
      "err_plus": 0.015547113167605736
    },
    "delta_dm_D": {
      "median": -0.1384853694139565,
      "lower": -0.17804042458556069,
      "upper": -0.1009356070482994,
      "err_minus": 0.03955505517160418,
      "err_plus": 0.0375497623656571
    }
  },
  "ncall": 939290
}