{
  "burst": "isha",
  "marginalize_gain": false,
  "marginalize_gain_gp": false,
  "shared_zeta": true,
  "alpha": {
    "median": 5.812708610273398,
    "err_minus": 0.04831549560444337,
    "err_plus": 0.05963700628990143
  },
  "tau_1ghz": {
    "median": 0.10610721842750248,
    "err_minus": 0.0034664937904152204,
    "err_plus": 0.0027320366122116774
  },
  "log_evidence": -9464.626372874996,
  "log_evidence_err": 0.6212579599993373,
  "alpha_bounds": [
    1.5,
    6.0
  ],
  "components_C": 1,
  "components_D": 1,
  "percentiles": {
    "tau_1ghz": {
      "median": 0.10610721842750248,
      "lower": 0.10264072463708726,
      "upper": 0.10883925503971416,
      "err_minus": 0.0034664937904152204,
      "err_plus": 0.0027320366122116774
    },
    "alpha": {
      "median": 5.812708610273398,
      "lower": 5.764393114668954,
      "upper": 5.872345616563299,
      "err_minus": 0.04831549560444337,
      "err_plus": 0.05963700628990143
    },
    "zeta_1ghz": {
      "median": 0.16188307965788082,
      "lower": 0.14976810926166031,
      "upper": 0.1752766854135494,
      "err_minus": 0.012114970396220504,
      "err_plus": 0.013393605755668586
    },
    "x_zeta": {
      "median": -3.883798267178396,
      "lower": -3.9653706415787786,
      "upper": -3.7631645352769367,
      "err_minus": 0.08157237440038267,
      "err_plus": 0.1206337319014592
    },
    "t0_C": {
      "median": 83.34610247660362,
      "lower": 82.8493389633528,
      "upper": 83.94067584995952,
      "err_minus": 0.49676351325081214,
      "err_plus": 0.5945733733558995
    },
    "delta_dm_C": {
      "median": -27.879795001411185,
      "lower": -28.152365728986677,
      "upper": -27.65063495126892,
      "err_minus": 0.2725707275754914,
      "err_plus": 0.2291600501422657
    },
    "t0_D": {
      "median": -0.4398781758970712,
      "lower": -0.44689781081630364,
      "upper": -0.4258702374747228,
      "err_minus": 0.007019634919232465,
      "err_plus": 0.014007938422348376
    },
    "delta_dm_D": {
      "median": -0.7842526762311692,
      "lower": -0.824698691827848,
      "upper": -0.7441772123620609,
      "err_minus": 0.04044601559667882,
      "err_plus": 0.04007546386910832
    }
  },
  "ncall": 1522929,
  "gain_recovered": true
}