{
  "burst": "johndoeII",
  "alpha": 1.3737725882330447,
  "tau_1ghz": 0.8558488115667622,
  "chi2_chime": 1.1424960166277993,
  "chi2_dsa": 1.0298964725824564
}