{
  "burst": "johndoeII",
  "alpha": {
    "median": 1.3733290552021324,
    "err_minus": 0.04883510283228243,
    "err_plus": 0.04355803617048548
  },
  "tau_1ghz": {
    "median": 0.8520815970667569,
    "err_minus": 0.017893483352862005,
    "err_plus": 0.019821474652811477
  },
  "log_evidence": -15805.072763616376,
  "log_evidence_err": 0.580111347937564,
  "alpha_bounds": [
    1.0,
    6.0
  ],
  "percentiles": {
    "tau_1ghz": {
      "median": 0.8520815970667569,
      "lower": 0.8341881137138949,
      "upper": 0.8719030717195684,
      "err_minus": 0.017893483352862005,
      "err_plus": 0.019821474652811477
    },
    "alpha": {
      "median": 1.3733290552021324,
      "lower": 1.32449395236985,
      "upper": 1.416887091372618,
      "err_minus": 0.04883510283228243,
      "err_plus": 0.04355803617048548
    },
    "c0_C": {
      "median": 0.13063080812447436,
      "lower": 0.1279805984301886,
      "upper": 0.1334169326512056,
      "err_minus": 0.0026502096942857545,
      "err_plus": 0.002786124526731243
    },
    "t0_C": {
      "median": 28.377745901730577,
      "lower": 28.361916456020964,
      "upper": 28.396669414084215,
      "err_minus": 0.01582944570961331,
      "err_plus": 0.01892351235363776
    },
    "gamma_C": {
      "median": -1.8759483471794214,
      "lower": -1.9476964535259658,
      "upper": -1.8062855214064246,
      "err_minus": 0.07174810634654438,
      "err_plus": 0.06966282577299676
    },
    "zeta_C": {
      "median": 0.06688311271376582,
      "lower": 0.0007140530465822473,
      "upper": 0.08100581638846363,
      "err_minus": 0.06616905966718357,
      "err_plus": 0.014122703674697812
    },
    "delta_dm_C": {
      "median": -0.004781388049252655,
      "lower": -0.007795306133338897,
      "upper": -0.001065415916698953,
      "err_minus": 0.0030139180840862423,
      "err_plus": 0.003715972132553702
    },
    "c0_D": {
      "median": 0.21915348454611666,
      "lower": 0.2151745800859703,
      "upper": 0.22323867992236882,
      "err_minus": 0.003978904460146371,
      "err_plus": 0.004085195376252154
    },
    "t0_D": {
      "median": 28.575998189410342,
      "lower": 28.573065076342303,
      "upper": 28.57866213371183,
      "err_minus": 0.002933113068039006,
      "err_plus": 0.002663944301488641
    },
    "gamma_D": {
      "median": -4.676330911848531,
      "lower": -4.883045051901158,
      "upper": -4.412104378051477,
      "err_minus": 0.20671414005262712,
      "err_plus": 0.2642265337970544
    },
    "zeta_D": {
      "median": 0.004189460475266951,
      "lower": 0.000392412878871941,
      "upper": 0.018153786123494147,
      "err_minus": 0.0037970475963950098,
      "err_plus": 0.013964325648227197
    },
    "delta_dm_D": {
      "median": -0.0026946923532022993,
      "lower": -0.011349579777288454,
      "upper": 0.005657656655010612,
      "err_minus": 0.008654887424086155,
      "err_plus": 0.008352349008212911
    }
  },
  "ncall": 1450024
}