{
  "burst": "johndoeII",
  "chi2_reduced": 1.402476063697596,
  "chi2_chime": 1.2127251552986689,
  "chi2_dsa": 1.402476063697596,
  "tau": 0.7273349723829894,
  "alpha": 1.503422890413267,
  "alpha_railed": true,
  "quality_flag": "FAIL",
  "notes": [
    "L3 alpha=1.50 unphysical"
  ]
}