{
  "burst": "mahi",
  "alpha": {
    "median": 5.530045355428672,
    "err_minus": 0.4188341116524148,
    "err_plus": 0.3224615656236569
  },
  "tau_1ghz": {
    "median": 0.0945460140817763,
    "err_minus": 0.01828063534056186,
    "err_plus": 0.030790356838148195
  },
  "log_evidence": -15431.191990182188,
  "log_evidence_err": 0.3806825125067093,
  "alpha_bounds": [
    1.0,
    6.0
  ],
  "percentiles": {
    "tau_1ghz": {
      "median": 0.0945460140817763,
      "lower": 0.07626537874121445,
      "upper": 0.1253363709199245,
      "err_minus": 0.01828063534056186,
      "err_plus": 0.030790356838148195
    },
    "alpha": {
      "median": 5.530045355428672,
      "lower": 5.111211243776257,
      "upper": 5.852506921052329,
      "err_minus": 0.4188341116524148,
      "err_plus": 0.3224615656236569
    },
    "c0_C": {
      "median": 0.05894075115412156,
      "lower": 0.05610359245091125,
      "upper": 0.061937255212192385,
      "err_minus": 0.0028371587032103157,
      "err_plus": 0.002996504058070823
    },
    "t0_C": {
      "median": 28.5280071696481,
      "lower": 28.489986490963283,
      "upper": 28.56527645022915,
      "err_minus": 0.03802067868481629,
      "err_plus": 0.03726928058105017
    },
    "gamma_C": {
      "median": -3.651307453463393,
      "lower": -3.8325784261221676,
      "upper": -3.4548452688441467,
      "err_minus": 0.18127097265877445,
      "err_plus": 0.19646218461924647
    },
    "zeta_C": {
      "median": 0.15686297755790454,
      "lower": 0.12370478263028097,
      "upper": 0.19536517404547715,
      "err_minus": 0.03315819492762358,
      "err_plus": 0.03850219648757261
    },
    "delta_dm_C": {
      "median": -0.02051430621848027,
      "lower": -0.028766748562503608,
      "upper": -0.01278902152837702,
      "err_minus": 0.008252442344023336,
      "err_plus": 0.007725284690103251
    },
    "c0_D": {
      "median": 4.181391122152098,
      "lower": 0.059522784031774495,
      "upper": 820.4436253077729,
      "err_minus": 4.121868338120323,
      "err_plus": 816.2622341856207
    },
    "t0_D": {
      "median": 183.45310530728835,
      "lower": 169.2905984204954,
      "upper": 196.58805766096887,
      "err_minus": 14.162506886792954,
      "err_plus": 13.134952353680518
    },
    "gamma_D": {
      "median": -0.16631099649281467,
      "lower": -3.3952720934751985,
      "upper": 3.346006433444675,
      "err_minus": 3.228961096982384,
      "err_plus": 3.5123174299374895
    },
    "zeta_D": {
      "median": 0.07285297614310814,
      "lower": 0.0006647420205780716,
      "upper": 10.114717349898443,
      "err_minus": 0.07218823412253006,
      "err_plus": 10.041864373755335
    },
    "delta_dm_D": {
      "median": -1.5761284894854413,
      "lower": -35.11263800466549,
      "upper": 33.421065515967115,
      "err_minus": 33.53650951518005,
      "err_plus": 34.997194005452556
    }
  },
  "ncall": 539748
}