{
  "burst": "mahi",
  "alpha": 3.3036576056152827,
  "tau_1ghz": 1.9736484623656716,
  "chi2_chime": 1.1282120248565013,
  "chi2_dsa": 3.700260437304121
}