{
  "burst": "mahi",
  "marginalize_gain": false,
  "marginalize_gain_gp": false,
  "shared_zeta": true,
  "alpha": {
    "median": 3.3036576056152827,
    "err_minus": 0.06396937917103163,
    "err_plus": 0.05097131118174403
  },
  "tau_1ghz": {
    "median": 1.9736484623656716,
    "err_minus": 0.03607150784401392,
    "err_plus": 0.032358776579737514
  },
  "log_evidence": -6038.069285608792,
  "log_evidence_err": 0.38825976438422366,
  "alpha_bounds": [
    1.5,
    6.0
  ],
  "components_C": 1,
  "components_D": 1,
  "percentiles": {
    "tau_1ghz": {
      "median": 1.9736484623656716,
      "lower": 1.9375769545216577,
      "upper": 2.006007238945409,
      "err_minus": 0.03607150784401392,
      "err_plus": 0.032358776579737514
    },
    "alpha": {
      "median": 3.3036576056152827,
      "lower": 3.239688226444251,
      "upper": 3.3546289167970267,
      "err_minus": 0.06396937917103163,
      "err_plus": 0.05097131118174403
    },
    "zeta_1ghz": {
      "median": 0.005815020265438524,
      "lower": 0.0003957560807064744,
      "upper": 0.08550521760294692,
      "err_minus": 0.00541926418473205,
      "err_plus": 0.0796901973375084
    },
    "x_zeta": {
      "median": -1.0030508856196474,
      "lower": -2.7876326415512107,
      "upper": 0.8521671192723286,
      "err_minus": 1.7845817559315633,
      "err_plus": 1.855218004891976
    },
    "t0_C": {
      "median": -124.86203432627735,
      "lower": -131.1015683413366,
      "upper": -118.14315115392264,
      "err_minus": 6.239534015059235,
      "err_plus": 6.718883172354708
    },
    "delta_dm_C": {
      "median": -47.244646410222856,
      "lower": -49.17524098738754,
      "upper": -44.52789133006805,
      "err_minus": 1.9305945771646833,
      "err_plus": 2.7167550801548046
    },
    "t0_D": {
      "median": -0.6545121269227627,
      "lower": -0.6865347681829171,
      "upper": -0.5835981807204023,
      "err_minus": 0.032022641260154416,
      "err_plus": 0.07091394620236047
    },
    "delta_dm_D": {
      "median": -49.548605139148165,
      "lower": -49.89088699304151,
      "upper": -48.82046346595554,
      "err_minus": 0.342281853893347,
      "err_plus": 0.7281416731926242
    }
  },
  "ncall": 580543,
  "gain_recovered": true
}