{
  "burst": "mahi",
  "chi2_reduced": 3.700260437304121,
  "chi2_chime": 1.1282120248565013,
  "chi2_dsa": 3.700260437304121,
  "tau": 1.9736484623656716,
  "alpha": 3.3036576056152827,
  "alpha_railed": false,
  "quality_flag": "MARGINAL",
  "notes": [
    "L2 chi2_C=1.13(PASS) chi2_D=3.70(MARGINAL); L3 alpha=3.30 off Kolmogorov"
  ]
}