{
  "burst": "mahi",
  "alpha": 5.530045355428672,
  "tau_1ghz": 0.0945460140817763,
  "chi2_chime": 1.051593844179074,
  "chi2_dsa": 1.0799447380860865
}