{
  "burst": "oran",
  "alpha": 1.3742604586389486,
  "tau_1ghz": 0.48659445669645146,
  "chi2_chime": 1.114588234933634,
  "chi2_dsa": 1.0585731843999537
}