{
  "burst": "oran",
  "marginalize_gain": false,
  "marginalize_gain_gp": false,
  "shared_zeta": true,
  "alpha": {
    "median": 5.7444708802900015,
    "err_minus": 0.13176772017208283,
    "err_plus": 0.15828139688668053
  },
  "tau_1ghz": {
    "median": 5.236572985675853,
    "err_minus": 0.31029633912271226,
    "err_plus": 0.31702114193326647
  },
  "log_evidence": -5997.935235565308,
  "log_evidence_err": 0.33095580826240456,
  "alpha_bounds": [
    1.5,
    6.0
  ],
  "components_C": 1,
  "components_D": 1,
  "percentiles": {
    "tau_1ghz": {
      "median": 5.236572985675853,
      "lower": 4.9262766465531405,
      "upper": 5.553594127609119,
      "err_minus": 0.31029633912271226,
      "err_plus": 0.31702114193326647
    },
    "alpha": {
      "median": 5.7444708802900015,
      "lower": 5.612703160117919,
      "upper": 5.902752277176682,
      "err_minus": 0.13176772017208283,
      "err_plus": 0.15828139688668053
    },
    "zeta_1ghz": {
      "median": 0.45731109163590355,
      "lower": 0.14878448653323453,
      "upper": 0.8310273273536835,
      "err_minus": 0.30852660510266905,
      "err_plus": 0.3737162357177799
    },
    "x_zeta": {
      "median": -1.2856290818557126,
      "lower": -2.028496820373995,
      "upper": -0.5799245655689473,
      "err_minus": 0.7428677385182825,
      "err_plus": 0.7057045162867652
    },
    "t0_C": {
      "median": 55.9821498447008,
      "lower": 48.76593300891553,
      "upper": 58.94271643704339,
      "err_minus": 7.216216835785268,
      "err_plus": 2.9605665923425875
    },
    "delta_dm_C": {
      "median": -30.865616973573868,
      "lower": -33.14914860748375,
      "upper": -27.02406636684592,
      "err_minus": 2.2835316339098846,
      "err_plus": 3.8415506067279495
    },
    "t0_D": {
      "median": -16.28008057435617,
      "lower": -16.327571734500303,
      "upper": -16.155913987112328,
      "err_minus": 0.04749116014413346,
      "err_plus": 0.12416658724384178
    },
    "delta_dm_D": {
      "median": -38.53979852596516,
      "lower": -42.34111978679307,
      "upper": -36.80865750935709,
      "err_minus": 3.801321260827912,
      "err_plus": 1.7311410166080705
    }
  },
  "ncall": 530468,
  "gain_recovered": true
}