{
  "burst": "oran",
  "alpha": {
    "median": 1.4387843929577984,
    "err_minus": 0.3252940794181405,
    "err_plus": 0.6611137468999604
  },
  "tau_1ghz": {
    "median": 0.49717824655913273,
    "err_minus": 0.05986826108500032,
    "err_plus": 0.11089806884811432
  },
  "log_evidence": -15775.638998755749,
  "log_evidence_err": 0.4064334012526662,
  "alpha_bounds": [
    1.0,
    6.0
  ],
  "percentiles": {
    "tau_1ghz": {
      "median": 0.49717824655913273,
      "lower": 0.4373099854741324,
      "upper": 0.608076315407247,
      "err_minus": 0.05986826108500032,
      "err_plus": 0.11089806884811432
    },
    "alpha": {
      "median": 1.4387843929577984,
      "lower": 1.1134903135396579,
      "upper": 2.0998981398577587,
      "err_minus": 0.3252940794181405,
      "err_plus": 0.6611137468999604
    },
    "c0_C": {
      "median": 0.8274174055361786,
      "lower": 0.6718517577778435,
      "upper": 1.0098312613237859,
      "err_minus": 0.15556564775833515,
      "err_plus": 0.18241385578760727
    },
    "t0_C": {
      "median": 59.8573640625649,
      "lower": 56.988475115676614,
      "upper": 68.19126370432426,
      "err_minus": 2.8688889468882834,
      "err_plus": 8.33389964175936
    },
    "gamma_C": {
      "median": -4.480184016743012,
      "lower": -4.840516742291071,
      "upper": -3.9217139418426026,
      "err_minus": 0.3603327255480595,
      "err_plus": 0.5584700749004092
    },
    "zeta_C": {
      "median": 63.139772823516196,
      "lower": 54.18739241954214,
      "upper": 73.59270026889472,
      "err_minus": 8.952380403974054,
      "err_plus": 10.45292744537852
    },
    "delta_dm_C": {
      "median": 4.946891443152943,
      "lower": 3.627369192680753,
      "upper": 6.151244216998023,
      "err_minus": 1.3195222504721897,
      "err_plus": 1.2043527738450805
    },
    "c0_D": {
      "median": 0.08160844043099699,
      "lower": 0.0784950435230425,
      "upper": 0.08478565908485827,
      "err_minus": 0.0031133969079544938,
      "err_plus": 0.00317721865386128
    },
    "t0_D": {
      "median": 28.506356262173718,
      "lower": 28.493338310436478,
      "upper": 28.51938592792058,
      "err_minus": 0.013017951737239741,
      "err_plus": 0.013029665746863373
    },
    "gamma_D": {
      "median": -4.852953613688399,
      "lower": -4.962264917781323,
      "upper": -4.639481337856044,
      "err_minus": 0.10931130409292411,
      "err_plus": 0.21347227583235462
    },
    "zeta_D": {
      "median": 0.060320680299223405,
      "lower": 0.05007878742341823,
      "upper": 0.07211261632004247,
      "err_minus": 0.010241892875805174,
      "err_plus": 0.011791936020819065
    },
    "delta_dm_D": {
      "median": 0.03889823738488474,
      "lower": 0.0059514346721272204,
      "upper": 0.0729885309906706,
      "err_minus": 0.03294680271275752,
      "err_plus": 0.03409029360578586
    }
  },
  "ncall": 1008734
}