{
  "burst": "oran",
  "alpha": 5.7444708802900015,
  "tau_1ghz": 5.236572985675853,
  "chi2_chime": 1.126466548479672,
  "chi2_dsa": 4.636927355594075
}