{
  "burst": "phineas",
  "chi2_reduced": 2.186041853724213,
  "chi2_chime": 1.1103110232818119,
  "chi2_dsa": 2.186041853724213,
  "tau": 0.4071332959397744,
  "alpha": 4.079101219746015,
  "alpha_railed": false,
  "quality_flag": "MARGINAL",
  "notes": [
    "L2 chi2_C=1.11(PASS) chi2_D=2.19(MARGINAL)"
  ]
}