{
  "burst": "phineas",
  "marginalize_gain": false,
  "marginalize_gain_gp": false,
  "shared_zeta": true,
  "alpha": {
    "median": 4.079101219746015,
    "err_minus": 0.0349882577963907,
    "err_plus": 0.03499398950366661
  },
  "tau_1ghz": {
    "median": 0.4071332959397744,
    "err_minus": 0.005156462258900596,
    "err_plus": 0.005363015506769764
  },
  "log_evidence": -7114.13187094438,
  "log_evidence_err": 0.4981240512442926,
  "alpha_bounds": [
    1.5,
    6.0
  ],
  "components_C": 1,
  "components_D": 1,
  "percentiles": {
    "tau_1ghz": {
      "median": 0.4071332959397744,
      "lower": 0.4019768336808738,
      "upper": 0.41249631144654414,
      "err_minus": 0.005156462258900596,
      "err_plus": 0.005363015506769764
    },
    "alpha": {
      "median": 4.079101219746015,
      "lower": 4.044112961949624,
      "upper": 4.114095209249681,
      "err_minus": 0.0349882577963907,
      "err_plus": 0.03499398950366661
    },
    "zeta_1ghz": {
      "median": 0.09511166910823508,
      "lower": 0.09310085292647052,
      "upper": 0.09715085176463585,
      "err_minus": 0.0020108161817645603,
      "err_plus": 0.0020391826564007676
    },
    "x_zeta": {
      "median": -3.467384253670719,
      "lower": -3.5276781873342333,
      "upper": -3.404015995201533,
      "err_minus": 0.06029393366351421,
      "err_plus": 0.06336825846918615
    },
    "t0_C": {
      "median": 7.841386400773239,
      "lower": 7.821763914041206,
      "upper": 7.861770071053122,
      "err_minus": 0.019622486732032485,
      "err_plus": 0.02038367027988386
    },
    "delta_dm_C": {
      "median": 0.07230509090263837,
      "lower": 0.06622962231009666,
      "upper": 0.07834488513908155,
      "err_minus": 0.006075468592541711,
      "err_plus": 0.006039794236443186
    },
    "t0_D": {
      "median": 2.4982896207163385,
      "lower": 2.497696926201213,
      "upper": 2.4988451339140063,
      "err_minus": 0.000592694515125558,
      "err_plus": 0.0005555131976677785
    },
    "delta_dm_D": {
      "median": -0.06966983117352044,
      "lower": -0.07126051199598038,
      "upper": -0.0680338739560753,
      "err_minus": 0.0015906808224599445,
      "err_plus": 0.0016359572174451387
    }
  },
  "ncall": 924198,
  "gain_recovered": true
}