{
  "burst": "phineas",
  "alpha": {
    "median": 3.578037689994229,
    "err_minus": 0.04052236688290467,
    "err_plus": 0.04290786453745632
  },
  "tau_1ghz": {
    "median": 0.3219678541983566,
    "err_minus": 0.005253641562290412,
    "err_plus": 0.005165807228310726
  },
  "log_evidence": -23162.861567080803,
  "log_evidence_err": 0.6157590518263651,
  "alpha_bounds": [
    1.0,
    6.0
  ],
  "percentiles": {
    "tau_1ghz": {
      "median": 0.3219678541983566,
      "lower": 0.3167142126360662,
      "upper": 0.32713366142666733,
      "err_minus": 0.005253641562290412,
      "err_plus": 0.005165807228310726
    },
    "alpha": {
      "median": 3.578037689994229,
      "lower": 3.5375153231113243,
      "upper": 3.6209455545316853,
      "err_minus": 0.04052236688290467,
      "err_plus": 0.04290786453745632
    },
    "c0_C": {
      "median": 0.342403605217708,
      "lower": 0.3378868134562692,
      "upper": 0.3470016747405322,
      "err_minus": 0.004516791761438821,
      "err_plus": 0.004598069522824155
    },
    "t0_C": {
      "median": 28.3499955354342,
      "lower": 28.30305092423251,
      "upper": 28.398098169809714,
      "err_minus": 0.04694461120168825,
      "err_plus": 0.048102634375513986
    },
    "gamma_C": {
      "median": -2.452498533442377,
      "lower": -2.5088343934522053,
      "upper": -2.3982562112633286,
      "err_minus": 0.05633586000982849,
      "err_plus": 0.05424232217904823
    },
    "zeta_C": {
      "median": 1.308059661211192,
      "lower": 1.2649965311779783,
      "upper": 1.35191222138836,
      "err_minus": 0.043063130033213826,
      "err_plus": 0.04385256017716799
    },
    "delta_dm_C": {
      "median": 0.10985480230441169,
      "lower": 0.10263581888020212,
      "upper": 0.11691794479662576,
      "err_minus": 0.0072189834242095685,
      "err_plus": 0.0070631424922140695
    },
    "c0_D": {
      "median": 0.36066460379879517,
      "lower": 0.3585178145616792,
      "upper": 0.3627754333078972,
      "err_minus": 0.002146789237115976,
      "err_plus": 0.002110829509102019
    },
    "t0_D": {
      "median": 28.58133130805402,
      "lower": 28.58046323827029,
      "upper": 28.58217820445417,
      "err_minus": 0.0008680697837277762,
      "err_plus": 0.0008468964001515644
    },
    "gamma_D": {
      "median": -4.998222245302669,
      "lower": -4.999544322688041,
      "upper": -4.995386197233422,
      "err_minus": 0.0013220773853719336,
      "err_plus": 0.002836048069246644
    },
    "zeta_D": {
      "median": 0.03672340899390849,
      "lower": 0.03603108198281456,
      "upper": 0.03744117476912272,
      "err_minus": 0.0006923270110939309,
      "err_plus": 0.0007177657752142283
    },
    "delta_dm_D": {
      "median": -0.06064219490473022,
      "lower": -0.06282455953833477,
      "upper": -0.058619185423509634,
      "err_minus": 0.00218236463360455,
      "err_plus": 0.0020230094812205834
    }
  },
  "ncall": 1545130
}