{
  "burst": "phineas",
  "alpha": 3.5797028685742003,
  "tau_1ghz": 0.3217807433857186,
  "chi2_chime": 1.2015961809256968,
  "chi2_dsa": 2.0175022651508754
}