{
  "burst": "whitney",
  "marginalize_gain": false,
  "marginalize_gain_gp": false,
  "shared_zeta": true,
  "alpha": {
    "median": 1.5144767722074621,
    "err_minus": 0.01062391322272993,
    "err_plus": 0.021530012152089384
  },
  "tau_1ghz": {
    "median": 0.4911601019351759,
    "err_minus": 0.008328651888527716,
    "err_plus": 0.008475386846800104
  },
  "log_evidence": -10882.254897003568,
  "log_evidence_err": 0.533052556067674,
  "alpha_bounds": [
    1.5,
    6.0
  ],
  "components_C": 1,
  "components_D": 1,
  "percentiles": {
    "tau_1ghz": {
      "median": 0.4911601019351759,
      "lower": 0.4828314500466482,
      "upper": 0.499635488781976,
      "err_minus": 0.008328651888527716,
      "err_plus": 0.008475386846800104
    },
    "alpha": {
      "median": 1.5144767722074621,
      "lower": 1.5038528589847322,
      "upper": 1.5360067843595515,
      "err_minus": 0.01062391322272993,
      "err_plus": 0.021530012152089384
    },
    "zeta_1ghz": {
      "median": 0.038144895859932006,
      "lower": 0.035804563365807805,
      "upper": 0.040496562979326085,
      "err_minus": 0.0023403324941242004,
      "err_plus": 0.0023516671193940797
    },
    "x_zeta": {
      "median": -1.0691155341643874,
      "lower": -1.2505199666552484,
      "upper": -0.8942421678000549,
      "err_minus": 0.18140443249086102,
      "err_plus": 0.17487336636433248
    },
    "t0_C": {
      "median": 1.4112711822384494,
      "lower": 1.4037260190780732,
      "upper": 1.4184993551456717,
      "err_minus": 0.007545163160376234,
      "err_plus": 0.00722817290722233
    },
    "delta_dm_C": {
      "median": -0.0015886721670952397,
      "lower": -0.003732298339585327,
      "upper": 0.0006741287508447158,
      "err_minus": 0.0021436261724900874,
      "err_plus": 0.0022628009179399555
    },
    "t0_D": {
      "median": 28.52474238443523,
      "lower": 28.5229475569214,
      "upper": 28.526471698043,
      "err_minus": 0.0017948275138266467,
      "err_plus": 0.001729313607771843
    },
    "delta_dm_D": {
      "median": 0.017729915579977273,
      "lower": 0.012373727785671917,
      "upper": 0.023272420820795503,
      "err_minus": 0.005356187794305356,
      "err_plus": 0.00554250524081823
    }
  },
  "ncall": 945101,
  "gain_recovered": true
}