{
  "burst": "whitney",
  "chi2_reduced": 1.4136575289979063,
  "chi2_chime": 1.1442752544700439,
  "chi2_dsa": 1.4136575289979063,
  "tau": 0.4911601019351759,
  "alpha": 1.5144767722074621,
  "alpha_railed": true,
  "quality_flag": "FAIL",
  "notes": [
    "L3 alpha=1.51 unphysical"
  ]
}