{
  "burst": "whitney",
  "alpha": 1.5144767722074621,
  "tau_1ghz": 0.4911601019351759,
  "chi2_chime": 1.1442752544700439,
  "chi2_dsa": 1.4136575289979063
}