{
  "burst": "whitney",
  "alpha": {
    "median": 1.4581137120977927,
    "err_minus": 0.055665827489736364,
    "err_plus": 0.05471433781657886
  },
  "tau_1ghz": {
    "median": 0.4859766379421074,
    "err_minus": 0.010650996656236311,
    "err_plus": 0.010891545861903329
  },
  "log_evidence": -20398.284287962724,
  "log_evidence_err": 0.5503460857741115,
  "alpha_bounds": [
    1.0,
    6.0
  ],
  "percentiles": {
    "tau_1ghz": {
      "median": 0.4859766379421074,
      "lower": 0.47532564128587107,
      "upper": 0.4968681838040107,
      "err_minus": 0.010650996656236311,
      "err_plus": 0.010891545861903329
    },
    "alpha": {
      "median": 1.4581137120977927,
      "lower": 1.4024478846080564,
      "upper": 1.5128280499143716,
      "err_minus": 0.055665827489736364,
      "err_plus": 0.05471433781657886
    },
    "c0_C": {
      "median": 0.07667344242152961,
      "lower": 0.0744472257828524,
      "upper": 0.07892706952360132,
      "err_minus": 0.0022262166386772114,
      "err_plus": 0.0022536271020717064
    },
    "t0_C": {
      "median": 28.50599687613128,
      "lower": 28.49647503994452,
      "upper": 28.51638674320477,
      "err_minus": 0.009521836186760169,
      "err_plus": 0.010389867073488546
    },
    "gamma_C": {
      "median": -1.0033827609005481,
      "lower": -1.1050017168725428,
      "upper": -0.8962224775009604,
      "err_minus": 0.10161895597199466,
      "err_plus": 0.10716028339958772
    },
    "zeta_C": {
      "median": 0.05332892416403159,
      "lower": 0.04342841772443919,
      "upper": 0.0634360753666139,
      "err_minus": 0.009900506439592394,
      "err_plus": 0.010107151202582314
    },
    "delta_dm_C": {
      "median": -0.0009401420466943478,
      "lower": -0.004134165970683057,
      "upper": 0.001742554785288064,
      "err_minus": 0.003194023923988709,
      "err_plus": 0.002682696831982412
    },
    "c0_D": {
      "median": 0.2532294816300273,
      "lower": 0.24992410683980162,
      "upper": 0.25654867614107024,
      "err_minus": 0.0033053747902256625,
      "err_plus": 0.0033191945110429555
    },
    "t0_D": {
      "median": 28.526747360655044,
      "lower": 28.524828209947238,
      "upper": 28.528715926480334,
      "err_minus": 0.0019191507078062386,
      "err_plus": 0.0019685658252903693
    },
    "gamma_D": {
      "median": 2.910212724509364,
      "lower": 2.647423661443618,
      "upper": 3.1795920997431253,
      "err_minus": 0.2627890630657461,
      "err_plus": 0.2693793752337612
    },
    "zeta_D": {
      "median": 0.028103957821290406,
      "lower": 0.02630084860826539,
      "upper": 0.029773739950980014,
      "err_minus": 0.001803109213025015,
      "err_plus": 0.0016697821296896079
    },
    "delta_dm_D": {
      "median": 0.01620464748432937,
      "lower": 0.009468727709396774,
      "upper": 0.022942691231875756,
      "err_minus": 0.006735919774932597,
      "err_plus": 0.006738043747546385
    }
  },
  "ncall": 1373063
}