{
  "burst": "whitney",
  "alpha": 1.4581137120977927,
  "tau_1ghz": 0.4859766379421074,
  "chi2_chime": 1.152832380946967,
  "chi2_dsa": 1.6756463096485115
}