{
  "burst": "wilhelm",
  "alpha": 2.558319854362898,
  "tau_1ghz": 0.2509890112090508,
  "chi2_chime": 1.138673562963705,
  "chi2_dsa": 4.545592336889591
}