{
  "burst": "wilhelm",
  "chi2_reduced": 4.545592336889591,
  "chi2_chime": 1.138673562963705,
  "chi2_dsa": 4.545592336889591,
  "tau": 0.2509890112090508,
  "alpha": 2.558319854362898,
  "alpha_railed": false,
  "quality_flag": "MARGINAL",
  "notes": [
    "L2 chi2_C=1.14(PASS) chi2_D=4.55(MARGINAL); L3 alpha=2.56 off Kolmogorov"
  ]
}