{
  "burst": "wilhelm",
  "alpha": {
    "median": 2.705698914353688,
    "err_minus": 0.04668327328625166,
    "err_plus": 0.048811204179062706
  },
  "tau_1ghz": {
    "median": 0.2607060120226853,
    "err_minus": 0.004271148401205516,
    "err_plus": 0.004308904079910192
  },
  "log_evidence": -17950.710103297344,
  "log_evidence_err": 0.640134024463777,
  "alpha_bounds": [
    1.0,
    6.0
  ],
  "percentiles": {
    "tau_1ghz": {
      "median": 0.2607060120226853,
      "lower": 0.25643486362147977,
      "upper": 0.2650149161025955,
      "err_minus": 0.004271148401205516,
      "err_plus": 0.004308904079910192
    },
    "alpha": {
      "median": 2.705698914353688,
      "lower": 2.659015641067436,
      "upper": 2.7545101185327505,
      "err_minus": 0.04668327328625166,
      "err_plus": 0.048811204179062706
    },
    "c0_C": {
      "median": 0.12741496828826035,
      "lower": 0.12473658872188298,
      "upper": 0.1302652837322322,
      "err_minus": 0.00267837956637737,
      "err_plus": 0.0028503154439718514
    },
    "t0_C": {
      "median": 28.391934231420237,
      "lower": 28.38331719923292,
      "upper": 28.400718840066418,
      "err_minus": 0.008617032187316909,
      "err_plus": 0.008784608646180914
    },
    "gamma_C": {
      "median": 0.9483334593309589,
      "lower": 0.8789362661045352,
      "upper": 1.0194460676043366,
      "err_minus": 0.06939719322642368,
      "err_plus": 0.07111260827337773
    },
    "zeta_C": {
      "median": 0.14345908801335197,
      "lower": 0.13614264249181057,
      "upper": 0.1510499216938927,
      "err_minus": 0.007316445521541398,
      "err_plus": 0.007590833680540726
    },
    "delta_dm_C": {
      "median": -0.010428728624866324,
      "lower": -0.013998014808912274,
      "upper": -0.006726997223864828,
      "err_minus": 0.00356928618404595,
      "err_plus": 0.0037017314010014957
    },
    "c0_D": {
      "median": 0.7629303446730373,
      "lower": 0.7607528302027101,
      "upper": 0.7650916215925071,
      "err_minus": 0.002177514470327213,
      "err_plus": 0.002161276919469768
    },
    "t0_D": {
      "median": 28.56369940578275,
      "lower": 28.562912395811175,
      "upper": 28.56449108504201,
      "err_minus": 0.0007870099715745482,
      "err_plus": 0.0007916792592617128
    },
    "gamma_D": {
      "median": -1.9884328663893691,
      "lower": -2.042567065630343,
      "upper": -1.931836888206318,
      "err_minus": 0.054134199240973846,
      "err_plus": 0.05659597818305118
    },
    "zeta_D": {
      "median": 0.06565986310952454,
      "lower": 0.06509860204286183,
      "upper": 0.06624214649380175,
      "err_minus": 0.0005612610666627105,
      "err_plus": 0.0005822833842772102
    },
    "delta_dm_D": {
      "median": 0.02058176121914812,
      "lower": 0.018783204756424254,
      "upper": 0.02247063030803531,
      "err_minus": 0.001798556462723866,
      "err_plus": 0.0018888690888871906
    }
  },
  "ncall": 1823384
}