{
  "burst": "wilhelm",
  "alpha": 2.7046733847634257,
  "tau_1ghz": 0.26055310107867274,
  "chi2_chime": 1.712869249292194,
  "chi2_dsa": 1.2963273668581146
}