{
  "burst": "zach",
  "chi2_reduced": 1.884639766113334,
  "chi2_chime": 1.884639766113334,
  "chi2_dsa": 1.3498027475746237,
  "tau": 0.47630673745541163,
  "alpha": 2.998624616350114,
  "alpha_railed": false,
  "quality_flag": "MARGINAL",
  "notes": [
    "L2 chi2_C=1.88(MARGINAL) chi2_D=1.35(PASS); L3 alpha=3.00 off Kolmogorov"
  ]
}