{
  "burst": "zach",
  "alpha": {
    "median": 3.662811868539347,
    "err_minus": 0.017408198229548866,
    "err_plus": 0.017146059657549895
  },
  "tau_1ghz": {
    "median": 0.3219197299896321,
    "err_minus": 0.003517253834336209,
    "err_plus": 0.003489252755165817
  },
  "log_evidence": -173492.33526501918,
  "log_evidence_err": 0.6119893224521897,
  "alpha_bounds": [
    1.0,
    6.0
  ],
  "percentiles": {
    "tau_1ghz": {
      "median": 0.3219197299896321,
      "lower": 0.3184024761552959,
      "upper": 0.3254089827447979,
      "err_minus": 0.003517253834336209,
      "err_plus": 0.003489252755165817
    },
    "alpha": {
      "median": 3.662811868539347,
      "lower": 3.6454036703097983,
      "upper": 3.679957928196897,
      "err_minus": 0.017408198229548866,
      "err_plus": 0.017146059657549895
    },
    "c0_C": {
      "median": 1.9288182618143819,
      "lower": 1.9249701437984255,
      "upper": 1.9325212255006639,
      "err_minus": 0.0038481180159564143,
      "err_plus": 0.0037029636862819792
    },
    "t0_C": {
      "median": 28.374587195182333,
      "lower": 28.37317038989039,
      "upper": 28.376029704631588,
      "err_minus": 0.0014168052919423246,
      "err_plus": 0.0014425094492551693
    },
    "gamma_C": {
      "median": -3.382500201351016,
      "lower": -3.391820270333767,
      "upper": -3.373808210300735,
      "err_minus": 0.00932006898275084,
      "err_plus": 0.008691991050281178
    },
    "zeta_C": {
      "median": 0.14723470792786836,
      "lower": 0.14552498168085307,
      "upper": 0.1489535232682645,
      "err_minus": 0.0017097262470152919,
      "err_plus": 0.0017188153403961404
    },
    "delta_dm_C": {
      "median": 0.01150544910723994,
      "lower": 0.011193182313562033,
      "upper": 0.01183217777877843,
      "err_minus": 0.00031226679367790666,
      "err_plus": 0.00032672867153848983
    },
    "c0_D": {
      "median": 0.18470450204549632,
      "lower": 0.18261257321364813,
      "upper": 0.186754983656797,
      "err_minus": 0.0020919288318481943,
      "err_plus": 0.0020504816113006696
    },
    "t0_D": {
      "median": 28.577620318894827,
      "lower": 28.574585833066603,
      "upper": 28.58072468358086,
      "err_minus": 0.00303448582822341,
      "err_plus": 0.0031043646860346996
    },
    "gamma_D": {
      "median": -4.954126363874045,
      "lower": -4.988604205926789,
      "upper": -4.882918761166489,
      "err_minus": 0.034477842052743846,
      "err_plus": 0.0712076027075561
    },
    "zeta_D": {
      "median": 0.07097417150805622,
      "lower": 0.06924718275071864,
      "upper": 0.07283294380188926,
      "err_minus": 0.0017269887573375803,
      "err_plus": 0.0018587722938330359
    },
    "delta_dm_D": {
      "median": -0.072561163364945,
      "lower": -0.08014586423846026,
      "upper": -0.06467425971808183,
      "err_minus": 0.00758470087351526,
      "err_plus": 0.007886903646863175
    }
  },
  "ncall": 1725220
}