{
  "burst": "casey",
  "marginalize_gain": false,
  "marginalize_gain_gp": false,
  "shared_zeta": true,
  "alpha": {
    "median": 2.3960798518887545,
    "err_minus": 0.014016323109481643,
    "err_plus": 0.014368049975586494
  },
  "tau_1ghz": {
    "median": 0.06085771092653649,
    "err_minus": 0.0006353912356653613,
    "err_plus": 0.0006206998927744331
  },
  "log_evidence": -55500.87710380657,
  "log_evidence_err": 0.5676820470369505,
  "alpha_bounds": [
    1.5,
    6.0
  ],
  "components_C": 1,
  "components_D": 1,
  "percentiles": {
    "tau_1ghz": {
      "median": 0.06085771092653649,
      "lower": 0.06022231969087113,
      "upper": 0.06147841081931092,
      "err_minus": 0.0006353912356653613,
      "err_plus": 0.0006206998927744331
    },
    "alpha": {
      "median": 2.3960798518887545,
      "lower": 2.382063528779273,
      "upper": 2.410447901864341,
      "err_minus": 0.014016323109481643,
      "err_plus": 0.014368049975586494
    },
    "zeta_1ghz": {
      "median": 0.05880439156971125,
      "lower": 0.05850226558301057,
      "upper": 0.05912346094687806,
      "err_minus": 0.0003021259867006798,
      "err_plus": 0.0003190693771668099
    },
    "x_zeta": {
      "median": -0.4563872217342051,
      "lower": -0.4650370608822145,
      "upper": -0.448007429012109,
      "err_minus": 0.00864983914800943,
      "err_plus": 0.008379792722096102
    },
    "t0_C": {
      "median": 10.863769738613527,
      "lower": 10.863322434101033,
      "upper": 10.86422921379631,
      "err_minus": 0.00044730451249463954,
      "err_plus": 0.00045947518278310895
    },
    "delta_dm_C": {
      "median": -0.000476952375791484,
      "lower": -0.0005209082478074833,
      "upper": -0.0004320151010404061,
      "err_minus": 4.3955872015999375e-05,
      "err_plus": 4.4937274751077894e-05
    },
    "t0_D": {
      "median": 28.608490987819,
      "lower": 28.6076568074889,
      "upper": 28.609294918563197,
      "err_minus": 0.0008341803300986328,
      "err_plus": 0.0008039307441976007
    },
    "delta_dm_D": {
      "median": -0.028800997587794086,
      "lower": -0.03093931794825977,
      "upper": -0.02677394699725255,
      "err_minus": 0.002138320360465684,
      "err_plus": 0.002027050590541535
    }
  },
  "ncall": 1172785,
  "gain_recovered": true
}