{
  "burst": "casey",
  "marginalize_gain": true,
  "alpha": {
    "median": 2.5640099712941122,
    "err_minus": 0.013584371950178031,
    "err_plus": 0.013504810351784968
  },
  "tau_1ghz": {
    "median": 0.05442341384112899,
    "err_minus": 0.0005282289838111423,
    "err_plus": 0.0005619312590299866
  },
  "log_evidence": -55777.86071048617,
  "log_evidence_err": 0.5853840473163802,
  "alpha_bounds": [
    1.0,
    6.0
  ],
  "percentiles": {
    "tau_1ghz": {
      "median": 0.05442341384112899,
      "lower": 0.05389518485731785,
      "upper": 0.054985345100158976,
      "err_minus": 0.0005282289838111423,
      "err_plus": 0.0005619312590299866
    },
    "alpha": {
      "median": 2.5640099712941122,
      "lower": 2.550425599343934,
      "upper": 2.577514781645897,
      "err_minus": 0.013584371950178031,
      "err_plus": 0.013504810351784968
    },
    "t0_C": {
      "median": 10.866438720770656,
      "lower": 10.865975372935681,
      "upper": 10.866882932297663,
      "err_minus": 0.0004633478349749254,
      "err_plus": 0.00044421152700735433
    },
    "zeta_C": {
      "median": 0.07766976822509257,
      "lower": 0.07741627386320049,
      "upper": 0.07791289675514924,
      "err_minus": 0.00025349436189207875,
      "err_plus": 0.00024312853005667434
    },
    "delta_dm_C": {
      "median": -0.0007726228593512019,
      "lower": -0.0008152412035400403,
      "upper": -0.0007285385401658573,
      "err_minus": 4.2618344188838364e-05,
      "err_plus": 4.408431918534461e-05
    },
    "t0_D": {
      "median": 28.61189066086235,
      "lower": 28.611104887917456,
      "upper": 28.61267891073618,
      "err_minus": 0.0007857729448943473,
      "err_plus": 0.0007882498738283061
    },
    "zeta_D": {
      "median": 0.05189132531459242,
      "lower": 0.051499610430210806,
      "upper": 0.05225003313124243,
      "err_minus": 0.00039171488438161095,
      "err_plus": 0.0003587078166500113
    },
    "delta_dm_D": {
      "median": -0.02885461177645965,
      "lower": -0.03097108195446907,
      "upper": -0.026793109201271648,
      "err_minus": 0.002116470178009422,
      "err_plus": 0.002061502575188001
    }
  },
  "ncall": 1176376,
  "gain_recovered": true
}