{
  "burst": "chromatica",
  "marginalize_gain": true,
  "alpha": {
    "median": 3.979650732579339,
    "err_minus": 0.03577365112987341,
    "err_plus": 0.03565488969385466
  },
  "tau_1ghz": {
    "median": 0.12855054026514767,
    "err_minus": 0.0032478088707866004,
    "err_plus": 0.0034240183133089908
  },
  "log_evidence": -10564.130736721992,
  "log_evidence_err": 0.45156717010160313,
  "alpha_bounds": [
    1.0,
    6.0
  ],
  "percentiles": {
    "tau_1ghz": {
      "median": 0.12855054026514767,
      "lower": 0.12530273139436107,
      "upper": 0.13197455857845666,
      "err_minus": 0.0032478088707866004,
      "err_plus": 0.0034240183133089908
    },
    "alpha": {
      "median": 3.979650732579339,
      "lower": 3.9438770814494655,
      "upper": 4.0153056222731935,
      "err_minus": 0.03577365112987341,
      "err_plus": 0.03565488969385466
    },
    "t0_C": {
      "median": 28.222082481541744,
      "lower": 28.216974198450345,
      "upper": 28.227225779497747,
      "err_minus": 0.005108283091399102,
      "err_plus": 0.005143297956003323
    },
    "zeta_C": {
      "median": 0.3905804123183725,
      "lower": 0.38723650220347855,
      "upper": 0.3938850993835403,
      "err_minus": 0.003343910114893933,
      "err_plus": 0.003304687065167844
    },
    "delta_dm_C": {
      "median": 0.006427269797036672,
      "lower": 0.005796930188218141,
      "upper": 0.007107960214092657,
      "err_minus": 0.0006303396088185309,
      "err_plus": 0.0006806904170559847
    },
    "t0_D": {
      "median": 0.6259834745577186,
      "lower": -1.7923122039377635,
      "upper": 3.0355157145365395,
      "err_minus": 2.418295678495482,
      "err_plus": 2.409532239978821
    },
    "zeta_D": {
      "median": 956.8336959322206,
      "lower": 891.9223302404615,
      "upper": 989.1668396858281,
      "err_minus": 64.9113656917591,
      "err_plus": 32.33314375360749
    },
    "delta_dm_D": {
      "median": -0.5119961751749571,
      "lower": -34.05049323767045,
      "upper": 34.360203405896456,
      "err_minus": 33.538497062495495,
      "err_plus": 34.87219958107141
    }
  },
  "ncall": 690744,
  "gain_recovered": true
}