{
  "burst": "freya",
  "marginalize_gain": false,
  "marginalize_gain_gp": false,
  "shared_zeta": true,
  "alpha": {
    "median": 4.355938198370946,
    "err_minus": 0.03627096186884682,
    "err_plus": 0.03447379363284142
  },
  "tau_1ghz": {
    "median": 0.11859163289550145,
    "err_minus": 0.0017268481613852277,
    "err_plus": 0.0018505279144079845
  },
  "log_evidence": -10165.647488960341,
  "log_evidence_err": 0.5475393966025884,
  "alpha_bounds": [
    1.5,
    6.0
  ],
  "components_C": 1,
  "components_D": 1,
  "percentiles": {
    "tau_1ghz": {
      "median": 0.11859163289550145,
      "lower": 0.11686478473411623,
      "upper": 0.12044216080990944,
      "err_minus": 0.0017268481613852277,
      "err_plus": 0.0018505279144079845
    },
    "alpha": {
      "median": 4.355938198370946,
      "lower": 4.3196672365021,
      "upper": 4.390411992003788,
      "err_minus": 0.03627096186884682,
      "err_plus": 0.03447379363284142
    },
    "zeta_1ghz": {
      "median": 0.08479602210574101,
      "lower": 0.08416978126512939,
      "upper": 0.08543015359719491,
      "err_minus": 0.0006262408406116221,
      "err_plus": 0.0006341314914539015
    },
    "x_zeta": {
      "median": -0.7904763705579096,
      "lower": -0.8124133854269724,
      "upper": -0.7694111718659062,
      "err_minus": 0.021937014869062743,
      "err_plus": 0.021065198692003406
    },
    "t0_C": {
      "median": 17.232709109466803,
      "lower": 17.231616991127122,
      "upper": 17.233810839344486,
      "err_minus": 0.0010921183396810363,
      "err_plus": 0.0011017298776820894
    },
    "delta_dm_C": {
      "median": 0.0104427498958799,
      "lower": 0.009955151954621044,
      "upper": 0.010954951234531052,
      "err_minus": 0.0004875979412588549,
      "err_plus": 0.0005122013386511526
    },
    "t0_D": {
      "median": 7.917764148256307,
      "lower": 7.916339709523189,
      "upper": 7.919132498158135,
      "err_minus": 0.0014244387331174835,
      "err_plus": 0.00136834990182777
    },
    "delta_dm_D": {
      "median": 0.07557870149811663,
      "lower": 0.07223019748408888,
      "upper": 0.07903979596100896,
      "err_minus": 0.0033485040140277533,
      "err_plus": 0.0034610944628923335
    }
  },
  "ncall": 1046607,
  "gain_recovered": true
}