{
  "burst": "freya",
  "marginalize_gain": true,
  "alpha": {
    "median": 4.475421219473249,
    "err_minus": 0.03608369376263809,
    "err_plus": 0.03522581362082011
  },
  "tau_1ghz": {
    "median": 0.11480070659466793,
    "err_minus": 0.0017410417572083503,
    "err_plus": 0.0018150791387510634
  },
  "log_evidence": -10358.299746266108,
  "log_evidence_err": 0.539344861741644,
  "alpha_bounds": [
    1.0,
    6.0
  ],
  "percentiles": {
    "tau_1ghz": {
      "median": 0.11480070659466793,
      "lower": 0.11305966483745958,
      "upper": 0.11661578573341899,
      "err_minus": 0.0017410417572083503,
      "err_plus": 0.0018150791387510634
    },
    "alpha": {
      "median": 4.475421219473249,
      "lower": 4.439337525710611,
      "upper": 4.510647033094069,
      "err_minus": 0.03608369376263809,
      "err_plus": 0.03522581362082011
    },
    "t0_C": {
      "median": 17.233577725545686,
      "lower": 17.232394710861783,
      "upper": 17.234741517513314,
      "err_minus": 0.0011830146839031386,
      "err_plus": 0.0011637919676275033
    },
    "zeta_C": {
      "median": 0.10557166660826937,
      "lower": 0.10457164498917472,
      "upper": 0.106571159521971,
      "err_minus": 0.0010000216190946543,
      "err_plus": 0.0009994929137016328
    },
    "delta_dm_C": {
      "median": 0.009230087489910943,
      "lower": 0.008716782334097672,
      "upper": 0.009742948297940757,
      "err_minus": 0.0005133051558132706,
      "err_plus": 0.0005128608080298136
    },
    "t0_D": {
      "median": 7.919308142296622,
      "lower": 7.917886337638368,
      "upper": 7.920758977577002,
      "err_minus": 0.0014218046582534782,
      "err_plus": 0.0014508352803801472
    },
    "zeta_D": {
      "median": 0.06870852284337407,
      "lower": 0.06798549032306879,
      "upper": 0.0694057299652952,
      "err_minus": 0.0007230325203052834,
      "err_plus": 0.0006972071219211312
    },
    "delta_dm_D": {
      "median": 0.0760198255594915,
      "lower": 0.07255829111589662,
      "upper": 0.0796755471703463,
      "err_minus": 0.0034615344435948714,
      "err_plus": 0.003655721610854812
    }
  },
  "ncall": 1084438,
  "gain_recovered": true
}