{
  "burst": "hamilton",
  "marginalize_gain": true,
  "marginalize_gain_gp": false,
  "shared_zeta": false,
  "alpha": {
    "median": 1.5044606193358436,
    "err_minus": 0.0034321255758456015,
    "err_plus": 0.00716021476263351
  },
  "tau_1ghz": {
    "median": 0.07869211646862535,
    "err_minus": 0.0009990524218145558,
    "err_plus": 0.0009893183388332838
  },
  "log_evidence": 15297.93657717228,
  "log_evidence_err": 0.548914866819759,
  "alpha_bounds": [
    1.5,
    6.0
  ],
  "components_C": 1,
  "components_D": 1,
  "percentiles": {
    "tau_1ghz": {
      "median": 0.07869211646862535,
      "lower": 0.0776930640468108,
      "upper": 0.07968143480745864,
      "err_minus": 0.0009990524218145558,
      "err_plus": 0.0009893183388332838
    },
    "alpha": {
      "median": 1.5044606193358436,
      "lower": 1.501028493759998,
      "upper": 1.5116208340984771,
      "err_minus": 0.0034321255758456015,
      "err_plus": 0.00716021476263351
    },
    "t0_C1": {
      "median": 11.911739597481105,
      "lower": 11.9108369917464,
      "upper": 11.912652761462429,
      "err_minus": 0.0009026057347050198,
      "err_plus": 0.0009131639813233505
    },
    "zeta_C1": {
      "median": 0.02123261775724638,
      "lower": 0.020759362133553044,
      "upper": 0.021702036876038413,
      "err_minus": 0.0004732556236933354,
      "err_plus": 0.00046941911879203393
    },
    "delta_dm_C": {
      "median": -0.007051781706579163,
      "lower": -0.0072002015609484715,
      "upper": -0.006903735820600332,
      "err_minus": 0.00014841985436930827,
      "err_plus": 0.0001480458859788314
    },
    "t0_D1": {
      "median": 15.109786223666177,
      "lower": 15.102368047012021,
      "upper": 15.117443796571223,
      "err_minus": 0.007418176654155673,
      "err_plus": 0.007657572905046095
    },
    "zeta_D1": {
      "median": 0.07075505195441567,
      "lower": 0.06712503940721737,
      "upper": 0.07439998829430458,
      "err_minus": 0.0036300125471983025,
      "err_plus": 0.00364493633988891
    },
    "delta_dm_D": {
      "median": 0.017221663173302204,
      "lower": -0.0005346442353655334,
      "upper": 0.03506937800295162,
      "err_minus": 0.017756307408667737,
      "err_plus": 0.01784771482964942
    }
  },
  "ncall": 1110148
}