{
  "burst": "hamilton",
  "marginalize_gain": true,
  "alpha": {
    "median": 1.006285481640263,
    "err_minus": 0.004693432168862088,
    "err_plus": 0.010345368801893517
  },
  "tau_1ghz": {
    "median": 0.09828135564532885,
    "err_minus": 0.00115757219266098,
    "err_plus": 0.0012631474518032676
  },
  "log_evidence": -11708.784866977976,
  "log_evidence_err": 0.49987518795960295,
  "alpha_bounds": [
    1.0,
    6.0
  ],
  "percentiles": {
    "tau_1ghz": {
      "median": 0.09828135564532885,
      "lower": 0.09712378345266787,
      "upper": 0.09954450309713211,
      "err_minus": 0.00115757219266098,
      "err_plus": 0.0012631474518032676
    },
    "alpha": {
      "median": 1.006285481640263,
      "lower": 1.001592049471401,
      "upper": 1.0166308504421566,
      "err_minus": 0.004693432168862088,
      "err_plus": 0.010345368801893517
    },
    "t0_C": {
      "median": 11.908898744096597,
      "lower": 11.907945046042624,
      "upper": 11.909811119878821,
      "err_minus": 0.000953698053972829,
      "err_plus": 0.0009123757822244727
    },
    "zeta_C": {
      "median": 0.021118687080846164,
      "lower": 0.020636223320001236,
      "upper": 0.02162241831036186,
      "err_minus": 0.0004824637608449277,
      "err_plus": 0.000503731229515695
    },
    "delta_dm_C": {
      "median": -0.006475893602967631,
      "lower": -0.006605129523222786,
      "upper": -0.006334270874241099,
      "err_minus": 0.00012923592025515518,
      "err_plus": 0.00014162272872653148
    },
    "t0_D": {
      "median": 105.26368260711902,
      "lower": 99.1182764903001,
      "upper": 109.03427245190554,
      "err_minus": 6.1454061168189185,
      "err_plus": 3.770589844786514
    },
    "zeta_D": {
      "median": 10.09615465541544,
      "lower": 9.331440776086543,
      "upper": 10.565894187510374,
      "err_minus": 0.7647138793288963,
      "err_plus": 0.469739532094934
    },
    "delta_dm_D": {
      "median": -0.040587880732374515,
      "lower": -0.4023105946780987,
      "upper": 0.22567281085520108,
      "err_minus": 0.3617227139457242,
      "err_plus": 0.2662606915875756
    }
  },
  "ncall": 962665,
  "gain_recovered": true
}