{
  "burst": "hamilton",
  "marginalize_gain": true,
  "marginalize_gain_gp": false,
  "shared_zeta": false,
  "alpha": {
    "median": 1.505429799475044,
    "err_minus": 0.004059711547256262,
    "err_plus": 0.00906931190683724
  },
  "tau_1ghz": {
    "median": 0.04501642413033939,
    "err_minus": 0.0009579186133478884,
    "err_plus": 0.0009437058344660201
  },
  "log_evidence": 20458.21521530822,
  "log_evidence_err": 0.6683252394595885,
  "alpha_bounds": [
    1.5,
    6.0
  ],
  "components_C": 4,
  "components_D": 1,
  "gain_s2": null,
  "percentiles": {
    "tau_1ghz": {
      "median": 0.04501642413033939,
      "lower": 0.0440585055169915,
      "upper": 0.04596012996480541,
      "err_minus": 0.0009579186133478884,
      "err_plus": 0.0009437058344660201
    },
    "alpha": {
      "median": 1.505429799475044,
      "lower": 1.5013700879277878,
      "upper": 1.5144991113818813,
      "err_minus": 0.004059711547256262,
      "err_plus": 0.00906931190683724
    },
    "t0_C1": {
      "median": 11.592477340726049,
      "lower": 11.591352937912898,
      "upper": 11.593562586331174,
      "err_minus": 0.0011244028131507378,
      "err_plus": 0.0010852456051253512
    },
    "zeta_C1": {
      "median": 0.02575494885717691,
      "lower": 0.024913125090358482,
      "upper": 0.026584097663801307,
      "err_minus": 0.0008418237668184267,
      "err_plus": 0.0008291488066243975
    },
    "t0_C2": {
      "median": 11.917015832290254,
      "lower": 11.916257656870851,
      "upper": 11.917726992432016,
      "err_minus": 0.0007581754194028179,
      "err_plus": 0.0007111601417619795
    },
    "zeta_C2": {
      "median": 0.024847561125967466,
      "lower": 0.02434131247392021,
      "upper": 0.025341867980655065,
      "err_minus": 0.0005062486520472573,
      "err_plus": 0.0004943068546875984
    },
    "t0_C3": {
      "median": 12.102405702940287,
      "lower": 12.101492370126797,
      "upper": 12.10315203425876,
      "err_minus": 0.0009133328134893759,
      "err_plus": 0.000746331318474347
    },
    "zeta_C3": {
      "median": 0.0005186786827648088,
      "lower": 0.0001669526021607878,
      "upper": 0.0018437955724822633,
      "err_minus": 0.00035172608060402103,
      "err_plus": 0.0013251168897174545
    },
    "t0_C4": {
      "median": 12.611732049141178,
      "lower": 12.577850236494431,
      "upper": 12.645445656538662,
      "err_minus": 0.03388181264674728,
      "err_plus": 0.03371360739748397
    },
    "zeta_C4": {
      "median": 0.45424495797838566,
      "lower": 0.42861879669950276,
      "upper": 0.48093119543755325,
      "err_minus": 0.025626161278882897,
      "err_plus": 0.026686237459167594
    },
    "delta_dm_C": {
      "median": -0.00585229719604996,
      "lower": -0.0059536681812843995,
      "upper": -0.0057447699266433006,
      "err_minus": 0.0001013709852344391,
      "err_plus": 0.0001075272694066598
    },
    "t0_D1": {
      "median": 15.124555365027206,
      "lower": 15.117147186656595,
      "upper": 15.132011628372268,
      "err_minus": 0.007408178370610585,
      "err_plus": 0.007456263345062553
    },
    "zeta_D1": {
      "median": 0.07771886322677356,
      "lower": 0.07434416852955933,
      "upper": 0.0812947655094822,
      "err_minus": 0.0033746946972142283,
      "err_plus": 0.00357590228270864
    },
    "delta_dm_D": {
      "median": 0.02114913053708989,
      "lower": 0.0038342370718069674,
      "upper": 0.03903458353205025,
      "err_minus": 0.01731489346528292,
      "err_plus": 0.01788545299496036
    }
  },
  "ncall": 2292962
}