{
  "burst": "hamilton",
  "marginalize_gain": false,
  "marginalize_gain_gp": false,
  "shared_zeta": true,
  "alpha": {
    "median": 1.5043744216121044,
    "err_minus": 0.003334892066184869,
    "err_plus": 0.0069653453356191
  },
  "tau_1ghz": {
    "median": 0.07899074727879248,
    "err_minus": 0.0009986065314149528,
    "err_plus": 0.0010086495856522076
  },
  "log_evidence": -11784.386971611442,
  "log_evidence_err": 0.5002144354490654,
  "alpha_bounds": [
    1.5,
    6.0
  ],
  "components_C": 1,
  "components_D": 1,
  "percentiles": {
    "tau_1ghz": {
      "median": 0.07899074727879248,
      "lower": 0.07799214074737752,
      "upper": 0.07999939686444468,
      "err_minus": 0.0009986065314149528,
      "err_plus": 0.0010086495856522076
    },
    "alpha": {
      "median": 1.5043744216121044,
      "lower": 1.5010395295459196,
      "upper": 1.5113397669477235,
      "err_minus": 0.003334892066184869,
      "err_plus": 0.0069653453356191
    },
    "zeta_1ghz": {
      "median": 0.038728075446832384,
      "lower": 0.033785667271401025,
      "upper": 0.043987463541304825,
      "err_minus": 0.004942408175431359,
      "err_plus": 0.0052593880944724405
    },
    "x_zeta": {
      "median": 1.4137661962566437,
      "lower": 1.084520217754517,
      "upper": 1.7303548212334103,
      "err_minus": 0.32924597850212667,
      "err_plus": 0.31658862497676665
    },
    "t0_C": {
      "median": 11.908515751936807,
      "lower": 11.907632509999331,
      "upper": 11.909426067570323,
      "err_minus": 0.0008832419374762424,
      "err_plus": 0.0009103156335150686
    },
    "delta_dm_C": {
      "median": -0.006519109634467668,
      "lower": -0.006646088734193256,
      "upper": -0.006386529296584342,
      "err_minus": 0.00012697909972558818,
      "err_plus": 0.00013258033788332568
    },
    "t0_D": {
      "median": -1.6722121126692997,
      "lower": -1.7136107872402135,
      "upper": -1.639137985804652,
      "err_minus": 0.04139867457091384,
      "err_plus": 0.033074126864647724
    },
    "delta_dm_D": {
      "median": -0.5772958390358767,
      "lower": -0.6025627464187053,
      "upper": -0.5403677016828468,
      "err_minus": 0.025266907382828663,
      "err_plus": 0.03692813735302991
    }
  },
  "ncall": 1024023,
  "gain_recovered": true
}