{
  "burst": "hamilton",
  "marginalize_gain": true,
  "marginalize_gain_gp": false,
  "shared_zeta": false,
  "alpha": {
    "median": 1.5054641819970875,
    "err_minus": 0.004045466723817226,
    "err_plus": 0.00881333328686984
  },
  "tau_1ghz": {
    "median": 0.04509702119591331,
    "err_minus": 0.0009568588223820562,
    "err_plus": 0.0009347817758333932
  },
  "log_evidence": 20413.939067167354,
  "log_evidence_err": 0.8647154624634289,
  "alpha_bounds": [
    1.5,
    6.0
  ],
  "components_C": 5,
  "components_D": 1,
  "gain_s2": null,
  "percentiles": {
    "tau_1ghz": {
      "median": 0.04509702119591331,
      "lower": 0.04414016237353125,
      "upper": 0.0460318029717467,
      "err_minus": 0.0009568588223820562,
      "err_plus": 0.0009347817758333932
    },
    "alpha": {
      "median": 1.5054641819970875,
      "lower": 1.5014187152732703,
      "upper": 1.5142775152839574,
      "err_minus": 0.004045466723817226,
      "err_plus": 0.00881333328686984
    },
    "t0_C1": {
      "median": 1.0925982032409554,
      "lower": -5.592347235180727,
      "upper": 8.061806366896814,
      "err_minus": 6.684945438421682,
      "err_plus": 6.969208163655859
    },
    "zeta_C1": {
      "median": 81.7958182433052,
      "lower": 32.41437918018688,
      "upper": 229.4440058927959,
      "err_minus": 49.38143906311833,
      "err_plus": 147.6481876494907
    },
    "t0_C2": {
      "median": 11.592451821612563,
      "lower": 11.591380216886233,
      "upper": 11.593532992193804,
      "err_minus": 0.0010716047263308326,
      "err_plus": 0.001081170581240798
    },
    "zeta_C2": {
      "median": 0.025716517554735845,
      "lower": 0.024869104564801042,
      "upper": 0.026547311378145578,
      "err_minus": 0.000847412989934803,
      "err_plus": 0.0008307938234097326
    },
    "t0_C3": {
      "median": 11.916980629833793,
      "lower": 11.916254814767482,
      "upper": 11.917676912109501,
      "err_minus": 0.0007258150663105312,
      "err_plus": 0.000696282275708171
    },
    "zeta_C3": {
      "median": 0.02486452514948612,
      "lower": 0.024359220468730805,
      "upper": 0.025354171183794603,
      "err_minus": 0.0005053046807553148,
      "err_plus": 0.000489646034308483
    },
    "t0_C4": {
      "median": 12.102356271665364,
      "lower": 12.101495718090813,
      "upper": 12.10314026103821,
      "err_minus": 0.0008605535745509485,
      "err_plus": 0.0007839893728451841
    },
    "zeta_C4": {
      "median": 0.0005412590911697199,
      "lower": 0.00017293433241995,
      "upper": 0.001955052846314259,
      "err_minus": 0.0003683247587497699,
      "err_plus": 0.0014137937551445393
    },
    "t0_C5": {
      "median": 12.612944777761385,
      "lower": 12.57975357046552,
      "upper": 12.646921722647079,
      "err_minus": 0.033191207295864444,
      "err_plus": 0.03397694488569414
    },
    "zeta_C5": {
      "median": 0.45374572690519943,
      "lower": 0.42776841622736667,
      "upper": 0.480294472577814,
      "err_minus": 0.025977310677832766,
      "err_plus": 0.02654874567261456
    },
    "delta_dm_C": {
      "median": -0.005848801233632628,
      "lower": -0.005956773401642579,
      "upper": -0.00574628054305748,
      "err_minus": 0.00010797216800995102,
      "err_plus": 0.00010252069057514746
    },
    "t0_D1": {
      "median": 15.124889427043499,
      "lower": 15.11761458166427,
      "upper": 15.132353885763365,
      "err_minus": 0.007274845379228623,
      "err_plus": 0.007464458719866229
    },
    "zeta_D1": {
      "median": 0.0775367614916497,
      "lower": 0.0741540143011514,
      "upper": 0.08133828427566223,
      "err_minus": 0.003382747190498303,
      "err_plus": 0.003801522784012523
    },
    "delta_dm_D": {
      "median": 0.020727514259441193,
      "lower": 0.00282988510591764,
      "upper": 0.03769967180345901,
      "err_minus": 0.017897629153523553,
      "err_plus": 0.01697215754401782
    }
  },
  "ncall": 3399336
}