{
  "burst": "hamilton",
  "marginalize_gain": true,
  "marginalize_gain_gp": false,
  "shared_zeta": false,
  "alpha": {
    "median": 1.5078994384150235,
    "err_minus": 0.005954505692814971,
    "err_plus": 0.012677776291569964
  },
  "tau_1ghz": {
    "median": 0.05201485039168496,
    "err_minus": 0.0009543575801365875,
    "err_plus": 0.0009966604916935504
  },
  "log_evidence": 20178.212239651846,
  "log_evidence_err": 0.6124280135191117,
  "alpha_bounds": [
    1.5,
    6.0
  ],
  "components_C": 3,
  "components_D": 1,
  "percentiles": {
    "tau_1ghz": {
      "median": 0.05201485039168496,
      "lower": 0.05106049281154837,
      "upper": 0.05301151088337851,
      "err_minus": 0.0009543575801365875,
      "err_plus": 0.0009966604916935504
    },
    "alpha": {
      "median": 1.5078994384150235,
      "lower": 1.5019449327222085,
      "upper": 1.5205772147065935,
      "err_minus": 0.005954505692814971,
      "err_plus": 0.012677776291569964
    },
    "t0_C1": {
      "median": 11.589131140497368,
      "lower": 11.588090759399172,
      "upper": 11.590229527997359,
      "err_minus": 0.0010403810981962636,
      "err_plus": 0.0010983874999901388
    },
    "zeta_C1": {
      "median": 0.024230632497483723,
      "lower": 0.023366049328926067,
      "upper": 0.025114328059988204,
      "err_minus": 0.000864583168557656,
      "err_plus": 0.0008836955625044808
    },
    "t0_C2": {
      "median": 11.914402221474774,
      "lower": 11.913600241352867,
      "upper": 11.915179124372006,
      "err_minus": 0.0008019801219063538,
      "err_plus": 0.0007769028972326453
    },
    "zeta_C2": {
      "median": 0.023325856110041277,
      "lower": 0.022833310974628537,
      "upper": 0.023823434108154084,
      "err_minus": 0.0004925451354127405,
      "err_plus": 0.0004975779981128067
    },
    "t0_C3": {
      "median": 12.101041871544167,
      "lower": 12.099419832067765,
      "upper": 12.102624127383331,
      "err_minus": 0.0016220394764019375,
      "err_plus": 0.0015822558391640484
    },
    "zeta_C3": {
      "median": 0.000504619898947413,
      "lower": 0.00016517777046882448,
      "upper": 0.0017621812069850667,
      "err_minus": 0.0003394421284785886,
      "err_plus": 0.0012575613080376537
    },
    "delta_dm_C": {
      "median": -0.005746339116534216,
      "lower": -0.005852245845609616,
      "upper": -0.005633730737145015,
      "err_minus": 0.00010590672907540011,
      "err_plus": 0.00011260837938920076
    },
    "t0_D1": {
      "median": 15.121396446391842,
      "lower": 15.113823067520855,
      "upper": 15.12864982623708,
      "err_minus": 0.007573378870986858,
      "err_plus": 0.007253379845238328
    },
    "zeta_D1": {
      "median": 0.07639241516418403,
      "lower": 0.07297830443600434,
      "upper": 0.08001998734719167,
      "err_minus": 0.003414110728179695,
      "err_plus": 0.0036275721830076324
    },
    "delta_dm_D": {
      "median": 0.01978508329436579,
      "lower": 0.0021905892513061076,
      "upper": 0.03788617945068751,
      "err_minus": 0.017594494043059683,
      "err_plus": 0.018101096156321717
    }
  },
  "ncall": 1647326
}