{
  "burst": "hamilton",
  "marginalize_gain": true,
  "marginalize_gain_gp": false,
  "shared_zeta": false,
  "alpha": {
    "median": 1.5034790974289272,
    "err_minus": 0.002602045411874254,
    "err_plus": 0.005488127602789827
  },
  "tau_1ghz": {
    "median": 0.07190419916099237,
    "err_minus": 0.0008768664242831403,
    "err_plus": 0.0009414414366139545
  },
  "log_evidence": 19857.551762360516,
  "log_evidence_err": 0.5588548483233712,
  "alpha_bounds": [
    1.5,
    6.0
  ],
  "components_C": 2,
  "components_D": 1,
  "percentiles": {
    "tau_1ghz": {
      "median": 0.07190419916099237,
      "lower": 0.07102733273670923,
      "upper": 0.07284564059760633,
      "err_minus": 0.0008768664242831403,
      "err_plus": 0.0009414414366139545
    },
    "alpha": {
      "median": 1.5034790974289272,
      "lower": 1.500877052017053,
      "upper": 1.508967225031717,
      "err_minus": 0.002602045411874254,
      "err_plus": 0.005488127602789827
    },
    "t0_C1": {
      "median": 11.58455823032551,
      "lower": 11.58350430133391,
      "upper": 11.585594947259516,
      "err_minus": 0.0010539289915989514,
      "err_plus": 0.0010367169340064208
    },
    "zeta_C1": {
      "median": 0.021678822936362616,
      "lower": 0.020796705872887934,
      "upper": 0.022516131138678327,
      "err_minus": 0.0008821170634746821,
      "err_plus": 0.0008373082023157112
    },
    "t0_C2": {
      "median": 11.91244366700258,
      "lower": 11.911583626365648,
      "upper": 11.91334374266301,
      "err_minus": 0.0008600406369332347,
      "err_plus": 0.0009000756604287119
    },
    "zeta_C2": {
      "median": 0.019639634624369656,
      "lower": 0.019139321739867585,
      "upper": 0.020141843427925365,
      "err_minus": 0.0005003128845020716,
      "err_plus": 0.0005022088035557086
    },
    "delta_dm_C": {
      "median": -0.005899617011664304,
      "lower": -0.006023041888362002,
      "upper": -0.005783122811500618,
      "err_minus": 0.00012342487669769753,
      "err_plus": 0.00011649420016368595
    },
    "t0_D1": {
      "median": 15.112833854058536,
      "lower": 15.10529582937663,
      "upper": 15.120060391924213,
      "err_minus": 0.007538024681906563,
      "err_plus": 0.007226537865676619
    },
    "zeta_D1": {
      "median": 0.0721151789736449,
      "lower": 0.06847820036544824,
      "upper": 0.075914296918123,
      "err_minus": 0.0036369786081966587,
      "err_plus": 0.0037991179444780976
    },
    "delta_dm_D": {
      "median": 0.017222167398941224,
      "lower": 5.6509421916928204e-05,
      "upper": 0.03437490781339392,
      "err_minus": 0.017165657977024296,
      "err_plus": 0.017152740414452694
    }
  },
  "ncall": 1354136
}