{
  "burst": "isha",
  "marginalize_gain": true,
  "marginalize_gain_gp": false,
  "shared_zeta": false,
  "alpha": {
    "median": 5.981207816514468,
    "err_minus": 0.030587330112666677,
    "err_plus": 0.014058257064510471
  },
  "tau_1ghz": {
    "median": 1.2317857947628603,
    "err_minus": 0.0875681585750816,
    "err_plus": 0.09396469660551543
  },
  "log_evidence": 31415.91339092436,
  "log_evidence_err": 0.4162918000112233,
  "alpha_bounds": [
    1.5,
    6.0
  ],
  "components_C": 1,
  "components_D": 1,
  "percentiles": {
    "tau_1ghz": {
      "median": 1.2317857947628603,
      "lower": 1.1442176361877787,
      "upper": 1.3257504913683757,
      "err_minus": 0.0875681585750816,
      "err_plus": 0.09396469660551543
    },
    "alpha": {
      "median": 5.981207816514468,
      "lower": 5.950620486401801,
      "upper": 5.9952660735789784,
      "err_minus": 0.030587330112666677,
      "err_plus": 0.014058257064510471
    },
    "t0_C1": {
      "median": 49.57289920543015,
      "lower": 49.2935553880735,
      "upper": 52.64802600522998,
      "err_minus": 0.27934381735664715,
      "err_plus": 3.0751267997998326
    },
    "zeta_C1": {
      "median": 0.008211692079862502,
      "lower": 0.0004691324429348738,
      "upper": 0.07077572512823035,
      "err_minus": 0.007742559636927628,
      "err_plus": 0.06256403304836786
    },
    "delta_dm_C": {
      "median": -12.474309266516961,
      "lower": -13.91495761102771,
      "upper": -12.354132679941578,
      "err_minus": 1.4406483445107483,
      "err_plus": 0.12017658657538277
    },
    "t0_D1": {
      "median": 0.1917744009414657,
      "lower": 0.1808060703742076,
      "upper": 0.20160766290035115,
      "err_minus": 0.0109683305672581,
      "err_plus": 0.009833261958885453
    },
    "zeta_D1": {
      "median": 0.032010971111801935,
      "lower": 0.024860887066131047,
      "upper": 0.03987654175519237,
      "err_minus": 0.007150084045670888,
      "err_plus": 0.007865570643390433
    },
    "delta_dm_D": {
      "median": -0.18497977649258956,
      "lower": -0.23305790563477302,
      "upper": -0.13657531969098358,
      "err_minus": 0.04807812914218346,
      "err_plus": 0.04840445680160599
    }
  },
  "ncall": 697839
}