{
  "burst": "isha",
  "marginalize_gain": true,
  "marginalize_gain_gp": false,
  "shared_zeta": false,
  "alpha": {
    "median": 5.257087094005214,
    "err_minus": 0.058491091735344725,
    "err_plus": 0.08352545593257776
  },
  "tau_1ghz": {
    "median": 0.0898161745738012,
    "err_minus": 0.005266478051453485,
    "err_plus": 0.0039862028148466705
  },
  "log_evidence": -9410.160411290128,
  "log_evidence_err": 0.4774328205661966,
  "alpha_bounds": [
    1.5,
    6.0
  ],
  "components_C": 1,
  "components_D": 1,
  "gain_s2": 1.0,
  "percentiles": {
    "tau_1ghz": {
      "median": 0.0898161745738012,
      "lower": 0.08454969652234771,
      "upper": 0.09380237738864787,
      "err_minus": 0.005266478051453485,
      "err_plus": 0.0039862028148466705
    },
    "alpha": {
      "median": 5.257087094005214,
      "lower": 5.198596002269869,
      "upper": 5.340612549937791,
      "err_minus": 0.058491091735344725,
      "err_plus": 0.08352545593257776
    },
    "t0_C": {
      "median": 80.10713976158272,
      "lower": 79.27366156227637,
      "upper": 80.95838757702046,
      "err_minus": 0.8334781993063416,
      "err_plus": 0.8512478154377447
    },
    "zeta_C": {
      "median": 1.069044679296469,
      "lower": 0.9991523759179598,
      "upper": 1.1401836392388807,
      "err_minus": 0.06989230337850916,
      "err_plus": 0.0711389599424117
    },
    "delta_dm_C": {
      "median": -19.77140814060031,
      "lower": -20.07146961016697,
      "upper": -19.480365075335822,
      "err_minus": 0.3000614695666606,
      "err_plus": 0.2910430652644891
    },
    "t0_D": {
      "median": -0.41052169116740644,
      "lower": -0.4347977671231049,
      "upper": -0.3731386736256298,
      "err_minus": 0.024276075955698473,
      "err_plus": 0.03738301754177664
    },
    "zeta_D": {
      "median": 0.0025701791544521643,
      "lower": 0.0003906506810163013,
      "upper": 0.010719695889723406,
      "err_minus": 0.002179528473435863,
      "err_plus": 0.008149516735271242
    },
    "delta_dm_D": {
      "median": -0.6959660277683639,
      "lower": -0.739255778276501,
      "upper": -0.6417737679006947,
      "err_minus": 0.043289750508137104,
      "err_plus": 0.05419225986766918
    }
  },
  "ncall": 898288,
  "gain_recovered": true
}