{
  "burst": "isha",
  "marginalize_gain": true,
  "marginalize_gain_gp": false,
  "shared_zeta": false,
  "alpha": {
    "median": 5.868683695892308,
    "err_minus": 2.00451210214774,
    "err_plus": 0.10979291787257406
  },
  "tau_1ghz": {
    "median": 0.22549178845941262,
    "err_minus": 0.028595161455877094,
    "err_plus": 0.16544739093140762
  },
  "log_evidence": 31807.258499655065,
  "log_evidence_err": 0.46107711105461313,
  "alpha_bounds": [
    1.0,
    6.0
  ],
  "components_C": 2,
  "components_D": 1,
  "gain_s2": 1.0,
  "pbf_C": "exp",
  "pbf_D": "exp",
  "beta_C": 3.6666666666666665,
  "beta_D": 3.6666666666666665,
  "percentiles": {
    "tau_1ghz": {
      "median": 0.22549178845941262,
      "lower": 0.19689662700353552,
      "upper": 0.39093917939082024,
      "err_minus": 0.028595161455877094,
      "err_plus": 0.16544739093140762
    },
    "alpha": {
      "median": 5.868683695892308,
      "lower": 3.864171593744568,
      "upper": 5.978476613764882,
      "err_minus": 2.00451210214774,
      "err_plus": 0.10979291787257406
    },
    "t0_C1": {
      "median": 49.8255971778421,
      "lower": 49.31354777161025,
      "upper": 56.54346945556576,
      "err_minus": 0.5120494062318457,
      "err_plus": 6.717872277723664
    },
    "zeta_C1": {
      "median": 0.4295978824356735,
      "lower": 0.3498303997486434,
      "upper": 0.5111783668956766,
      "err_minus": 0.0797674826870301,
      "err_plus": 0.08158048446000316
    },
    "t0_C2": {
      "median": 75.3390105540814,
      "lower": 74.34397122233803,
      "upper": 88.51822007183655,
      "err_minus": 0.9950393317433708,
      "err_plus": 13.179209517755154
    },
    "zeta_C2": {
      "median": 0.3377146367642579,
      "lower": 0.18528778607122434,
      "upper": 0.5288423960507833,
      "err_minus": 0.15242685069303355,
      "err_plus": 0.19112775928652542
    },
    "delta_dm_C": {
      "median": -9.345396552108923,
      "lower": -11.676649864107667,
      "upper": -9.170671253522158,
      "err_minus": 2.3312533119987435,
      "err_plus": 0.17472529858676467
    },
    "t0_D1": {
      "median": 0.2313697441829745,
      "lower": 0.19821086637616148,
      "upper": 0.24776814056437646,
      "err_minus": 0.033158877806813036,
      "err_plus": 0.016398396381401947
    },
    "zeta_D1": {
      "median": 0.0648100508142955,
      "lower": 0.041370454319113965,
      "upper": 0.07428985213860681,
      "err_minus": 0.023439596495181535,
      "err_plus": 0.00947980132431131
    },
    "delta_dm_D": {
      "median": -0.1673713765499656,
      "lower": -0.20583191933906164,
      "upper": -0.13181608763145647,
      "err_minus": 0.03846054278909605,
      "err_plus": 0.03555528891850912
    }
  },
  "ncall": 878509
}