{
  "burst": "isha",
  "marginalize_gain": true,
  "alpha": {
    "median": 4.6770834373609045,
    "err_minus": 0.5522589599060268,
    "err_plus": 0.4410111346646506
  },
  "tau_1ghz": {
    "median": 0.005378391851994063,
    "err_minus": 0.0012332180521186092,
    "err_plus": 0.0020253368033618033
  },
  "log_evidence": -9580.018221784529,
  "log_evidence_err": 0.35282212202679153,
  "alpha_bounds": [
    1.0,
    6.0
  ],
  "percentiles": {
    "tau_1ghz": {
      "median": 0.005378391851994063,
      "lower": 0.0041451737998754535,
      "upper": 0.007403728655355866,
      "err_minus": 0.0012332180521186092,
      "err_plus": 0.0020253368033618033
    },
    "alpha": {
      "median": 4.6770834373609045,
      "lower": 4.124824477454878,
      "upper": 5.118094572025555,
      "err_minus": 0.5522589599060268,
      "err_plus": 0.4410111346646506
    },
    "t0_C": {
      "median": 58.82508816661324,
      "lower": 55.621794246065186,
      "upper": 61.40785162249261,
      "err_minus": 3.203293920548056,
      "err_plus": 2.582763455879366
    },
    "zeta_C": {
      "median": 950.8021777126373,
      "lower": 882.1746512904812,
      "upper": 987.8993480387239,
      "err_minus": 68.62752642215617,
      "err_plus": 37.0971703260866
    },
    "delta_dm_C": {
      "median": 12.587478653549411,
      "lower": 5.610375903594409,
      "upper": 19.08576785770819,
      "err_minus": 6.977102749955002,
      "err_plus": 6.49828920415878
    },
    "t0_D": {
      "median": -0.38262615513288917,
      "lower": -0.43274383266938415,
      "upper": -0.342310916309477,
      "err_minus": 0.05011767753649499,
      "err_plus": 0.04031523882341215
    },
    "zeta_D": {
      "median": 0.04375291488393602,
      "lower": 0.03891375574492679,
      "upper": 0.049829362784277034,
      "err_minus": 0.00483915913900923,
      "err_plus": 0.006076447900341016
    },
    "delta_dm_D": {
      "median": -0.01763833984615104,
      "lower": -0.020421575426155414,
      "upper": -0.015418908070415682,
      "err_minus": 0.002783235580004373,
      "err_plus": 0.0022194317757353588
    }
  },
  "ncall": 406559,
  "gain_recovered": true
}