{
  "burst": "isha",
  "marginalize_gain": true,
  "marginalize_gain_gp": false,
  "shared_zeta": false,
  "alpha": {
    "median": 5.60893286600951,
    "err_minus": 2.1680737788939646,
    "err_plus": 0.3114121809367463
  },
  "tau_1ghz": {
    "median": 0.017190277076711186,
    "err_minus": 0.012840551903706199,
    "err_plus": 0.01860109530521224
  },
  "log_evidence": 31850.74492591657,
  "log_evidence_err": 0.4223589913543669,
  "alpha_bounds": [
    1.0,
    6.0
  ],
  "components_C": 2,
  "components_D": 1,
  "gain_s2": 10.0,
  "pbf_C": "exp",
  "pbf_D": "exp",
  "beta_C": 3.6666666666666665,
  "beta_D": 3.6666666666666665,
  "percentiles": {
    "tau_1ghz": {
      "median": 0.017190277076711186,
      "lower": 0.004349725173004987,
      "upper": 0.035791372381923425,
      "err_minus": 0.012840551903706199,
      "err_plus": 0.01860109530521224
    },
    "alpha": {
      "median": 5.60893286600951,
      "lower": 3.440859087115545,
      "upper": 5.920345046946256,
      "err_minus": 2.1680737788939646,
      "err_plus": 0.3114121809367463
    },
    "t0_C1": {
      "median": 49.262655417786675,
      "lower": 49.2383492557191,
      "upper": 49.314434024369206,
      "err_minus": 0.024306162067574633,
      "err_plus": 0.05177860658253053
    },
    "zeta_C1": {
      "median": 11.717735273282694,
      "lower": 11.540599192014477,
      "upper": 11.897629158349684,
      "err_minus": 0.17713608126821612,
      "err_plus": 0.17989388506699022
    },
    "t0_C2": {
      "median": 52.17592971493672,
      "lower": 51.69816319752438,
      "upper": 52.73289930284972,
      "err_minus": 0.47776651741234133,
      "err_plus": 0.5569695879129952
    },
    "zeta_C2": {
      "median": 16.013215274260094,
      "lower": 15.643903563923608,
      "upper": 16.39888930326363,
      "err_minus": 0.36931171033648624,
      "err_plus": 0.3856740290035354
    },
    "delta_dm_C": {
      "median": -0.11975319897666026,
      "lower": -0.2439283629853719,
      "upper": -0.03524475322581111,
      "err_minus": 0.12417516400871165,
      "err_plus": 0.08450844575084915
    },
    "t0_D1": {
      "median": 0.09417578217858147,
      "lower": -0.27413331520491535,
      "upper": 0.4544404288248921,
      "err_minus": 0.3683090973834968,
      "err_plus": 0.36026464664631064
    },
    "zeta_D1": {
      "median": 23.909107741953743,
      "lower": 18.9320610300742,
      "upper": 29.448054657582627,
      "err_minus": 4.977046711879545,
      "err_plus": 5.538946915628884
    },
    "delta_dm_D": {
      "median": -2.6192457587254054,
      "lower": -33.07464519661662,
      "upper": 30.518617996458346,
      "err_minus": 30.455399437891217,
      "err_plus": 33.13786375518375
    }
  },
  "ncall": 770257
}