{
  "burst": "isha",
  "marginalize_gain": true,
  "marginalize_gain_gp": false,
  "shared_zeta": false,
  "alpha": {
    "median": 5.961549968637473,
    "err_minus": 0.06341918251378154,
    "err_plus": 0.028431459627844546
  },
  "tau_1ghz": {
    "median": 0.27584982760529864,
    "err_minus": 0.020406266826379027,
    "err_plus": 0.022252100776304407
  },
  "log_evidence": 31415.917422232455,
  "log_evidence_err": 0.40659609961727006,
  "alpha_bounds": [
    1.0,
    6.0
  ],
  "components_C": 1,
  "components_D": 1,
  "gain_s2": 1.0,
  "pbf_C": "exp",
  "pbf_D": "exp",
  "beta_C": 3.6666666666666665,
  "beta_D": 3.6666666666666665,
  "percentiles": {
    "tau_1ghz": {
      "median": 0.27584982760529864,
      "lower": 0.2554435607789196,
      "upper": 0.29810192838160304,
      "err_minus": 0.020406266826379027,
      "err_plus": 0.022252100776304407
    },
    "alpha": {
      "median": 5.961549968637473,
      "lower": 5.898130786123692,
      "upper": 5.989981428265318,
      "err_minus": 0.06341918251378154,
      "err_plus": 0.028431459627844546
    },
    "t0_C1": {
      "median": 49.37716012995165,
      "lower": 49.266458564009355,
      "upper": 49.638677665036,
      "err_minus": 0.11070156594229275,
      "err_plus": 0.2615175350843515
    },
    "zeta_C1": {
      "median": 0.2621744568151308,
      "lower": 0.17142444399365073,
      "upper": 0.3508154606231649,
      "err_minus": 0.09075001282148007,
      "err_plus": 0.08864100380803408
    },
    "delta_dm_C": {
      "median": -4.695541729011367,
      "lower": -4.746128423246567,
      "upper": -4.671121455145432,
      "err_minus": 0.050586694235200014,
      "err_plus": 0.02442027386593537
    },
    "t0_D1": {
      "median": 0.23643380562164473,
      "lower": 0.22541591706540365,
      "upper": 0.24762116716307192,
      "err_minus": 0.011017888556241084,
      "err_plus": 0.011187361541427188
    },
    "zeta_D1": {
      "median": 0.06718796424675735,
      "lower": 0.06102611352839404,
      "upper": 0.07378332975903319,
      "err_minus": 0.006161850718363317,
      "err_plus": 0.006595365512275839
    },
    "delta_dm_D": {
      "median": -0.18144755870780926,
      "lower": -0.2218196293453758,
      "upper": -0.14227890853634761,
      "err_minus": 0.04037207063756654,
      "err_plus": 0.03916865017146165
    }
  },
  "ncall": 629692
}