{
  "burst": "isha",
  "marginalize_gain": true,
  "marginalize_gain_gp": false,
  "shared_zeta": false,
  "alpha": {
    "median": 5.552481105645368,
    "err_minus": 0.9589068885883414,
    "err_plus": 0.33598752530145326
  },
  "tau_1ghz": {
    "median": 0.01509509537746244,
    "err_minus": 0.011631457873235777,
    "err_plus": 0.018994860641398173
  },
  "log_evidence": 31869.184943660915,
  "log_evidence_err": 0.4235748149466896,
  "alpha_bounds": [
    1.0,
    6.0
  ],
  "components_C": 2,
  "components_D": 1,
  "gain_s2": 100.0,
  "pbf_C": "exp",
  "pbf_D": "exp",
  "beta_C": 3.6666666666666665,
  "beta_D": 3.6666666666666665,
  "percentiles": {
    "tau_1ghz": {
      "median": 0.01509509537746244,
      "lower": 0.003463637504226664,
      "upper": 0.03408995601886061,
      "err_minus": 0.011631457873235777,
      "err_plus": 0.018994860641398173
    },
    "alpha": {
      "median": 5.552481105645368,
      "lower": 4.593574217057027,
      "upper": 5.8884686309468215,
      "err_minus": 0.9589068885883414,
      "err_plus": 0.33598752530145326
    },
    "t0_C1": {
      "median": 49.28563691185121,
      "lower": 49.24419064638972,
      "upper": 49.361518565569455,
      "err_minus": 0.0414462654614951,
      "err_plus": 0.07588165371824118
    },
    "zeta_C1": {
      "median": 12.609214759833534,
      "lower": 12.427804327681637,
      "upper": 12.765365324459413,
      "err_minus": 0.1814104321518979,
      "err_plus": 0.15615056462587873
    },
    "t0_C2": {
      "median": 50.91574958097011,
      "lower": 50.65618087269346,
      "upper": 51.23771355108094,
      "err_minus": 0.259568708276646,
      "err_plus": 0.3219639701108292
    },
    "zeta_C2": {
      "median": 14.74227195843284,
      "lower": 14.481205994768036,
      "upper": 15.017205366322964,
      "err_minus": 0.2610659636648034,
      "err_plus": 0.2749334078901242
    },
    "delta_dm_C": {
      "median": -0.004023489471997266,
      "lower": -0.09803078373309404,
      "upper": 0.0656572762913612,
      "err_minus": 0.09400729426109677,
      "err_plus": 0.06968076576335847
    },
    "t0_D1": {
      "median": 0.21796015738813235,
      "lower": -0.20084703756277605,
      "upper": 0.5027529642168361,
      "err_minus": 0.4188071949509084,
      "err_plus": 0.2847928068287038
    },
    "zeta_D1": {
      "median": 78.64483677667594,
      "lower": 64.38382925517244,
      "upper": 96.69409633872955,
      "err_minus": 14.261007521503501,
      "err_plus": 18.049259562053606
    },
    "delta_dm_D": {
      "median": 14.206403107484633,
      "lower": -18.66202876773943,
      "upper": 36.83802842226672,
      "err_minus": 32.86843187522406,
      "err_plus": 22.631625314782085
    }
  },
  "ncall": 734413
}