{
  "burst": "isha",
  "marginalize_gain": true,
  "marginalize_gain_gp": false,
  "shared_zeta": false,
  "alpha": {
    "median": 5.385971951096593,
    "err_minus": 1.9475536412069219,
    "err_plus": 0.5011096234592936
  },
  "tau_1ghz": {
    "median": 0.01734493175662457,
    "err_minus": 0.015265242588650637,
    "err_plus": 0.021131837650688177
  },
  "log_evidence": 31951.916870991492,
  "log_evidence_err": 0.47346441743821227,
  "alpha_bounds": [
    1.5,
    6.0
  ],
  "components_C": 2,
  "components_D": 1,
  "percentiles": {
    "tau_1ghz": {
      "median": 0.01734493175662457,
      "lower": 0.0020796891679739317,
      "upper": 0.03847676940731275,
      "err_minus": 0.015265242588650637,
      "err_plus": 0.021131837650688177
    },
    "alpha": {
      "median": 5.385971951096593,
      "lower": 3.4384183098896712,
      "upper": 5.887081574555887,
      "err_minus": 1.9475536412069219,
      "err_plus": 0.5011096234592936
    },
    "t0_C1": {
      "median": 49.284281292736075,
      "lower": 49.24503439875888,
      "upper": 49.35949791012225,
      "err_minus": 0.039246893977193054,
      "err_plus": 0.07521661738617524
    },
    "zeta_C1": {
      "median": 12.544462565171271,
      "lower": 12.335252221942,
      "upper": 12.754126800979712,
      "err_minus": 0.20921034322927134,
      "err_plus": 0.2096642358084413
    },
    "t0_C2": {
      "median": 50.93960712464123,
      "lower": 50.648398715764756,
      "upper": 51.36447088554483,
      "err_minus": 0.2912084088764715,
      "err_plus": 0.4248637609036052
    },
    "zeta_C2": {
      "median": 14.741191740452036,
      "lower": 14.46943520832227,
      "upper": 15.115160510670131,
      "err_minus": 0.2717565321297659,
      "err_plus": 0.37396877021809516
    },
    "delta_dm_C": {
      "median": -0.005783960015584455,
      "lower": -0.14173804276450142,
      "upper": 0.07519747122193365,
      "err_minus": 0.13595408274891696,
      "err_plus": 0.08098143123751811
    },
    "t0_D1": {
      "median": 0.2560741361292479,
      "lower": 0.24627039822036734,
      "upper": 0.265636976223532,
      "err_minus": 0.009803737908880561,
      "err_plus": 0.009562840094284097
    },
    "zeta_D1": {
      "median": 0.07094380242647123,
      "lower": 0.06532052150063197,
      "upper": 0.07695754637484592,
      "err_minus": 0.005623280925839261,
      "err_plus": 0.006013743948374686
    },
    "delta_dm_D": {
      "median": -0.14740069171472925,
      "lower": -0.1860426341563084,
      "upper": -0.10561833586621105,
      "err_minus": 0.03864194244157915,
      "err_plus": 0.04178235584851819
    }
  },
  "ncall": 911315
}