{
  "burst": "isha",
  "marginalize_gain": true,
  "marginalize_gain_gp": false,
  "shared_zeta": false,
  "alpha": {
    "median": 5.727432095735885,
    "err_minus": 0.7504330952237144,
    "err_plus": 0.20575589793304783
  },
  "tau_1ghz": {
    "median": 0.024768795955266473,
    "err_minus": 0.014705675521408368,
    "err_plus": 0.014128407143482506
  },
  "log_evidence": 31853.776092995595,
  "log_evidence_err": 0.4158022566764338,
  "alpha_bounds": [
    1.5,
    6.0
  ],
  "components_C": 2,
  "components_D": 1,
  "gain_s2": 10.0,
  "percentiles": {
    "tau_1ghz": {
      "median": 0.024768795955266473,
      "lower": 0.010063120433858106,
      "upper": 0.03889720309874898,
      "err_minus": 0.014705675521408368,
      "err_plus": 0.014128407143482506
    },
    "alpha": {
      "median": 5.727432095735885,
      "lower": 4.976999000512171,
      "upper": 5.933187993668933,
      "err_minus": 0.7504330952237144,
      "err_plus": 0.20575589793304783
    },
    "t0_C1": {
      "median": 49.26639570403577,
      "lower": 49.24029994386229,
      "upper": 49.325346981256125,
      "err_minus": 0.02609576017348303,
      "err_plus": 0.05895127722035198
    },
    "zeta_C1": {
      "median": 11.717689558125484,
      "lower": 11.526033888211696,
      "upper": 11.893613865096329,
      "err_minus": 0.19165566991378746,
      "err_plus": 0.17592430697084538
    },
    "t0_C2": {
      "median": 52.170169146427156,
      "lower": 51.795940655372625,
      "upper": 52.69138192686,
      "err_minus": 0.3742284910545308,
      "err_plus": 0.5212127804328404
    },
    "zeta_C2": {
      "median": 16.039913742041964,
      "lower": 15.72499131228945,
      "upper": 16.402616835319645,
      "err_minus": 0.3149224297525137,
      "err_plus": 0.36270309327768047
    },
    "delta_dm_C": {
      "median": -0.18030792986770905,
      "lower": -0.2614590938245982,
      "upper": -0.07648068448445144,
      "err_minus": 0.08115116395688915,
      "err_plus": 0.1038272453832576
    },
    "t0_D1": {
      "median": -0.022081871133664333,
      "lower": -0.3092124460541965,
      "upper": 0.31489835419124934,
      "err_minus": 0.2871305749205322,
      "err_plus": 0.3369802253249137
    },
    "zeta_D1": {
      "median": 24.037602713284045,
      "lower": 19.665779362363967,
      "upper": 28.98482624937045,
      "err_minus": 4.371823350920078,
      "err_plus": 4.947223536086405
    },
    "delta_dm_D": {
      "median": 11.000205567825859,
      "lower": -20.197477659198977,
      "upper": 34.44694842934838,
      "err_minus": 31.197683227024836,
      "err_plus": 23.446742861522523
    }
  },
  "ncall": 711686
}