{
  "burst": "isha",
  "marginalize_gain": true,
  "marginalize_gain_gp": false,
  "shared_zeta": false,
  "alpha": {
    "median": 5.9675735934593845,
    "err_minus": 0.05779192464225602,
    "err_plus": 0.02429118856145074
  },
  "tau_1ghz": {
    "median": 1.4496822896186727,
    "err_minus": 0.1230868067584936,
    "err_plus": 0.1460910999680325
  },
  "log_evidence": 31324.509255501598,
  "log_evidence_err": 0.33940495182323027,
  "alpha_bounds": [
    1.0,
    6.0
  ],
  "components_C": 1,
  "components_D": 1,
  "gain_s2": 100.0,
  "pbf_C": "exp",
  "pbf_D": "exp",
  "beta_C": 3.6666666666666665,
  "beta_D": 3.6666666666666665,
  "percentiles": {
    "tau_1ghz": {
      "median": 1.4496822896186727,
      "lower": 1.3265954828601791,
      "upper": 1.5957733895867052,
      "err_minus": 0.1230868067584936,
      "err_plus": 0.1460910999680325
    },
    "alpha": {
      "median": 5.9675735934593845,
      "lower": 5.9097816688171285,
      "upper": 5.991864782020835,
      "err_minus": 0.05779192464225602,
      "err_plus": 0.02429118856145074
    },
    "t0_C1": {
      "median": 52.7997358003138,
      "lower": 52.540818597319664,
      "upper": 53.25373941528521,
      "err_minus": 0.2589172029941338,
      "err_plus": 0.4540036149714126
    },
    "zeta_C1": {
      "median": 0.004814267765906681,
      "lower": 0.00035045889921946435,
      "upper": 0.05892103521289709,
      "err_minus": 0.0044638088666872165,
      "err_plus": 0.05410676744699041
    },
    "delta_dm_C": {
      "median": -13.990637566523269,
      "lower": -14.208247529209189,
      "upper": -13.860635854171399,
      "err_minus": 0.2176099626859198,
      "err_plus": 0.13000171235186997
    },
    "t0_D1": {
      "median": 0.09143260609094628,
      "lower": -0.2711214789162496,
      "upper": 0.45875475625185913,
      "err_minus": 0.3625540850071959,
      "err_plus": 0.36732215016091285
    },
    "zeta_D1": {
      "median": 79.8621649603051,
      "lower": 65.03474305585274,
      "upper": 96.20844314291308,
      "err_minus": 14.82742190445235,
      "err_plus": 16.34627818260799
    },
    "delta_dm_D": {
      "median": 2.321593819690314,
      "lower": -33.264342587256124,
      "upper": 35.35688605653897,
      "err_minus": 35.58593640694644,
      "err_plus": 33.035292236848655
    }
  },
  "ncall": 398221
}