{
  "burst": "isha",
  "marginalize_gain": true,
  "marginalize_gain_gp": false,
  "shared_zeta": false,
  "alpha": {
    "median": 4.777426344377634,
    "err_minus": 0.23642808048200514,
    "err_plus": 0.2647493605490876
  },
  "tau_1ghz": {
    "median": 0.000291562809889357,
    "err_minus": 0.00014955809998960933,
    "err_plus": 0.0004942132856168766
  },
  "log_evidence": -9568.464394409652,
  "log_evidence_err": 0.39506619724029957,
  "alpha_bounds": [
    1.5,
    6.0
  ],
  "components_C": 1,
  "components_D": 1,
  "gain_s2": 10.0,
  "percentiles": {
    "tau_1ghz": {
      "median": 0.000291562809889357,
      "lower": 0.00014200470989974767,
      "upper": 0.0007857760955062336,
      "err_minus": 0.00014955809998960933,
      "err_plus": 0.0004942132856168766
    },
    "alpha": {
      "median": 4.777426344377634,
      "lower": 4.540998263895629,
      "upper": 5.042175704926722,
      "err_minus": 0.23642808048200514,
      "err_plus": 0.2647493605490876
    },
    "t0_C": {
      "median": 73.44673754835688,
      "lower": 68.28169460393684,
      "upper": 79.01425663221369,
      "err_minus": 5.165042944420037,
      "err_plus": 5.5675190838568085
    },
    "zeta_C": {
      "median": 168.34676017865561,
      "lower": 156.6083804885337,
      "upper": 180.9511964756901,
      "err_minus": 11.738379690121917,
      "err_plus": 12.604436297034482
    },
    "delta_dm_C": {
      "median": 49.47563877703962,
      "lower": 48.61680859684566,
      "upper": 49.863562331641276,
      "err_minus": 0.8588301801939622,
      "err_plus": 0.38792355460165595
    },
    "t0_D": {
      "median": -0.2620698662612586,
      "lower": -0.27580923462165496,
      "upper": -0.2372514040405489,
      "err_minus": 0.013739368360396353,
      "err_plus": 0.024818462220709714
    },
    "zeta_D": {
      "median": 0.029191763940322597,
      "lower": 0.026170546011619736,
      "upper": 0.03086367933443824,
      "err_minus": 0.003021217928702861,
      "err_plus": 0.0016719153941156424
    },
    "delta_dm_D": {
      "median": -0.023933492310803217,
      "lower": -0.027416114772584876,
      "upper": -0.02108794142995407,
      "err_minus": 0.0034826224617816592,
      "err_plus": 0.002845550880849146
    }
  },
  "ncall": 538584,
  "gain_recovered": true
}