{
  "burst": "isha",
  "marginalize_gain": true,
  "marginalize_gain_gp": false,
  "shared_zeta": false,
  "alpha": {
    "median": 5.965550689980422,
    "err_minus": 0.05525803765906456,
    "err_plus": 0.026446150411263858
  },
  "tau_1ghz": {
    "median": 0.2723288082315378,
    "err_minus": 0.01932531516336128,
    "err_plus": 0.02148984598743864
  },
  "log_evidence": 31364.03509559031,
  "log_evidence_err": 0.3596262673183124,
  "alpha_bounds": [
    1.0,
    6.0
  ],
  "components_C": 1,
  "components_D": 1,
  "gain_s2": 10.0,
  "pbf_C": "exp",
  "pbf_D": "exp",
  "beta_C": 3.6666666666666665,
  "beta_D": 3.6666666666666665,
  "percentiles": {
    "tau_1ghz": {
      "median": 0.2723288082315378,
      "lower": 0.25300349306817654,
      "upper": 0.29381865421897646,
      "err_minus": 0.01932531516336128,
      "err_plus": 0.02148984598743864
    },
    "alpha": {
      "median": 5.965550689980422,
      "lower": 5.910292652321357,
      "upper": 5.9919968403916855,
      "err_minus": 0.05525803765906456,
      "err_plus": 0.026446150411263858
    },
    "t0_C1": {
      "median": 49.384218133805085,
      "lower": 49.27111551884597,
      "upper": 49.62791738071954,
      "err_minus": 0.11310261495911789,
      "err_plus": 0.24369924691445277
    },
    "zeta_C1": {
      "median": 0.2654234198678039,
      "lower": 0.1732021382481924,
      "upper": 0.35058858823437994,
      "err_minus": 0.09222128161961149,
      "err_plus": 0.08516516836657606
    },
    "delta_dm_C": {
      "median": -4.696784384693153,
      "lower": -4.743222855059038,
      "upper": -4.671907087613079,
      "err_minus": 0.04643847036588511,
      "err_plus": 0.024877297080074356
    },
    "t0_D1": {
      "median": 0.09475870043861456,
      "lower": -0.27459835506293107,
      "upper": 0.4527476430978332,
      "err_minus": 0.36935705550154563,
      "err_plus": 0.35798894265921866
    },
    "zeta_D1": {
      "median": 24.003486452016674,
      "lower": 18.725049492444924,
      "upper": 29.739804393347242,
      "err_minus": 5.278436959571749,
      "err_plus": 5.736317941330569
    },
    "delta_dm_D": {
      "median": -5.507457109156057,
      "lower": -33.286571290345066,
      "upper": 29.445534614730448,
      "err_minus": 27.77911418118901,
      "err_plus": 34.952991723886505
    }
  },
  "ncall": 450047
}