{
  "burst": "isha",
  "marginalize_gain": true,
  "marginalize_gain_gp": false,
  "shared_zeta": false,
  "alpha": {
    "median": 5.4550968933120405,
    "err_minus": 2.19804321996164,
    "err_plus": 0.42812397000855107
  },
  "tau_1ghz": {
    "median": 0.021636657138405156,
    "err_minus": 0.014954278165637665,
    "err_plus": 0.018391486788734864
  },
  "log_evidence": 31874.170838584072,
  "log_evidence_err": 0.37467862725126183,
  "alpha_bounds": [
    1.5,
    6.0
  ],
  "components_C": 2,
  "components_D": 1,
  "gain_s2": 100.0,
  "percentiles": {
    "tau_1ghz": {
      "median": 0.021636657138405156,
      "lower": 0.006682378972767492,
      "upper": 0.04002814392714002,
      "err_minus": 0.014954278165637665,
      "err_plus": 0.018391486788734864
    },
    "alpha": {
      "median": 5.4550968933120405,
      "lower": 3.2570536733504003,
      "upper": 5.883220863320592,
      "err_minus": 2.19804321996164,
      "err_plus": 0.42812397000855107
    },
    "t0_C1": {
      "median": 49.28283488687042,
      "lower": 49.2439791018129,
      "upper": 49.35443193571645,
      "err_minus": 0.038855785057521075,
      "err_plus": 0.07159704884603002
    },
    "zeta_C1": {
      "median": 12.58920166424043,
      "lower": 12.421888104788616,
      "upper": 12.75194938953411,
      "err_minus": 0.1673135594518147,
      "err_plus": 0.16274772529367887
    },
    "t0_C2": {
      "median": 50.77975074790299,
      "lower": 50.548238626865164,
      "upper": 51.06853071962889,
      "err_minus": 0.2315121210378237,
      "err_plus": 0.2887799717259014
    },
    "zeta_C2": {
      "median": 14.593515371876613,
      "lower": 14.353587448337898,
      "upper": 14.867198416611632,
      "err_minus": 0.2399279235387155,
      "err_plus": 0.27368304473501937
    },
    "delta_dm_C": {
      "median": -0.024429727804069046,
      "lower": -0.14687850065953967,
      "upper": 0.06568508398042638,
      "err_minus": 0.12244877285547062,
      "err_plus": 0.09011481178449543
    },
    "t0_D1": {
      "median": 0.006844007497466553,
      "lower": -0.28749923296467694,
      "upper": 0.3095667554044963,
      "err_minus": 0.2943432404621435,
      "err_plus": 0.30272274790702974
    },
    "zeta_D1": {
      "median": 78.87012163078614,
      "lower": 61.8384025768178,
      "upper": 96.62560259575693,
      "err_minus": 17.031719053968345,
      "err_plus": 17.755480964970786
    },
    "delta_dm_D": {
      "median": -2.7934460043979783,
      "lower": -33.051769263191964,
      "upper": 24.485199302952893,
      "err_minus": 30.258323258793986,
      "err_plus": 27.27864530735087
    }
  },
  "ncall": 645539
}