{
  "burst": "isha",
  "marginalize_gain": true,
  "marginalize_gain_gp": false,
  "shared_zeta": false,
  "alpha": {
    "median": 5.926973908168422,
    "err_minus": 0.11355523442325222,
    "err_plus": 0.055590908333957856
  },
  "tau_1ghz": {
    "median": 958.0088116667779,
    "err_minus": 56.001951645108875,
    "err_plus": 31.00016655977811
  },
  "log_evidence": -9495.232239513478,
  "log_evidence_err": 0.3992304670792688,
  "alpha_bounds": [
    1.5,
    6.0
  ],
  "components_C": 1,
  "components_D": 1,
  "gain_s2": 100.0,
  "percentiles": {
    "tau_1ghz": {
      "median": 958.0088116667779,
      "lower": 902.006860021669,
      "upper": 989.008978226556,
      "err_minus": 56.001951645108875,
      "err_plus": 31.00016655977811
    },
    "alpha": {
      "median": 5.926973908168422,
      "lower": 5.813418673745169,
      "upper": 5.9825648165023795,
      "err_minus": 0.11355523442325222,
      "err_plus": 0.055590908333957856
    },
    "t0_C": {
      "median": 82.80475558299361,
      "lower": 72.22589135270645,
      "upper": 87.62122335252371,
      "err_minus": 10.578864230287152,
      "err_plus": 4.816467769530107
    },
    "zeta_C": {
      "median": 161.1304120222155,
      "lower": 153.8736892964689,
      "upper": 170.06726425463594,
      "err_minus": 7.2567227257465845,
      "err_plus": 8.93685223242045
    },
    "delta_dm_C": {
      "median": 49.542549150878884,
      "lower": 48.822254818979786,
      "upper": 49.886193513049065,
      "err_minus": 0.7202943318990975,
      "err_plus": 0.34364436217018124
    },
    "t0_D": {
      "median": 0.5898931892746319,
      "lower": 0.5895487615066693,
      "upper": 0.5902597961480825,
      "err_minus": 0.0003444277679625074,
      "err_plus": 0.0003666068734506922
    },
    "zeta_D": {
      "median": 0.0004229543910660088,
      "lower": 0.00015486396183756436,
      "upper": 0.00117584119293896,
      "err_minus": 0.00026809042922844447,
      "err_plus": 0.0007528868018729511
    },
    "delta_dm_D": {
      "median": 0.05423814437428831,
      "lower": 0.05327494143669753,
      "upper": 0.05537100176200482,
      "err_minus": 0.0009632029375907791,
      "err_plus": 0.0011328573877165127
    }
  },
  "ncall": 643428,
  "gain_recovered": true
}