{
  "burst": "isha",
  "marginalize_gain": true,
  "marginalize_gain_gp": false,
  "shared_zeta": false,
  "alpha": {
    "median": 3.4390465367620164,
    "err_minus": 1.3163480232780227,
    "err_plus": 2.1227438546317554
  },
  "tau_1ghz": {
    "median": 0.012960991941021294,
    "err_minus": 0.011572138028897453,
    "err_plus": 0.018648590370718726
  },
  "log_evidence": 31795.022181501,
  "log_evidence_err": 0.3824366729755124,
  "alpha_bounds": [
    1.5,
    6.0
  ],
  "components_C": 2,
  "components_D": 1,
  "gain_s2": 1.0,
  "percentiles": {
    "tau_1ghz": {
      "median": 0.012960991941021294,
      "lower": 0.0013888539121238404,
      "upper": 0.03160958231174002,
      "err_minus": 0.011572138028897453,
      "err_plus": 0.018648590370718726
    },
    "alpha": {
      "median": 3.4390465367620164,
      "lower": 2.1226985134839937,
      "upper": 5.561790391393772,
      "err_minus": 1.3163480232780227,
      "err_plus": 2.1227438546317554
    },
    "t0_C1": {
      "median": 49.262238555488814,
      "lower": 49.23865883089612,
      "upper": 49.315375267560434,
      "err_minus": 0.023579724592693196,
      "err_plus": 0.05313671207161974
    },
    "zeta_C1": {
      "median": 13.90476457465765,
      "lower": 10.201109699287,
      "upper": 14.414050666855612,
      "err_minus": 3.703654875370649,
      "err_plus": 0.5092860921979625
    },
    "t0_C2": {
      "median": 49.7998161238989,
      "lower": 49.56751473029686,
      "upper": 50.114266263154285,
      "err_minus": 0.23230139360204305,
      "err_plus": 0.3144501392553849
    },
    "zeta_C2": {
      "median": 9.578873679757749,
      "lower": 9.33079668053043,
      "upper": 16.1756231824856,
      "err_minus": 0.24807699922731885,
      "err_plus": 6.596749502727853
    },
    "delta_dm_C": {
      "median": -1.2321532509701356,
      "lower": -1.3717951938443562,
      "upper": -0.5962621221544424,
      "err_minus": 0.1396419428742206,
      "err_plus": 0.6358911288156932
    },
    "t0_D1": {
      "median": 0.2850252499381759,
      "lower": -0.16023417561436987,
      "upper": 0.5350010586510466,
      "err_minus": 0.4452594255525458,
      "err_plus": 0.24997580871287073
    },
    "zeta_D1": {
      "median": 7.78213668537946,
      "lower": 6.141979553666932,
      "upper": 9.443788699869232,
      "err_minus": 1.6401571317125283,
      "err_plus": 1.6616520144897722
    },
    "delta_dm_D": {
      "median": -2.28553882147812,
      "lower": -11.264245706293266,
      "upper": 9.488141107868572,
      "err_minus": 8.978706884815146,
      "err_plus": 11.773679929346692
    }
  },
  "ncall": 673641
}