{
  "burst": "johndoeII",
  "marginalize_gain": true,
  "marginalize_gain_gp": false,
  "shared_zeta": false,
  "alpha": {
    "median": 1.7818513014995272,
    "err_minus": 0.11650796081901893,
    "err_plus": 0.131585265670648
  },
  "tau_1ghz": {
    "median": 1.0740685350341483,
    "err_minus": 0.0451206979284402,
    "err_plus": 0.05159162490273683
  },
  "log_evidence": 5998.984671579493,
  "log_evidence_err": 0.5222998899805561,
  "alpha_bounds": [
    1.5,
    6.0
  ],
  "components_C": 2,
  "components_D": 2,
  "gain_s2": 100.0,
  "percentiles": {
    "tau_1ghz": {
      "median": 1.0740685350341483,
      "lower": 1.0289478371057081,
      "upper": 1.1256601599368852,
      "err_minus": 0.0451206979284402,
      "err_plus": 0.05159162490273683
    },
    "alpha": {
      "median": 1.7818513014995272,
      "lower": 1.6653433406805083,
      "upper": 1.9134365671701752,
      "err_minus": 0.11650796081901893,
      "err_plus": 0.131585265670648
    },
    "t0_C1": {
      "median": 2.096985410322108,
      "lower": 2.087601553653861,
      "upper": 2.1063797565933067,
      "err_minus": 0.009383856668247148,
      "err_plus": 0.009394346271198728
    },
    "zeta_C1": {
      "median": 0.09561849014335994,
      "lower": 0.08616919929525972,
      "upper": 0.10569603045283466,
      "err_minus": 0.009449290848100214,
      "err_plus": 0.01007754030947472
    },
    "t0_C2": {
      "median": 2.647469692537906,
      "lower": 2.588790836375109,
      "upper": 2.705934634865601,
      "err_minus": 0.05867885616279711,
      "err_plus": 0.058464942327694835
    },
    "zeta_C2": {
      "median": 0.6399361074827495,
      "lower": 0.5960438663207296,
      "upper": 0.6861984373607917,
      "err_minus": 0.04389224116201995,
      "err_plus": 0.04626232987804213
    },
    "delta_dm_C": {
      "median": -0.007298399022019453,
      "lower": -0.009638331779996179,
      "upper": -0.004931403074841967,
      "err_minus": 0.002339932757976726,
      "err_plus": 0.002366995947177486
    },
    "t0_D1": {
      "median": -1.8208202427445843,
      "lower": -3.749588243883498,
      "upper": -0.09171868407327288,
      "err_minus": 1.9287680011389137,
      "err_plus": 1.7291015586713114
    },
    "zeta_D1": {
      "median": 604.7524691740343,
      "lower": 456.7184825837897,
      "upper": 837.6847739515366,
      "err_minus": 148.03398659024464,
      "err_plus": 232.93230477750228
    },
    "t0_D2": {
      "median": 0.9187909630647402,
      "lower": 0.9159952891967655,
      "upper": 0.921453503934077,
      "err_minus": 0.002795673867974635,
      "err_plus": 0.0026625408693368158
    },
    "zeta_D2": {
      "median": 0.002299162109558611,
      "lower": 0.0002955548008143115,
      "upper": 0.014146715476739012,
      "err_minus": 0.0020036073087442994,
      "err_plus": 0.011847553367180401
    },
    "delta_dm_D": {
      "median": -0.0034414037261711883,
      "lower": -0.011614078405649764,
      "upper": 0.004694463277012062,
      "err_minus": 0.008172674679478575,
      "err_plus": 0.00813586700318325
    }
  },
  "ncall": 1265494
}