{
  "burst": "johndoeII",
  "marginalize_gain": true,
  "alpha": {
    "median": 1.0567949649562498,
    "err_minus": 0.03730936717826916,
    "err_plus": 0.04412448559794524
  },
  "tau_1ghz": {
    "median": 0.7647163847229514,
    "err_minus": 0.016317238645636944,
    "err_plus": 0.01615459925884455
  },
  "log_evidence": -1993.442014840958,
  "log_evidence_err": 0.5037009053998234,
  "alpha_bounds": [
    1.0,
    6.0
  ],
  "percentiles": {
    "tau_1ghz": {
      "median": 0.7647163847229514,
      "lower": 0.7483991460773145,
      "upper": 0.780870983981796,
      "err_minus": 0.016317238645636944,
      "err_plus": 0.01615459925884455
    },
    "alpha": {
      "median": 1.0567949649562498,
      "lower": 1.0194855977779806,
      "upper": 1.100919450554195,
      "err_minus": 0.03730936717826916,
      "err_plus": 0.04412448559794524
    },
    "t0_C": {
      "median": 2.0706392382664394,
      "lower": 2.056104879481979,
      "upper": 2.081765535745755,
      "err_minus": 0.014534358784460188,
      "err_plus": 0.011126297479315816
    },
    "zeta_C": {
      "median": 0.07560629524620714,
      "lower": 0.06802455952421284,
      "upper": 0.08402101735308524,
      "err_minus": 0.007581735721994304,
      "err_plus": 0.008414722106878103
    },
    "delta_dm_C": {
      "median": 0.000652689502359749,
      "lower": -0.0022520088859607768,
      "upper": 0.005184694581096494,
      "err_minus": 0.0029046983883205257,
      "err_plus": 0.004532005078736745
    },
    "t0_D": {
      "median": 0.919290397557539,
      "lower": 0.9166797159578675,
      "upper": 0.9221063510788863,
      "err_minus": 0.0026106815996715937,
      "err_plus": 0.0028159535213472253
    },
    "zeta_D": {
      "median": 0.002494891949921728,
      "lower": 0.00030054116137902465,
      "upper": 0.01599942324127036,
      "err_minus": 0.002194350788542703,
      "err_plus": 0.013504531291348633
    },
    "delta_dm_D": {
      "median": -0.00042829408023692395,
      "lower": -0.008544170702926124,
      "upper": 0.007317368525349366,
      "err_minus": 0.0081158766226892,
      "err_plus": 0.00774566260558629
    }
  },
  "ncall": 832325,
  "gain_recovered": true
}