{
  "burst": "johndoeII",
  "marginalize_gain": false,
  "marginalize_gain_gp": false,
  "shared_zeta": true,
  "alpha": {
    "median": 1.503422890413267,
    "err_minus": 0.0026058885474955495,
    "err_plus": 0.00542517221307004
  },
  "tau_1ghz": {
    "median": 0.7273349723829894,
    "err_minus": 0.016110327931518897,
    "err_plus": 0.015880227992157825
  },
  "log_evidence": -2006.788715814167,
  "log_evidence_err": 0.4841966476383639,
  "alpha_bounds": [
    1.5,
    6.0
  ],
  "components_C": 1,
  "components_D": 1,
  "percentiles": {
    "tau_1ghz": {
      "median": 0.7273349723829894,
      "lower": 0.7112246444514705,
      "upper": 0.7432152003751472,
      "err_minus": 0.016110327931518897,
      "err_plus": 0.015880227992157825
    },
    "alpha": {
      "median": 1.503422890413267,
      "lower": 1.5008170018657714,
      "upper": 1.508848062626337,
      "err_minus": 0.0026058885474955495,
      "err_plus": 0.00542517221307004
    },
    "zeta_1ghz": {
      "median": 0.013781636638008974,
      "lower": 0.01242702822014204,
      "upper": 0.01545066853260405,
      "err_minus": 0.001354608417866934,
      "err_plus": 0.0016690318945950765
    },
    "x_zeta": {
      "median": -3.8805248928792735,
      "lower": -3.9696048234007963,
      "upper": -3.6966335006732187,
      "err_minus": 0.08907993052152285,
      "err_plus": 0.18389139220605477
    },
    "t0_C": {
      "median": 2.063132600699194,
      "lower": 2.053224659217615,
      "upper": 2.073118224673533,
      "err_minus": 0.00990794148157903,
      "err_plus": 0.00998562397433922
    },
    "delta_dm_C": {
      "median": 0.0017117322557282932,
      "lower": -0.0009333732847807141,
      "upper": 0.004356597796231654,
      "err_minus": 0.0026451055405090074,
      "err_plus": 0.0026448655405033605
    },
    "t0_D": {
      "median": 0.9212786922390492,
      "lower": 0.9191330202726915,
      "upper": 0.9234287319317822,
      "err_minus": 0.0021456719663577317,
      "err_plus": 0.0021500396927329746
    },
    "delta_dm_D": {
      "median": -0.00015410871466059461,
      "lower": -0.00675092591793458,
      "upper": 0.0064464224957632155,
      "err_minus": 0.006596817203273986,
      "err_plus": 0.00660053121042381
    }
  },
  "ncall": 875371,
  "gain_recovered": true
}