{
  "burst": "johndoeII",
  "marginalize_gain": true,
  "marginalize_gain_gp": false,
  "shared_zeta": false,
  "alpha": {
    "median": 1.5045200129061407,
    "err_minus": 0.0033912762921306516,
    "err_plus": 0.007300013097291114
  },
  "tau_1ghz": {
    "median": 0.714090757634742,
    "err_minus": 0.019872473707841842,
    "err_plus": 0.020375559878482385
  },
  "log_evidence": 5942.089621929131,
  "log_evidence_err": 0.5036557058917562,
  "alpha_bounds": [
    1.5,
    6.0
  ],
  "components_C": 2,
  "components_D": 2,
  "gain_s2": 10.0,
  "percentiles": {
    "tau_1ghz": {
      "median": 0.714090757634742,
      "lower": 0.6942182839269001,
      "upper": 0.7344663175132243,
      "err_minus": 0.019872473707841842,
      "err_plus": 0.020375559878482385
    },
    "alpha": {
      "median": 1.5045200129061407,
      "lower": 1.50112873661401,
      "upper": 1.5118200260034318,
      "err_minus": 0.0033912762921306516,
      "err_plus": 0.007300013097291114
    },
    "t0_C1": {
      "median": -1.2789760151463034,
      "lower": -3.3547780075569107,
      "upper": 0.8301924349073344,
      "err_minus": 2.0758019924106073,
      "err_plus": 2.109168450053638
    },
    "zeta_C1": {
      "median": 150.49954799276964,
      "lower": 122.81669924109154,
      "upper": 182.1104125062303,
      "err_minus": 27.682848751678094,
      "err_plus": 31.610864513460655
    },
    "t0_C2": {
      "median": 2.076914728380932,
      "lower": 2.0675909687761225,
      "upper": 2.085859350240079,
      "err_minus": 0.009323759604809467,
      "err_plus": 0.008944621859146906
    },
    "zeta_C2": {
      "median": 0.06781152489229436,
      "lower": 0.06113821966866504,
      "upper": 0.07487947281609166,
      "err_minus": 0.006673305223629321,
      "err_plus": 0.007067947923797294
    },
    "delta_dm_C": {
      "median": -0.003937034858985555,
      "lower": -0.006148942222047538,
      "upper": -0.001582349710041342,
      "err_minus": 0.0022119073630619823,
      "err_plus": 0.0023546851489442133
    },
    "t0_D1": {
      "median": -1.9589478499494182,
      "lower": -3.8272388642040993,
      "upper": -0.07748255610637944,
      "err_minus": 1.8682910142546811,
      "err_plus": 1.8814652938430387
    },
    "zeta_D1": {
      "median": 83.22810074449743,
      "lower": 65.73877530626733,
      "upper": 104.3574077660921,
      "err_minus": 17.489325438230097,
      "err_plus": 21.12930702159467
    },
    "t0_D2": {
      "median": 0.9219095550467198,
      "lower": 0.9193821848003532,
      "upper": 0.9250843842416223,
      "err_minus": 0.0025273702463666226,
      "err_plus": 0.0031748291949025287
    },
    "zeta_D2": {
      "median": 0.004377498705996359,
      "lower": 0.000352621249186156,
      "upper": 0.023573654960605782,
      "err_minus": 0.004024877456810203,
      "err_plus": 0.019196156254609423
    },
    "delta_dm_D": {
      "median": -0.0008162368288751054,
      "lower": -0.009055542717781861,
      "upper": 0.007109804470104564,
      "err_minus": 0.008239305888906756,
      "err_plus": 0.00792604129897967
    }
  },
  "ncall": 1120723
}