{
  "burst": "johndoeII",
  "marginalize_gain": true,
  "marginalize_gain_gp": false,
  "shared_zeta": false,
  "alpha": {
    "median": 1.7364438806883677,
    "err_minus": 0.09851064805367304,
    "err_plus": 0.09555296752998732
  },
  "tau_1ghz": {
    "median": 1.0567184986985092,
    "err_minus": 0.03845442401588639,
    "err_plus": 0.04417122385969274
  },
  "log_evidence": 6123.017600911949,
  "log_evidence_err": 0.49448613002501746,
  "alpha_bounds": [
    1.5,
    6.0
  ],
  "components_C": 2,
  "components_D": 2,
  "gain_s2": 1.0,
  "percentiles": {
    "tau_1ghz": {
      "median": 1.0567184986985092,
      "lower": 1.0182640746826228,
      "upper": 1.100889722558202,
      "err_minus": 0.03845442401588639,
      "err_plus": 0.04417122385969274
    },
    "alpha": {
      "median": 1.7364438806883677,
      "lower": 1.6379332326346947,
      "upper": 1.831996848218355,
      "err_minus": 0.09851064805367304,
      "err_plus": 0.09555296752998732
    },
    "t0_C1": {
      "median": 2.0981835860449536,
      "lower": 2.088876074326712,
      "upper": 2.107764333409084,
      "err_minus": 0.009307511718241734,
      "err_plus": 0.009580747364130282
    },
    "zeta_C1": {
      "median": 0.09454843585449482,
      "lower": 0.08492647540680219,
      "upper": 0.10385374384840562,
      "err_minus": 0.009621960447692632,
      "err_plus": 0.0093053079939108
    },
    "t0_C2": {
      "median": 2.653381091499866,
      "lower": 2.5953601592658586,
      "upper": 2.719578538506364,
      "err_minus": 0.05802093223400728,
      "err_plus": 0.06619744700649832
    },
    "zeta_C2": {
      "median": 0.6331425999577197,
      "lower": 0.5913298254919266,
      "upper": 0.6759218792671449,
      "err_minus": 0.04181277446579312,
      "err_plus": 0.042779279309425156
    },
    "delta_dm_C": {
      "median": -0.007364699338047842,
      "lower": -0.009798393035040931,
      "upper": -0.004889867951888505,
      "err_minus": 0.002433693696993089,
      "err_plus": 0.0024748313861593374
    },
    "t0_D1": {
      "median": -2.6871864983118874,
      "lower": -4.062761200366434,
      "upper": -0.6441723948231761,
      "err_minus": 1.3755747020545463,
      "err_plus": 2.0430141034887113
    },
    "zeta_D1": {
      "median": 122.58008664939331,
      "lower": 0.18458617600592256,
      "upper": 482.7393790746582,
      "err_minus": 122.39550047338739,
      "err_plus": 360.1592924252649
    },
    "t0_D2": {
      "median": 0.9188106326190624,
      "lower": 0.9163551429593271,
      "upper": 0.9214809635772949,
      "err_minus": 0.0024554896597352993,
      "err_plus": 0.0026703309582325474
    },
    "zeta_D2": {
      "median": 0.002597599317663597,
      "lower": 0.000581602873162843,
      "upper": 0.010595176942162837,
      "err_minus": 0.0020159964445007543,
      "err_plus": 0.00799757762449924
    },
    "delta_dm_D": {
      "median": -0.0020193370855352555,
      "lower": -0.011056127701280616,
      "upper": 0.005735618272581178,
      "err_minus": 0.00903679061574536,
      "err_plus": 0.007754955358116433
    }
  },
  "ncall": 952470
}