{
  "burst": "johndoeII",
  "marginalize_gain": true,
  "marginalize_gain_gp": false,
  "shared_zeta": false,
  "alpha": {
    "median": 1.5038159906256852,
    "err_minus": 0.002865270948394283,
    "err_plus": 0.005898558871001436
  },
  "tau_1ghz": {
    "median": 0.7697576341891583,
    "err_minus": 0.018113614592347727,
    "err_plus": 0.019256561698186014
  },
  "log_evidence": 5879.2852143341415,
  "log_evidence_err": 0.555931519658521,
  "alpha_bounds": [
    1.5,
    6.0
  ],
  "components_C": 2,
  "components_D": 1,
  "gain_s2": 100.0,
  "percentiles": {
    "tau_1ghz": {
      "median": 0.7697576341891583,
      "lower": 0.7516440195968106,
      "upper": 0.7890141958873443,
      "err_minus": 0.018113614592347727,
      "err_plus": 0.019256561698186014
    },
    "alpha": {
      "median": 1.5038159906256852,
      "lower": 1.5009507196772909,
      "upper": 1.5097145494966866,
      "err_minus": 0.002865270948394283,
      "err_plus": 0.005898558871001436
    },
    "t0_C1": {
      "median": -1.16350725439937,
      "lower": -3.3041656872953764,
      "upper": 0.9857077431689669,
      "err_minus": 2.1406584328960063,
      "err_plus": 2.149214997568337
    },
    "zeta_C1": {
      "median": 462.0218195606195,
      "lower": 373.0414490558629,
      "upper": 558.4334607338951,
      "err_minus": 88.98037050475659,
      "err_plus": 96.4116411732756
    },
    "t0_C2": {
      "median": 2.0737564606669174,
      "lower": 2.0646752250774654,
      "upper": 2.0828550613198766,
      "err_minus": 0.009081235589452064,
      "err_plus": 0.009098600652959199
    },
    "zeta_C2": {
      "median": 0.0653108666690063,
      "lower": 0.05872021866437233,
      "upper": 0.07252147082913707,
      "err_minus": 0.006590648004633971,
      "err_plus": 0.007210604160130765
    },
    "delta_dm_C": {
      "median": -0.004394167622905343,
      "lower": -0.006614455851348566,
      "upper": -0.0021410920330424688,
      "err_minus": 0.0022202882284432235,
      "err_plus": 0.002253075589862874
    },
    "t0_D1": {
      "median": 0.9213999439636584,
      "lower": 0.9184082243246765,
      "upper": 0.9248664031758072,
      "err_minus": 0.0029917196389819267,
      "err_plus": 0.0034664592121487203
    },
    "zeta_D1": {
      "median": 0.010735935991274785,
      "lower": 0.000457660149237099,
      "upper": 0.029010425413436357,
      "err_minus": 0.010278275842037686,
      "err_plus": 0.018274489422161574
    },
    "delta_dm_D": {
      "median": -0.001560236053784081,
      "lower": -0.010991878426139579,
      "upper": 0.006954158034552904,
      "err_minus": 0.009431642372355498,
      "err_plus": 0.008514394088336985
    }
  },
  "ncall": 1273502
}