{
  "burst": "johndoeII",
  "marginalize_gain": true,
  "marginalize_gain_gp": false,
  "shared_zeta": false,
  "alpha": {
    "median": 1.5040948402241825,
    "err_minus": 0.003123648480022334,
    "err_plus": 0.006487672317769366
  },
  "tau_1ghz": {
    "median": 0.7367943996856607,
    "err_minus": 0.01681722591246415,
    "err_plus": 0.01634925279531496
  },
  "log_evidence": 5948.690447238957,
  "log_evidence_err": 0.4938702064741303,
  "alpha_bounds": [
    1.5,
    6.0
  ],
  "components_C": 1,
  "components_D": 1,
  "percentiles": {
    "tau_1ghz": {
      "median": 0.7367943996856607,
      "lower": 0.7199771737731966,
      "upper": 0.7531436524809757,
      "err_minus": 0.01681722591246415,
      "err_plus": 0.01634925279531496
    },
    "alpha": {
      "median": 1.5040948402241825,
      "lower": 1.5009711917441602,
      "upper": 1.5105825125419519,
      "err_minus": 0.003123648480022334,
      "err_plus": 0.006487672317769366
    },
    "t0_C1": {
      "median": 2.0760194388255284,
      "lower": 2.0668071832091606,
      "upper": 2.0853929689829513,
      "err_minus": 0.009212255616367848,
      "err_plus": 0.009373530157422927
    },
    "zeta_C1": {
      "median": 0.0626818769464438,
      "lower": 0.05611725000179492,
      "upper": 0.07014569327175278,
      "err_minus": 0.006564626944648877,
      "err_plus": 0.007463816325308986
    },
    "delta_dm_C": {
      "median": -0.003939516581930036,
      "lower": -0.0061435304160752935,
      "upper": -0.0017191321866363296,
      "err_minus": 0.0022040138341452575,
      "err_plus": 0.0022203843952937063
    },
    "t0_D1": {
      "median": 0.9220574075641927,
      "lower": 0.9190205109027918,
      "upper": 0.9258169862084129,
      "err_minus": 0.003036896661400945,
      "err_plus": 0.003759578644220163
    },
    "zeta_D1": {
      "median": 0.021580561907403463,
      "lower": 0.0009964517568062366,
      "upper": 0.03257643400267697,
      "err_minus": 0.020584110150597225,
      "err_plus": 0.010995872095273508
    },
    "delta_dm_D": {
      "median": -0.001693368859442046,
      "lower": -0.01146485913349693,
      "upper": 0.0073993818385602594,
      "err_minus": 0.009771490274054884,
      "err_plus": 0.009092750698002305
    }
  },
  "ncall": 864195
}