{
  "burst": "johndoeII",
  "marginalize_gain": true,
  "marginalize_gain_gp": false,
  "shared_zeta": false,
  "alpha": {
    "median": 1.5771138497333776,
    "err_minus": 0.05121150020865883,
    "err_plus": 0.07689853213351983
  },
  "tau_1ghz": {
    "median": 0.9870298201876614,
    "err_minus": 0.030531903295483276,
    "err_plus": 0.0339855946268105
  },
  "log_evidence": 6156.845488249047,
  "log_evidence_err": 0.5036134927832736,
  "alpha_bounds": [
    1.5,
    6.0
  ],
  "components_C": 2,
  "components_D": 1,
  "percentiles": {
    "tau_1ghz": {
      "median": 0.9870298201876614,
      "lower": 0.9564979168921781,
      "upper": 1.0210154148144719,
      "err_minus": 0.030531903295483276,
      "err_plus": 0.0339855946268105
    },
    "alpha": {
      "median": 1.5771138497333776,
      "lower": 1.5259023495247188,
      "upper": 1.6540123818668975,
      "err_minus": 0.05121150020865883,
      "err_plus": 0.07689853213351983
    },
    "t0_C1": {
      "median": 2.0993053499286596,
      "lower": 2.089885461167876,
      "upper": 2.109078458937506,
      "err_minus": 0.00941988876078348,
      "err_plus": 0.009773109008846426
    },
    "zeta_C1": {
      "median": 0.08677133538427217,
      "lower": 0.07842802876447404,
      "upper": 0.0955246796028977,
      "err_minus": 0.008343306619798138,
      "err_plus": 0.00875334421862553
    },
    "t0_C2": {
      "median": 2.7056088369734024,
      "lower": 2.64617853663857,
      "upper": 2.767115959970499,
      "err_minus": 0.05943030033483243,
      "err_plus": 0.06150712299709671
    },
    "zeta_C2": {
      "median": 0.6480089254753628,
      "lower": 0.5909975299651498,
      "upper": 0.7014903702089541,
      "err_minus": 0.05701139551021306,
      "err_plus": 0.05348144473359129
    },
    "delta_dm_C": {
      "median": -0.007562641051769958,
      "lower": -0.01000257136334426,
      "upper": -0.005222290269323082,
      "err_minus": 0.002439930311574301,
      "err_plus": 0.002340350782446876
    },
    "t0_D1": {
      "median": 0.9190527576439846,
      "lower": 0.9162854440703967,
      "upper": 0.921703929462474,
      "err_minus": 0.0027673135735879484,
      "err_plus": 0.002651171818489395
    },
    "zeta_D1": {
      "median": 0.0024468883567245895,
      "lower": 0.00031667276270364714,
      "upper": 0.014244628382399064,
      "err_minus": 0.0021302155940209422,
      "err_plus": 0.011797740025674474
    },
    "delta_dm_D": {
      "median": -0.003570244429859315,
      "lower": -0.011918690655711828,
      "upper": 0.00492345364529001,
      "err_minus": 0.008348446225852513,
      "err_plus": 0.008493698075149325
    }
  },
  "ncall": 1005624
}