{
  "burst": "johndoeII",
  "marginalize_gain": true,
  "marginalize_gain_gp": false,
  "shared_zeta": false,
  "alpha": {
    "median": 1.770101231277331,
    "err_minus": 0.10944605389771911,
    "err_plus": 0.1325442227046818
  },
  "tau_1ghz": {
    "median": 1.072461370720095,
    "err_minus": 0.04242845118564631,
    "err_plus": 0.04795450182681127
  },
  "log_evidence": 6068.380984802762,
  "log_evidence_err": 0.47281572787221454,
  "alpha_bounds": [
    1.5,
    6.0
  ],
  "components_C": 2,
  "components_D": 1,
  "gain_s2": 10.0,
  "percentiles": {
    "tau_1ghz": {
      "median": 1.072461370720095,
      "lower": 1.0300329195344486,
      "upper": 1.1204158725469062,
      "err_minus": 0.04242845118564631,
      "err_plus": 0.04795450182681127
    },
    "alpha": {
      "median": 1.770101231277331,
      "lower": 1.6606551773796119,
      "upper": 1.9026454539820128,
      "err_minus": 0.10944605389771911,
      "err_plus": 0.1325442227046818
    },
    "t0_C1": {
      "median": 2.095338101885888,
      "lower": 2.0850400316412347,
      "upper": 2.105030393840157,
      "err_minus": 0.010298070244653346,
      "err_plus": 0.009692291954269017
    },
    "zeta_C1": {
      "median": 0.09505393202448094,
      "lower": 0.08433045050515571,
      "upper": 0.10741841128743997,
      "err_minus": 0.010723481519325229,
      "err_plus": 0.012364479262959027
    },
    "t0_C2": {
      "median": 2.645081054807437,
      "lower": 2.5828996122392294,
      "upper": 2.7069529255855542,
      "err_minus": 0.06218144256820768,
      "err_plus": 0.06187187077811718
    },
    "zeta_C2": {
      "median": 0.6400547311670756,
      "lower": 0.592895258379096,
      "upper": 0.6904194124838072,
      "err_minus": 0.047159472787979606,
      "err_plus": 0.05036468131673166
    },
    "delta_dm_C": {
      "median": -0.006713226998598998,
      "lower": -0.009058116063378918,
      "upper": -0.004407884403804019,
      "err_minus": 0.0023448890647799203,
      "err_plus": 0.002305342594794979
    },
    "t0_D1": {
      "median": 0.9187222918125233,
      "lower": 0.9161975364307517,
      "upper": 0.9210953249147096,
      "err_minus": 0.0025247553817715485,
      "err_plus": 0.002373033102186284
    },
    "zeta_D1": {
      "median": 0.0007784540579907262,
      "lower": 0.00018509035658073416,
      "upper": 0.006063210575794335,
      "err_minus": 0.000593363701409992,
      "err_plus": 0.005284756517803609
    },
    "delta_dm_D": {
      "median": -0.0029607834993754523,
      "lower": -0.009917362892444714,
      "upper": 0.005269913339759569,
      "err_minus": 0.006956579393069262,
      "err_plus": 0.008230696839135021
    }
  },
  "ncall": 916150
}