{
  "burst": "johndoeII",
  "marginalize_gain": true,
  "marginalize_gain_gp": false,
  "shared_zeta": false,
  "alpha": {
    "median": 1.9525871189703974,
    "err_minus": 0.3295831558554867,
    "err_plus": 0.10991148590765532
  },
  "tau_1ghz": {
    "median": 0.6560732424174595,
    "err_minus": 0.046111955981743225,
    "err_plus": 0.3233478375822887
  },
  "log_evidence": 6163.530856686497,
  "log_evidence_err": 0.4969233685574014,
  "alpha_bounds": [
    1.5,
    6.0
  ],
  "components_C": 2,
  "components_D": 2,
  "percentiles": {
    "tau_1ghz": {
      "median": 0.6560732424174595,
      "lower": 0.6099612864357162,
      "upper": 0.9794210799997481,
      "err_minus": 0.046111955981743225,
      "err_plus": 0.3233478375822887
    },
    "alpha": {
      "median": 1.9525871189703974,
      "lower": 1.6230039631149107,
      "upper": 2.0624986048780527,
      "err_minus": 0.3295831558554867,
      "err_plus": 0.10991148590765532
    },
    "t0_C1": {
      "median": 2.1044060302436964,
      "lower": 2.0953415513468903,
      "upper": 2.1134375326667234,
      "err_minus": 0.009064478896806172,
      "err_plus": 0.009031502423026971
    },
    "zeta_C1": {
      "median": 0.0909027070270496,
      "lower": 0.08253063536893042,
      "upper": 0.10063006568409694,
      "err_minus": 0.008372071658119179,
      "err_plus": 0.009727358657047339
    },
    "t0_C2": {
      "median": 2.6894626034522604,
      "lower": 2.6249963917365537,
      "upper": 2.746638915550495,
      "err_minus": 0.06446621171570666,
      "err_plus": 0.05717631209823448
    },
    "zeta_C2": {
      "median": 0.6679758535102305,
      "lower": 0.6047871238779687,
      "upper": 0.74953482308402,
      "err_minus": 0.06318872963226174,
      "err_plus": 0.0815589695737895
    },
    "delta_dm_C": {
      "median": -0.008047905256695742,
      "lower": -0.009990149476877264,
      "upper": -0.005864358868599595,
      "err_minus": 0.0019422442201815215,
      "err_plus": 0.002183546388096147
    },
    "t0_D1": {
      "median": 0.9235683212376395,
      "lower": 0.04737564458937893,
      "upper": 0.9272709455063302,
      "err_minus": 0.8761926766482606,
      "err_plus": 0.003702624268690613
    },
    "zeta_D1": {
      "median": 0.003142114374616693,
      "lower": 0.00035521302964853016,
      "upper": 0.02485700622777755,
      "err_minus": 0.0027869013449681626,
      "err_plus": 0.021714891853160858
    },
    "t0_D2": {
      "median": 1.447394460122373,
      "lower": 0.9237158724032157,
      "upper": 1.5084166826038181,
      "err_minus": 0.5236785877191572,
      "err_plus": 0.061022222481445176
    },
    "zeta_D2": {
      "median": 0.46166463607932834,
      "lower": 0.022072123406586007,
      "upper": 0.5095664941493342,
      "err_minus": 0.43959251267274235,
      "err_plus": 0.047901858070005854
    },
    "delta_dm_D": {
      "median": -0.005971267511654332,
      "lower": -0.01572608785407681,
      "upper": 0.0018181017031579927,
      "err_minus": 0.009754820342422477,
      "err_plus": 0.007789369214812325
    }
  },
  "ncall": 1072550
}