{
  "burst": "johndoeII",
  "marginalize_gain": true,
  "marginalize_gain_gp": false,
  "shared_zeta": false,
  "alpha": {
    "median": 1.503575626514393,
    "err_minus": 0.0027070891766016736,
    "err_plus": 0.005859264440039258
  },
  "tau_1ghz": {
    "median": 0.7707149617031487,
    "err_minus": 0.018821469869461094,
    "err_plus": 0.018923143063047876
  },
  "log_evidence": 5972.10895746465,
  "log_evidence_err": 0.4484864190211344,
  "alpha_bounds": [
    1.5,
    6.0
  ],
  "components_C": 2,
  "components_D": 1,
  "gain_s2": 1.0,
  "percentiles": {
    "tau_1ghz": {
      "median": 0.7707149617031487,
      "lower": 0.7518934918336876,
      "upper": 0.7896381047661966,
      "err_minus": 0.018821469869461094,
      "err_plus": 0.018923143063047876
    },
    "alpha": {
      "median": 1.503575626514393,
      "lower": 1.5008685373377912,
      "upper": 1.5094348909544322,
      "err_minus": 0.0027070891766016736,
      "err_plus": 0.005859264440039258
    },
    "t0_C1": {
      "median": -0.906887516853089,
      "lower": -3.0993107033793272,
      "upper": 1.1376584237427387,
      "err_minus": 2.1924231865262382,
      "err_plus": 2.0445459405958277
    },
    "zeta_C1": {
      "median": 46.139899591536796,
      "lower": 36.59409645780739,
      "upper": 56.71704202773973,
      "err_minus": 9.545803133729407,
      "err_plus": 10.577142436202934
    },
    "t0_C2": {
      "median": 2.0724092914751964,
      "lower": 2.0631093188696523,
      "upper": 2.0818140085877674,
      "err_minus": 0.009299972605544049,
      "err_plus": 0.00940471711257107
    },
    "zeta_C2": {
      "median": 0.06495646831718176,
      "lower": 0.05796850122815495,
      "upper": 0.07192312912855374,
      "err_minus": 0.0069879670890268045,
      "err_plus": 0.006966660811371983
    },
    "delta_dm_C": {
      "median": -0.004100883089201091,
      "lower": -0.006357604436210806,
      "upper": -0.0016511379746688704,
      "err_minus": 0.002256721347009716,
      "err_plus": 0.00244974511453222
    },
    "t0_D1": {
      "median": 0.9216974223318299,
      "lower": 0.9188631076097638,
      "upper": 0.9252417092178451,
      "err_minus": 0.002834314722066189,
      "err_plus": 0.0035442868860151577
    },
    "zeta_D1": {
      "median": 0.009465500342428218,
      "lower": 0.00043188264521110077,
      "upper": 0.028802287518965027,
      "err_minus": 0.009033617697217116,
      "err_plus": 0.019336787176536807
    },
    "delta_dm_D": {
      "median": -0.0025210802619994865,
      "lower": -0.011517135675113366,
      "upper": 0.005628699823624572,
      "err_minus": 0.00899605541311388,
      "err_plus": 0.008149780085624059
    }
  },
  "ncall": 918364
}