{
  "burst": "mahi",
  "marginalize_gain": true,
  "marginalize_gain_gp": false,
  "shared_zeta": false,
  "alpha": {
    "median": 3.8018036984727592,
    "err_minus": 0.23694746454781335,
    "err_plus": 0.3117525858923633
  },
  "tau_1ghz": {
    "median": 0.2778763538255138,
    "err_minus": 0.04333008115659723,
    "err_plus": 0.03865923845542241
  },
  "log_evidence": 28432.806522381867,
  "log_evidence_err": 0.5108288652615324,
  "alpha_bounds": [
    1.5,
    6.0
  ],
  "components_C": 1,
  "components_D": 1,
  "percentiles": {
    "tau_1ghz": {
      "median": 0.2778763538255138,
      "lower": 0.23454627266891656,
      "upper": 0.3165355922809362,
      "err_minus": 0.04333008115659723,
      "err_plus": 0.03865923845542241
    },
    "alpha": {
      "median": 3.8018036984727592,
      "lower": 3.564856233924946,
      "upper": 4.1135562843651226,
      "err_minus": 0.23694746454781335,
      "err_plus": 0.3117525858923633
    },
    "t0_C1": {
      "median": 14.647132129583042,
      "lower": 14.615407859190782,
      "upper": 14.678799356538548,
      "err_minus": 0.03172427039226022,
      "err_plus": 0.03166722695550561
    },
    "zeta_C1": {
      "median": 0.1065138024371513,
      "lower": 0.07971398816191286,
      "upper": 0.13300662503505362,
      "err_minus": 0.02679981427523845,
      "err_plus": 0.02649282259790231
    },
    "delta_dm_C": {
      "median": -0.017075965391434522,
      "lower": -0.025144277481714994,
      "upper": -0.008362292539928262,
      "err_minus": 0.008068312090280472,
      "err_plus": 0.00871367285150626
    },
    "t0_D1": {
      "median": 0.26837824742132577,
      "lower": 0.2572090420978135,
      "upper": 0.2816334758096428,
      "err_minus": 0.011169205323512288,
      "err_plus": 0.013255228388317053
    },
    "zeta_D1": {
      "median": 0.056356049487275184,
      "lower": 0.046846306688703994,
      "upper": 0.06612989383428274,
      "err_minus": 0.00950974279857119,
      "err_plus": 0.009773844347007551
    },
    "delta_dm_D": {
      "median": -0.05505120741380409,
      "lower": -0.07982219175139704,
      "upper": -0.030223169756602886,
      "err_minus": 0.02477098433759295,
      "err_plus": 0.024828037657201207
    }
  },
  "ncall": 980247
}