{
  "burst": "mahi",
  "marginalize_gain": true,
  "alpha": {
    "median": 3.515465748461243,
    "err_minus": 0.16257209605461753,
    "err_plus": 0.14726841806536672
  },
  "tau_1ghz": {
    "median": 2.0560855598954486,
    "err_minus": 0.12376522771685305,
    "err_plus": 0.09362208307443076
  },
  "log_evidence": -5925.818312198304,
  "log_evidence_err": 0.393843814386047,
  "alpha_bounds": [
    1.0,
    6.0
  ],
  "percentiles": {
    "tau_1ghz": {
      "median": 2.0560855598954486,
      "lower": 1.9323203321785956,
      "upper": 2.1497076429698794,
      "err_minus": 0.12376522771685305,
      "err_plus": 0.09362208307443076
    },
    "alpha": {
      "median": 3.515465748461243,
      "lower": 3.3528936524066255,
      "upper": 3.6627341665266098,
      "err_minus": 0.16257209605461753,
      "err_plus": 0.14726841806536672
    },
    "t0_C": {
      "median": -3289.3156660672,
      "lower": -3399.6813447041154,
      "upper": -3081.164896003195,
      "err_minus": 110.36567863691562,
      "err_plus": 208.15077006400497
    },
    "zeta_C": {
      "median": 422.16651172476213,
      "lower": 395.08096382988293,
      "upper": 436.52989040357255,
      "err_minus": 27.0855478948792,
      "err_plus": 14.36337867881042
    },
    "delta_dm_C": {
      "median": -3.0064154606763154,
      "lower": -4.395422937929034,
      "upper": -1.859861838033325,
      "err_minus": 1.3890074772527186,
      "err_plus": 1.1465536226429904
    },
    "t0_D": {
      "median": -0.6349633096400715,
      "lower": -0.6831026340118054,
      "upper": -0.43589079189946556,
      "err_minus": 0.04813932437173385,
      "err_plus": 0.19907251774060597
    },
    "zeta_D": {
      "median": 0.0026187094361229814,
      "lower": 0.0003048254651721473,
      "upper": 0.026526042243456647,
      "err_minus": 0.002313883970950834,
      "err_plus": 0.023907332807333665
    },
    "delta_dm_D": {
      "median": -49.134668735711294,
      "lower": -49.75779537350376,
      "upper": -47.92898166381671,
      "err_minus": 0.6231266377924669,
      "err_plus": 1.2056870718945873
    }
  },
  "ncall": 545405,
  "gain_recovered": true
}