{
  "burst": "mahi",
  "marginalize_gain": true,
  "marginalize_gain_gp": false,
  "shared_zeta": false,
  "alpha": {
    "median": 3.7134764355871885,
    "err_minus": 0.23211590711664432,
    "err_plus": 0.28626578788286405
  },
  "tau_1ghz": {
    "median": 0.29502825246657494,
    "err_minus": 0.04154730436152293,
    "err_plus": 0.03909848016188283
  },
  "log_evidence": 28388.259233065914,
  "log_evidence_err": 0.46966797811713995,
  "alpha_bounds": [
    1.0,
    6.0
  ],
  "components_C": 2,
  "components_D": 1,
  "gain_s2": 10.0,
  "pbf_C": "exp",
  "pbf_D": "exp",
  "beta_C": 3.6666666666666665,
  "beta_D": 3.6666666666666665,
  "percentiles": {
    "tau_1ghz": {
      "median": 0.29502825246657494,
      "lower": 0.253480948105052,
      "upper": 0.33412673262845777,
      "err_minus": 0.04154730436152293,
      "err_plus": 0.03909848016188283
    },
    "alpha": {
      "median": 3.7134764355871885,
      "lower": 3.4813605284705442,
      "upper": 3.9997422234700526,
      "err_minus": 0.23211590711664432,
      "err_plus": 0.28626578788286405
    },
    "t0_C1": {
      "median": 14.641178084908915,
      "lower": 14.610156878897214,
      "upper": 14.671451895212613,
      "err_minus": 0.031021206011700997,
      "err_plus": 0.030273810303697246
    },
    "zeta_C1": {
      "median": 0.10110058788370807,
      "lower": 0.07442035554367409,
      "upper": 0.12842557254088047,
      "err_minus": 0.026680232340033985,
      "err_plus": 0.027324984657172396
    },
    "t0_C2": {
      "median": 431.37705434467915,
      "lower": 165.95352044365944,
      "upper": 608.0374594827396,
      "err_minus": 265.4235339010197,
      "err_plus": 176.6604051380604
    },
    "zeta_C2": {
      "median": 711.2646786074805,
      "lower": 491.9759848271791,
      "upper": 889.4222114153524,
      "err_minus": 219.2886937803014,
      "err_plus": 178.15753280787192
    },
    "delta_dm_C": {
      "median": -0.01649255710155728,
      "lower": -0.02430702734178425,
      "upper": -0.007967824534418355,
      "err_minus": 0.007814470240226967,
      "err_plus": 0.008524732567138926
    },
    "t0_D1": {
      "median": 0.26585290070587075,
      "lower": 0.25495784870901717,
      "upper": 0.2784486275880138,
      "err_minus": 0.010895051996853589,
      "err_plus": 0.012595726882143055
    },
    "zeta_D1": {
      "median": 0.05582742072415712,
      "lower": 0.04611488330309179,
      "upper": 0.06563017707469884,
      "err_minus": 0.009712537421065329,
      "err_plus": 0.009802756350541723
    },
    "delta_dm_D": {
      "median": -0.056805301819025544,
      "lower": -0.08255113316067764,
      "upper": -0.03199670717292946,
      "err_minus": 0.025745831341652092,
      "err_plus": 0.024808594646096083
    }
  },
  "ncall": 881304
}