{
  "burst": "mahi",
  "marginalize_gain": true,
  "marginalize_gain_gp": false,
  "shared_zeta": false,
  "alpha": {
    "median": 2.534328885248237,
    "err_minus": 0.30063182547505685,
    "err_plus": 0.29253240051814977
  },
  "tau_1ghz": {
    "median": 0.24619825631481065,
    "err_minus": 0.025754521327878893,
    "err_plus": 0.026944077256868565
  },
  "log_evidence": 28141.544594932086,
  "log_evidence_err": 0.4270914020204683,
  "alpha_bounds": [
    1.5,
    6.0
  ],
  "components_C": 2,
  "components_D": 1,
  "percentiles": {
    "tau_1ghz": {
      "median": 0.24619825631481065,
      "lower": 0.22044373498693176,
      "upper": 0.2731423335716792,
      "err_minus": 0.025754521327878893,
      "err_plus": 0.026944077256868565
    },
    "alpha": {
      "median": 2.534328885248237,
      "lower": 2.23369705977318,
      "upper": 2.8268612857663866,
      "err_minus": 0.30063182547505685,
      "err_plus": 0.29253240051814977
    },
    "t0_C1": {
      "median": -680.0718886541399,
      "lower": -1270.9028207571291,
      "upper": -413.1285723864685,
      "err_minus": 590.8309321029892,
      "err_plus": 266.94331626767143
    },
    "zeta_C1": {
      "median": 603.8553400987414,
      "lower": 383.3455614372838,
      "upper": 866.7885377447717,
      "err_minus": 220.50977866145763,
      "err_plus": 262.9331976460303
    },
    "t0_C2": {
      "median": -101.76588549553328,
      "lower": -116.4801677848671,
      "upper": -92.67725142654474,
      "err_minus": 14.714282289333823,
      "err_plus": 9.08863406898854
    },
    "zeta_C2": {
      "median": 0.0032954941768936117,
      "lower": 0.0003278286873958078,
      "upper": 0.029822907451423956,
      "err_minus": 0.002967665489497804,
      "err_plus": 0.026527413274530346
    },
    "delta_dm_C": {
      "median": 40.8319037245013,
      "lower": 37.6465466161939,
      "upper": 46.006814283489504,
      "err_minus": 3.1853571083074,
      "err_plus": 5.174910558988202
    },
    "t0_D1": {
      "median": 0.25459701648549227,
      "lower": 0.24576317247145485,
      "upper": 0.2633891236791347,
      "err_minus": 0.008833844014037417,
      "err_plus": 0.008792107193642429
    },
    "zeta_D1": {
      "median": 0.04524735145994576,
      "lower": 0.03730342895128637,
      "upper": 0.05358167439386977,
      "err_minus": 0.007943922508659391,
      "err_plus": 0.008334322933924013
    },
    "delta_dm_D": {
      "median": -0.04687606109938969,
      "lower": -0.07113225416041047,
      "upper": -0.023157911191340474,
      "err_minus": 0.02425619306102078,
      "err_plus": 0.023718149908049213
    }
  },
  "ncall": 844641
}