{
  "burst": "mahi",
  "marginalize_gain": true,
  "marginalize_gain_gp": false,
  "shared_zeta": false,
  "alpha": {
    "median": 2.263706146321267,
    "err_minus": 0.49608178169809913,
    "err_plus": 0.646733680288456
  },
  "tau_1ghz": {
    "median": 78.73362181026725,
    "err_minus": 14.034239066276953,
    "err_plus": 17.706760218703593
  },
  "log_evidence": 27885.703409780643,
  "log_evidence_err": 0.2848777695968698,
  "alpha_bounds": [
    1.5,
    6.0
  ],
  "components_C": 2,
  "components_D": 1,
  "gain_s2": 10.0,
  "percentiles": {
    "tau_1ghz": {
      "median": 78.73362181026725,
      "lower": 64.6993827439903,
      "upper": 96.44038202897084,
      "err_minus": 14.034239066276953,
      "err_plus": 17.706760218703593
    },
    "alpha": {
      "median": 2.263706146321267,
      "lower": 1.767624364623168,
      "upper": 2.910439826609723,
      "err_minus": 0.49608178169809913,
      "err_plus": 0.646733680288456
    },
    "t0_C1": {
      "median": -438.81100617916536,
      "lower": -1235.8935637506088,
      "upper": -278.5668611094238,
      "err_minus": 797.0825575714434,
      "err_plus": 160.24414506974153
    },
    "zeta_C1": {
      "median": 0.09571410609441992,
      "lower": 0.0008975082255511102,
      "upper": 14.209605243053657,
      "err_minus": 0.09481659786886881,
      "err_plus": 14.113891136959237
    },
    "t0_C2": {
      "median": 55.850662472058204,
      "lower": -387.4767055185437,
      "upper": 1023.2158168438528,
      "err_minus": 443.32736799060194,
      "err_plus": 967.3651543717947
    },
    "zeta_C2": {
      "median": 0.019042368292552233,
      "lower": 0.00035035790367835234,
      "upper": 6.927382868089193,
      "err_minus": 0.01869201038887388,
      "err_plus": 6.908340499796641
    },
    "delta_dm_C": {
      "median": 1.342046391834387,
      "lower": -11.394971371696812,
      "upper": 20.31427575182373,
      "err_minus": 12.737017763531199,
      "err_plus": 18.972229359989342
    },
    "t0_D1": {
      "median": 0.19968371456106648,
      "lower": 0.18570713835548358,
      "upper": 0.2175916584858567,
      "err_minus": 0.013976576205582902,
      "err_plus": 0.017907943924790226
    },
    "zeta_D1": {
      "median": 0.0020123991759255304,
      "lower": 0.0002505741433966643,
      "upper": 0.0115802736358261,
      "err_minus": 0.0017618250325288662,
      "err_plus": 0.00956787445990057
    },
    "delta_dm_D": {
      "median": -0.11400830042028787,
      "lower": -0.1665658502827938,
      "upper": -0.0565503997814929,
      "err_minus": 0.05255754986250594,
      "err_plus": 0.05745790063879497
    }
  },
  "ncall": 442260
}