{
  "burst": "mahi",
  "marginalize_gain": true,
  "marginalize_gain_gp": false,
  "shared_zeta": false,
  "alpha": {
    "median": 3.5415878444553757,
    "err_minus": 0.14514799934434164,
    "err_plus": 0.14168872111928454
  },
  "tau_1ghz": {
    "median": 2.079206340452454,
    "err_minus": 0.09574775037269045,
    "err_plus": 0.08548307501242824
  },
  "log_evidence": -5927.808593473624,
  "log_evidence_err": 0.3840992772297866,
  "alpha_bounds": [
    1.5,
    6.0
  ],
  "components_C": 1,
  "components_D": 1,
  "gain_s2": 1.0,
  "percentiles": {
    "tau_1ghz": {
      "median": 2.079206340452454,
      "lower": 1.9834585900797634,
      "upper": 2.164689415464882,
      "err_minus": 0.09574775037269045,
      "err_plus": 0.08548307501242824
    },
    "alpha": {
      "median": 3.5415878444553757,
      "lower": 3.396439845111034,
      "upper": 3.68327656557466,
      "err_minus": 0.14514799934434164,
      "err_plus": 0.14168872111928454
    },
    "t0_C": {
      "median": -3223.5757386812406,
      "lower": -3351.000959202354,
      "upper": -3039.834335911864,
      "err_minus": 127.42522052111326,
      "err_plus": 183.7414027693767
    },
    "zeta_C": {
      "median": 413.9257134965631,
      "lower": 389.83530374020046,
      "upper": 430.0787653552846,
      "err_minus": 24.090409756362646,
      "err_plus": 16.153051858721483
    },
    "delta_dm_C": {
      "median": -3.2872801262470404,
      "lower": -4.707284641929107,
      "upper": -2.0305827075724636,
      "err_minus": 1.4200045156820664,
      "err_plus": 1.2566974186745767
    },
    "t0_D": {
      "median": -0.6537944711233951,
      "lower": -0.6875936945727357,
      "upper": -0.5696053876627337,
      "err_minus": 0.03379922344934061,
      "err_plus": 0.08418908346066134
    },
    "zeta_D": {
      "median": 0.006273742589656164,
      "lower": 0.0005357352382604977,
      "upper": 0.05436942070942451,
      "err_minus": 0.005738007351395666,
      "err_plus": 0.048095678119768344
    },
    "delta_dm_D": {
      "median": -49.108632713169264,
      "lower": -49.75207317492866,
      "upper": -47.957138501357996,
      "err_minus": 0.643440461759397,
      "err_plus": 1.1514942118112685
    }
  },
  "ncall": 579764,
  "gain_recovered": true
}