{
  "burst": "mahi",
  "marginalize_gain": true,
  "marginalize_gain_gp": false,
  "shared_zeta": false,
  "alpha": {
    "median": 3.7898562818693335,
    "err_minus": 0.23839901038215938,
    "err_plus": 0.29047240728113444
  },
  "tau_1ghz": {
    "median": 0.29125351721511733,
    "err_minus": 0.04597841650279946,
    "err_plus": 0.041173581645685464
  },
  "log_evidence": 28336.635970366606,
  "log_evidence_err": 0.472798654307995,
  "alpha_bounds": [
    1.0,
    6.0
  ],
  "components_C": 1,
  "components_D": 1,
  "gain_s2": 10.0,
  "pbf_C": "exp",
  "pbf_D": "exp",
  "beta_C": 3.6666666666666665,
  "beta_D": 3.6666666666666665,
  "percentiles": {
    "tau_1ghz": {
      "median": 0.29125351721511733,
      "lower": 0.24527510071231787,
      "upper": 0.3324270988608028,
      "err_minus": 0.04597841650279946,
      "err_plus": 0.041173581645685464
    },
    "alpha": {
      "median": 3.7898562818693335,
      "lower": 3.551457271487174,
      "upper": 4.080328689150468,
      "err_minus": 0.23839901038215938,
      "err_plus": 0.29047240728113444
    },
    "t0_C1": {
      "median": 14.6439523378981,
      "lower": 14.613595118556987,
      "upper": 14.676165325868169,
      "err_minus": 0.030357219341112796,
      "err_plus": 0.03221298797006966
    },
    "zeta_C1": {
      "median": 0.10250411079836536,
      "lower": 0.07667828408034431,
      "upper": 0.13052431167996786,
      "err_minus": 0.02582582671802104,
      "err_plus": 0.02802020088160251
    },
    "delta_dm_C": {
      "median": -0.01722700450397241,
      "lower": -0.02516350395477218,
      "upper": -0.008862759706659062,
      "err_minus": 0.007936499450799772,
      "err_plus": 0.008364244797313347
    },
    "t0_D1": {
      "median": 0.2672022541484309,
      "lower": 0.25583827212411414,
      "upper": 0.2803730630222532,
      "err_minus": 0.011363982024316766,
      "err_plus": 0.01317080887382227
    },
    "zeta_D1": {
      "median": 0.05703803471055253,
      "lower": 0.04737141465979296,
      "upper": 0.06693691902292812,
      "err_minus": 0.009666620050759571,
      "err_plus": 0.009898884312375587
    },
    "delta_dm_D": {
      "median": -0.0570751622314134,
      "lower": -0.08123611270892894,
      "upper": -0.031824839882645506,
      "err_minus": 0.02416095047751554,
      "err_plus": 0.025250322348767895
    }
  },
  "ncall": 805002
}