{
  "burst": "mahi",
  "marginalize_gain": true,
  "marginalize_gain_gp": false,
  "shared_zeta": false,
  "alpha": {
    "median": 2.0968247515802343,
    "err_minus": 0.6709474395033379,
    "err_plus": 0.5734177273884962
  },
  "tau_1ghz": {
    "median": 246.93312665786706,
    "err_minus": 56.74738346199095,
    "err_plus": 61.641006295066546
  },
  "log_evidence": 27884.48932585504,
  "log_evidence_err": 0.29845487131387216,
  "alpha_bounds": [
    1.0,
    6.0
  ],
  "components_C": 1,
  "components_D": 1,
  "gain_s2": 100.0,
  "pbf_C": "exp",
  "pbf_D": "exp",
  "beta_C": 3.6666666666666665,
  "beta_D": 3.6666666666666665,
  "percentiles": {
    "tau_1ghz": {
      "median": 246.93312665786706,
      "lower": 190.1857431958761,
      "upper": 308.5741329529336,
      "err_minus": 56.74738346199095,
      "err_plus": 61.641006295066546
    },
    "alpha": {
      "median": 2.0968247515802343,
      "lower": 1.4258773120768964,
      "upper": 2.6702424789687305,
      "err_minus": 0.6709474395033379,
      "err_plus": 0.5734177273884962
    },
    "t0_C1": {
      "median": -1064.1604303699842,
      "lower": -1340.6733223574074,
      "upper": -787.1557937730204,
      "err_minus": 276.51289198742325,
      "err_plus": 277.0046365969638
    },
    "zeta_C1": {
      "median": 0.3564784557867339,
      "lower": 0.0013718794645166186,
      "upper": 97.6826814047588,
      "err_minus": 0.3551065763222173,
      "err_plus": 97.32620294897207
    },
    "delta_dm_C": {
      "median": 2.4955158754573006,
      "lower": -23.868099941486108,
      "upper": 32.188304347519974,
      "err_minus": 26.36361581694341,
      "err_plus": 29.692788472062674
    },
    "t0_D1": {
      "median": 0.20059107692611222,
      "lower": 0.1797236477456432,
      "upper": 0.21702329640127027,
      "err_minus": 0.02086742918046902,
      "err_plus": 0.01643221947515805
    },
    "zeta_D1": {
      "median": 0.0016296005638195155,
      "lower": 0.00024247730079510497,
      "upper": 0.011484188930751725,
      "err_minus": 0.0013871232630244105,
      "err_plus": 0.00985458836693221
    },
    "delta_dm_D": {
      "median": -0.11294812947453181,
      "lower": -0.1654064473900405,
      "upper": -0.055517939959685236,
      "err_minus": 0.0524583179155087,
      "err_plus": 0.057430189514846575
    }
  },
  "ncall": 309932
}