{
  "burst": "mahi",
  "marginalize_gain": true,
  "marginalize_gain_gp": false,
  "shared_zeta": false,
  "alpha": {
    "median": 3.79240573255445,
    "err_minus": 0.2289831913487128,
    "err_plus": 0.31666448915522727
  },
  "tau_1ghz": {
    "median": 0.2895199611437149,
    "err_minus": 0.04788910836780427,
    "err_plus": 0.04205987106371262
  },
  "log_evidence": 28368.037670117497,
  "log_evidence_err": 0.5044762172395514,
  "alpha_bounds": [
    1.0,
    6.0
  ],
  "components_C": 1,
  "components_D": 1,
  "gain_s2": 1.0,
  "pbf_C": "exp",
  "pbf_D": "exp",
  "beta_C": 3.6666666666666665,
  "beta_D": 3.6666666666666665,
  "percentiles": {
    "tau_1ghz": {
      "median": 0.2895199611437149,
      "lower": 0.24163085277591065,
      "upper": 0.33157983220742754,
      "err_minus": 0.04788910836780427,
      "err_plus": 0.04205987106371262
    },
    "alpha": {
      "median": 3.79240573255445,
      "lower": 3.563422541205737,
      "upper": 4.109070221709677,
      "err_minus": 0.2289831913487128,
      "err_plus": 0.31666448915522727
    },
    "t0_C1": {
      "median": 14.643233095097003,
      "lower": 14.612441760582897,
      "upper": 14.675369221070923,
      "err_minus": 0.030791334514105984,
      "err_plus": 0.03213612597392057
    },
    "zeta_C1": {
      "median": 0.1037904469785763,
      "lower": 0.07647808920987968,
      "upper": 0.1303360581529724,
      "err_minus": 0.027312357768696616,
      "err_plus": 0.02654561117439609
    },
    "delta_dm_C": {
      "median": -0.01738334946703901,
      "lower": -0.025012888096448194,
      "upper": -0.008874876984883429,
      "err_minus": 0.007629538629409183,
      "err_plus": 0.008508472482155582
    },
    "t0_D1": {
      "median": 0.26792443828801316,
      "lower": 0.2565483025871782,
      "upper": 0.28114335076038743,
      "err_minus": 0.011376135700834955,
      "err_plus": 0.013218912472374278
    },
    "zeta_D1": {
      "median": 0.057299617884925186,
      "lower": 0.04785207916724403,
      "upper": 0.0671981796106007,
      "err_minus": 0.009447538717681156,
      "err_plus": 0.00989856172567552
    },
    "delta_dm_D": {
      "median": -0.056421875573484215,
      "lower": -0.08211213474064039,
      "upper": -0.032487110049920886,
      "err_minus": 0.02569025916715617,
      "err_plus": 0.02393476552356333
    }
  },
  "ncall": 895870
}