{
  "burst": "mahi",
  "marginalize_gain": true,
  "marginalize_gain_gp": false,
  "shared_zeta": false,
  "alpha": {
    "median": 3.707895420841981,
    "err_minus": 0.22877970949489201,
    "err_plus": 0.297902428648269
  },
  "tau_1ghz": {
    "median": 0.29610299758957387,
    "err_minus": 0.045163923367278924,
    "err_plus": 0.0383018039200238
  },
  "log_evidence": 28418.262425207995,
  "log_evidence_err": 0.5084842213376515,
  "alpha_bounds": [
    1.5,
    6.0
  ],
  "components_C": 2,
  "components_D": 1,
  "gain_s2": 1.0,
  "percentiles": {
    "tau_1ghz": {
      "median": 0.29610299758957387,
      "lower": 0.25093907422229494,
      "upper": 0.33440480150959767,
      "err_minus": 0.045163923367278924,
      "err_plus": 0.0383018039200238
    },
    "alpha": {
      "median": 3.707895420841981,
      "lower": 3.479115711347089,
      "upper": 4.00579784949025,
      "err_minus": 0.22877970949489201,
      "err_plus": 0.297902428648269
    },
    "t0_C1": {
      "median": -121.50591902489714,
      "lower": -170.12197901379568,
      "upper": -46.53755740049064,
      "err_minus": 48.61605998889854,
      "err_plus": 74.9683616244065
    },
    "zeta_C1": {
      "median": 217.65099385824982,
      "lower": 141.550073599593,
      "upper": 300.5704169643236,
      "err_minus": 76.10092025865683,
      "err_plus": 82.9194231060738
    },
    "t0_C2": {
      "median": 14.64264438021307,
      "lower": 14.613084308097925,
      "upper": 14.672725801662793,
      "err_minus": 0.029560072115145886,
      "err_plus": 0.030081421449722257
    },
    "zeta_C2": {
      "median": 0.10046649799204403,
      "lower": 0.07474931701034235,
      "upper": 0.12798038016931768,
      "err_minus": 0.025717180981701684,
      "err_plus": 0.027513882177273644
    },
    "delta_dm_C": {
      "median": -0.016963235012504185,
      "lower": -0.024535551279306844,
      "upper": -0.00895650974231188,
      "err_minus": 0.007572316266802659,
      "err_plus": 0.008006725270192305
    },
    "t0_D1": {
      "median": 0.2656011632788655,
      "lower": 0.2548619619399133,
      "upper": 0.2781039399653372,
      "err_minus": 0.010739201338952231,
      "err_plus": 0.012502776686471706
    },
    "zeta_D1": {
      "median": 0.05561353536216191,
      "lower": 0.045908202769037613,
      "upper": 0.06520932983475662,
      "err_minus": 0.009705332593124297,
      "err_plus": 0.009595794472594711
    },
    "delta_dm_D": {
      "median": -0.05701310062455889,
      "lower": -0.08078342864362753,
      "upper": -0.03274956606196611,
      "err_minus": 0.023770328019068643,
      "err_plus": 0.02426353456259278
    }
  },
  "ncall": 1011485
}