{
  "burst": "mahi",
  "marginalize_gain": true,
  "marginalize_gain_gp": false,
  "shared_zeta": false,
  "alpha": {
    "median": 3.6723916337809372,
    "err_minus": 0.2185921669240538,
    "err_plus": 0.2622746375569571
  },
  "tau_1ghz": {
    "median": 0.3019292713133444,
    "err_minus": 0.040577963058175626,
    "err_plus": 0.03677145955133815
  },
  "log_evidence": 28419.764879078746,
  "log_evidence_err": 0.506014987108101,
  "alpha_bounds": [
    1.0,
    6.0
  ],
  "components_C": 2,
  "components_D": 1,
  "gain_s2": 1.0,
  "pbf_C": "exp",
  "pbf_D": "exp",
  "beta_C": 3.6666666666666665,
  "beta_D": 3.6666666666666665,
  "percentiles": {
    "tau_1ghz": {
      "median": 0.3019292713133444,
      "lower": 0.2613513082551688,
      "upper": 0.33870073086468255,
      "err_minus": 0.040577963058175626,
      "err_plus": 0.03677145955133815
    },
    "alpha": {
      "median": 3.6723916337809372,
      "lower": 3.4537994668568834,
      "upper": 3.9346662713378944,
      "err_minus": 0.2185921669240538,
      "err_plus": 0.2622746375569571
    },
    "t0_C1": {
      "median": -122.58556608332083,
      "lower": -170.45414213108052,
      "upper": -49.1545616212602,
      "err_minus": 47.86857604775969,
      "err_plus": 73.43100446206063
    },
    "zeta_C1": {
      "median": 215.52254682933398,
      "lower": 139.83828028489717,
      "upper": 297.5201275306198,
      "err_minus": 75.68426654443681,
      "err_plus": 81.99758070128581
    },
    "t0_C2": {
      "median": 14.638235794158092,
      "lower": 14.60675895007141,
      "upper": 14.669148771454886,
      "err_minus": 0.03147684408668283,
      "err_plus": 0.030912977296793542
    },
    "zeta_C2": {
      "median": 0.09990093105018301,
      "lower": 0.07399785881027757,
      "upper": 0.12739362921481467,
      "err_minus": 0.025903072239905442,
      "err_plus": 0.027492698164631665
    },
    "delta_dm_C": {
      "median": -0.015950906751371008,
      "lower": -0.023488012623246846,
      "upper": -0.0066657944646735245,
      "err_minus": 0.007537105871875838,
      "err_plus": 0.009285112286697483
    },
    "t0_D1": {
      "median": 0.2638088027059081,
      "lower": 0.2534557595798079,
      "upper": 0.2755570918540925,
      "err_minus": 0.010353043126100192,
      "err_plus": 0.011748289148184377
    },
    "zeta_D1": {
      "median": 0.0540269413940199,
      "lower": 0.04523435131125378,
      "upper": 0.0636748429529854,
      "err_minus": 0.008792590082766123,
      "err_plus": 0.009647901558965492
    },
    "delta_dm_D": {
      "median": -0.05504119249628303,
      "lower": -0.07970253380793224,
      "upper": -0.03067265192351698,
      "err_minus": 0.02466134131164921,
      "err_plus": 0.02436854057276605
    }
  },
  "ncall": 980814
}