{
  "burst": "mahi",
  "marginalize_gain": true,
  "marginalize_gain_gp": false,
  "shared_zeta": false,
  "alpha": {
    "median": 3.5801579535662906,
    "err_minus": 0.18028835690659317,
    "err_plus": 0.15173886062744613
  },
  "tau_1ghz": {
    "median": 2.1066544007544956,
    "err_minus": 0.10404913926653814,
    "err_plus": 0.09191694335743339
  },
  "log_evidence": -5924.827452672812,
  "log_evidence_err": 0.3743303417574925,
  "alpha_bounds": [
    1.5,
    6.0
  ],
  "components_C": 1,
  "components_D": 1,
  "gain_s2": 100.0,
  "percentiles": {
    "tau_1ghz": {
      "median": 2.1066544007544956,
      "lower": 2.0026052614879575,
      "upper": 2.198571344111929,
      "err_minus": 0.10404913926653814,
      "err_plus": 0.09191694335743339
    },
    "alpha": {
      "median": 3.5801579535662906,
      "lower": 3.3998695966596975,
      "upper": 3.7318968141937368,
      "err_minus": 0.18028835690659317,
      "err_plus": 0.15173886062744613
    },
    "t0_C": {
      "median": -3326.0634703862715,
      "lower": -3408.2731933195414,
      "upper": -3145.0218816004603,
      "err_minus": 82.20972293326986,
      "err_plus": 181.0415887858112
    },
    "zeta_C": {
      "median": 427.31998619654047,
      "lower": 403.65600880214953,
      "upper": 437.91343142466366,
      "err_minus": 23.66397739439094,
      "err_plus": 10.593445228123187
    },
    "delta_dm_C": {
      "median": -3.5436169992382673,
      "lower": -5.0734684029310415,
      "upper": -2.3278130730704234,
      "err_minus": 1.5298514036927742,
      "err_plus": 1.215803926167844
    },
    "t0_D": {
      "median": -0.6543039266038033,
      "lower": -0.6872187333754579,
      "upper": -0.5843616404390766,
      "err_minus": 0.03291480677165459,
      "err_plus": 0.06994228616472675
    },
    "zeta_D": {
      "median": 0.002835114204781188,
      "lower": 0.00028579181432658964,
      "upper": 0.04671400902857844,
      "err_minus": 0.002549322390454598,
      "err_plus": 0.043878894823797254
    },
    "delta_dm_D": {
      "median": -49.2066621582429,
      "lower": -49.784230294861985,
      "upper": -48.081119723908714,
      "err_minus": 0.5775681366190852,
      "err_plus": 1.1255424343341858
    }
  },
  "ncall": 541370,
  "gain_recovered": true
}