{
  "burst": "mahi",
  "marginalize_gain": true,
  "marginalize_gain_gp": false,
  "shared_zeta": false,
  "alpha": {
    "median": 4.0893994834711425,
    "err_minus": 1.6836278819918968,
    "err_plus": 1.3402712371573067
  },
  "tau_1ghz": {
    "median": 0.13021278882669413,
    "err_minus": 0.05478607729818438,
    "err_plus": 0.1282732288540399
  },
  "log_evidence": 27930.081369720967,
  "log_evidence_err": 0.34845079818118374,
  "alpha_bounds": [
    1.5,
    6.0
  ],
  "components_C": 2,
  "components_D": 1,
  "gain_s2": 100.0,
  "percentiles": {
    "tau_1ghz": {
      "median": 0.13021278882669413,
      "lower": 0.07542671152850974,
      "upper": 0.25848601768073404,
      "err_minus": 0.05478607729818438,
      "err_plus": 0.1282732288540399
    },
    "alpha": {
      "median": 4.0893994834711425,
      "lower": 2.4057716014792456,
      "upper": 5.429670720628449,
      "err_minus": 1.6836278819918968,
      "err_plus": 1.3402712371573067
    },
    "t0_C1": {
      "median": -102.51368573537047,
      "lower": -116.3640610493394,
      "upper": -93.42789507847374,
      "err_minus": 13.850375313968925,
      "err_plus": 9.085790656896734
    },
    "zeta_C1": {
      "median": 0.0029355754562710224,
      "lower": 0.00029314076563554693,
      "upper": 0.029391862566234182,
      "err_minus": 0.0026424346906354754,
      "err_plus": 0.02645628710996316
    },
    "t0_C2": {
      "median": 272.1565069089863,
      "lower": 28.61213881821611,
      "upper": 512.5177689233866,
      "err_minus": 243.54436809077015,
      "err_plus": 240.36126201440032
    },
    "zeta_C2": {
      "median": 919.5269112145213,
      "lower": 813.9725834248968,
      "upper": 978.5500985553933,
      "err_minus": 105.5543277896245,
      "err_plus": 59.02318734087203
    },
    "delta_dm_C": {
      "median": 41.08899332527626,
      "lower": 37.90906200436058,
      "upper": 45.96296715882396,
      "err_minus": 3.179931320915685,
      "err_plus": 4.873973833547694
    },
    "t0_D1": {
      "median": 0.06919277460641693,
      "lower": -0.47198356859283397,
      "upper": 0.6677730810097884,
      "err_minus": 0.5411763431992509,
      "err_plus": 0.5985803064033715
    },
    "zeta_D1": {
      "median": 66.90757484705117,
      "lower": 54.771299329079476,
      "upper": 81.1958208353368,
      "err_minus": 12.13627551797169,
      "err_plus": 14.288245988285638
    },
    "delta_dm_D": {
      "median": 0.7335230020706689,
      "lower": -33.692179723422754,
      "upper": 34.257241453920855,
      "err_minus": 34.42570272549342,
      "err_plus": 33.523718451850186
    }
  },
  "ncall": 435552
}