{
  "burst": "mahi",
  "marginalize_gain": true,
  "marginalize_gain_gp": false,
  "shared_zeta": false,
  "alpha": {
    "median": 3.589812250901491,
    "err_minus": 0.22119074488915746,
    "err_plus": 0.14004207219935916
  },
  "tau_1ghz": {
    "median": 2.056035315230249,
    "err_minus": 0.08407463788721548,
    "err_plus": 0.09624812981225439
  },
  "log_evidence": -5927.982925913246,
  "log_evidence_err": 0.37141450672941545,
  "alpha_bounds": [
    1.5,
    6.0
  ],
  "components_C": 1,
  "components_D": 1,
  "gain_s2": 10.0,
  "percentiles": {
    "tau_1ghz": {
      "median": 2.056035315230249,
      "lower": 1.9719606773430336,
      "upper": 2.1522834450425035,
      "err_minus": 0.08407463788721548,
      "err_plus": 0.09624812981225439
    },
    "alpha": {
      "median": 3.589812250901491,
      "lower": 3.3686215060123335,
      "upper": 3.72985432310085,
      "err_minus": 0.22119074488915746,
      "err_plus": 0.14004207219935916
    },
    "t0_C": {
      "median": -3245.191215277182,
      "lower": -3359.8116282000665,
      "upper": -3040.7783751783095,
      "err_minus": 114.6204129228845,
      "err_plus": 204.4128400988725
    },
    "zeta_C": {
      "median": 416.16819108431525,
      "lower": 389.9178140029789,
      "upper": 431.1580039580117,
      "err_minus": 26.250377081336353,
      "err_plus": 14.98981287369645
    },
    "delta_dm_C": {
      "median": -2.9860852929709267,
      "lower": -4.499217958958269,
      "upper": -1.9153255123695558,
      "err_minus": 1.5131326659873423,
      "err_plus": 1.070759780601371
    },
    "t0_D": {
      "median": -0.6123607953649558,
      "lower": -0.6812571554903125,
      "upper": 0.8792686827390139,
      "err_minus": 0.06889636012535671,
      "err_plus": 1.4916294781039698
    },
    "zeta_D": {
      "median": 0.0044653136560810205,
      "lower": 0.00038565744308994323,
      "upper": 0.060147900472368704,
      "err_minus": 0.004079656212991077,
      "err_plus": 0.05568258681628768
    },
    "delta_dm_D": {
      "median": -49.18120474819791,
      "lower": -49.78529455219839,
      "upper": -48.032003464334295,
      "err_minus": 0.6040898040004734,
      "err_plus": 1.1492012838636185
    }
  },
  "ncall": 591888,
  "gain_recovered": true
}