{
  "burst": "mahi",
  "marginalize_gain": true,
  "marginalize_gain_gp": false,
  "shared_zeta": false,
  "alpha": {
    "median": 2.312594970862599,
    "err_minus": 0.7203926140046035,
    "err_plus": 0.6540006895992914
  },
  "tau_1ghz": {
    "median": 262.9864927609967,
    "err_minus": 57.413380963807555,
    "err_plus": 77.30464996860917
  },
  "log_evidence": 27885.14639893451,
  "log_evidence_err": 0.2939442410486142,
  "alpha_bounds": [
    1.0,
    6.0
  ],
  "components_C": 2,
  "components_D": 1,
  "gain_s2": 100.0,
  "pbf_C": "exp",
  "pbf_D": "exp",
  "beta_C": 3.6666666666666665,
  "beta_D": 3.6666666666666665,
  "percentiles": {
    "tau_1ghz": {
      "median": 262.9864927609967,
      "lower": 205.57311179718917,
      "upper": 340.2911427296059,
      "err_minus": 57.413380963807555,
      "err_plus": 77.30464996860917
    },
    "alpha": {
      "median": 2.312594970862599,
      "lower": 1.5922023568579955,
      "upper": 2.9665956604618904,
      "err_minus": 0.7203926140046035,
      "err_plus": 0.6540006895992914
    },
    "t0_C1": {
      "median": -1326.2002165080598,
      "lower": -2635.3680184592076,
      "upper": -898.9779062438602,
      "err_minus": 1309.1678019511478,
      "err_plus": 427.2223102641997
    },
    "zeta_C1": {
      "median": 0.11903785905184076,
      "lower": 0.001129964234853,
      "upper": 57.54746827990902,
      "err_minus": 0.11790789481698777,
      "err_plus": 57.428430420857175
    },
    "t0_C2": {
      "median": 167.6455372219204,
      "lower": -1176.6354788125102,
      "upper": 1562.0540080682624,
      "err_minus": 1344.2810160344306,
      "err_plus": 1394.408470846342
    },
    "zeta_C2": {
      "median": 0.03173254696497716,
      "lower": 0.00048798421645910846,
      "upper": 22.316595107838346,
      "err_minus": 0.031244562748518053,
      "err_plus": 22.284862560873368
    },
    "delta_dm_C": {
      "median": -7.70782692203786,
      "lower": -31.826865847066255,
      "upper": 24.278719499456273,
      "err_minus": 24.119038925028395,
      "err_plus": 31.986546421494133
    },
    "t0_D1": {
      "median": 0.20180328141029025,
      "lower": 0.18108047085632595,
      "upper": 0.2166545720942138,
      "err_minus": 0.0207228105539643,
      "err_plus": 0.014851290683923546
    },
    "zeta_D1": {
      "median": 0.001880801729668584,
      "lower": 0.00022789689086399623,
      "upper": 0.011867006424504025,
      "err_minus": 0.0016529048388045878,
      "err_plus": 0.009986204694835441
    },
    "delta_dm_D": {
      "median": -0.1135915375112404,
      "lower": -0.1624989315565628,
      "upper": -0.05862145969127397,
      "err_minus": 0.048907394045322405,
      "err_plus": 0.054970077819966434
    }
  },
  "ncall": 399498
}