{
  "burst": "oran",
  "marginalize_gain": true,
  "marginalize_gain_gp": false,
  "shared_zeta": false,
  "alpha": {
    "median": 2.6515691706041618,
    "err_minus": 0.16977565890097424,
    "err_plus": 0.1628608602827084
  },
  "tau_1ghz": {
    "median": 0.7569838070962384,
    "err_minus": 0.058927242250198186,
    "err_plus": 0.05369543544098454
  },
  "log_evidence": 25015.100050114652,
  "log_evidence_err": 0.5230379132152215,
  "alpha_bounds": [
    1.0,
    6.0
  ],
  "components_C": 2,
  "components_D": 1,
  "gain_s2": 1.0,
  "pbf_C": "exp",
  "pbf_D": "exp",
  "beta_C": 3.6666666666666665,
  "beta_D": 3.6666666666666665,
  "percentiles": {
    "tau_1ghz": {
      "median": 0.7569838070962384,
      "lower": 0.6980565648460402,
      "upper": 0.8106792425372229,
      "err_minus": 0.058927242250198186,
      "err_plus": 0.05369543544098454
    },
    "alpha": {
      "median": 2.6515691706041618,
      "lower": 2.4817935117031875,
      "upper": 2.81443003088687,
      "err_minus": 0.16977565890097424,
      "err_plus": 0.1628608602827084
    },
    "t0_C1": {
      "median": 19.69461688699572,
      "lower": 19.666199618189154,
      "upper": 19.7550858986788,
      "err_minus": 0.028417268806567364,
      "err_plus": 0.06046901168307883
    },
    "zeta_C1": {
      "median": 5.366755129690754,
      "lower": 5.218670948302375,
      "upper": 5.5163845586211195,
      "err_minus": 0.14808418138837887,
      "err_plus": 0.1496294289303659
    },
    "t0_C2": {
      "median": 20.75890973860229,
      "lower": 20.623742829387144,
      "upper": 20.909484834929863,
      "err_minus": 0.1351669092151475,
      "err_plus": 0.1505750963275716
    },
    "zeta_C2": {
      "median": 4.501954466624892,
      "lower": 4.363501960920436,
      "upper": 4.6459829204548,
      "err_minus": 0.1384525057044561,
      "err_plus": 0.14402845382990836
    },
    "delta_dm_C": {
      "median": -0.600111393570522,
      "lower": -0.6446726910616078,
      "upper": -0.5495444774249947,
      "err_minus": 0.04456129749108584,
      "err_plus": 0.05056691614552733
    },
    "t0_D1": {
      "median": 0.3843347044437522,
      "lower": 0.37232681029297154,
      "upper": 0.39546333092860664,
      "err_minus": 0.01200789415078063,
      "err_plus": 0.011128626484854465
    },
    "zeta_D1": {
      "median": 0.06359338106448777,
      "lower": 0.05515724175140386,
      "upper": 0.07347492961855535,
      "err_minus": 0.008436139313083908,
      "err_plus": 0.009881548554067587
    },
    "delta_dm_D": {
      "median": 0.046035816979475896,
      "lower": 0.01823552438402487,
      "upper": 0.0774799976984255,
      "err_minus": 0.027800292595451026,
      "err_plus": 0.03144418071894961
    }
  },
  "ncall": 1114891
}