{
  "burst": "oran",
  "marginalize_gain": true,
  "marginalize_gain_gp": false,
  "shared_zeta": false,
  "alpha": {
    "median": 2.8060935697640335,
    "err_minus": 0.168683286177004,
    "err_plus": 0.15394629933113357
  },
  "tau_1ghz": {
    "median": 0.7975456843897404,
    "err_minus": 0.05491881556552647,
    "err_plus": 0.054695005508014205
  },
  "log_evidence": 24951.18633651672,
  "log_evidence_err": 0.5244376930682905,
  "alpha_bounds": [
    1.0,
    6.0
  ],
  "components_C": 2,
  "components_D": 1,
  "gain_s2": 100.0,
  "pbf_C": "exp",
  "pbf_D": "exp",
  "beta_C": 3.6666666666666665,
  "beta_D": 3.6666666666666665,
  "percentiles": {
    "tau_1ghz": {
      "median": 0.7975456843897404,
      "lower": 0.7426268688242139,
      "upper": 0.8522406898977546,
      "err_minus": 0.05491881556552647,
      "err_plus": 0.054695005508014205
    },
    "alpha": {
      "median": 2.8060935697640335,
      "lower": 2.6374102835870294,
      "upper": 2.960039869095167,
      "err_minus": 0.168683286177004,
      "err_plus": 0.15394629933113357
    },
    "t0_C1": {
      "median": 19.69761676530547,
      "lower": 19.666552552047854,
      "upper": 19.768107195410437,
      "err_minus": 0.03106421325761488,
      "err_plus": 0.07049043010496803
    },
    "zeta_C1": {
      "median": 4.862422318007397,
      "lower": 4.735297687125691,
      "upper": 5.003749932846218,
      "err_minus": 0.12712463088170622,
      "err_plus": 0.14132761483882117
    },
    "t0_C2": {
      "median": 19.90818850694058,
      "lower": 19.868120974799556,
      "upper": 19.98360693535969,
      "err_minus": 0.04006753214102332,
      "err_plus": 0.07541842841910906
    },
    "zeta_C2": {
      "median": 4.699529977524518,
      "lower": 4.5675024231471815,
      "upper": 4.843875359272604,
      "err_minus": 0.13202755437733682,
      "err_plus": 0.14434538174808598
    },
    "delta_dm_C": {
      "median": -0.6004223949874543,
      "lower": -0.6454580016854194,
      "upper": -0.5543432106677102,
      "err_minus": 0.045035606697965136,
      "err_plus": 0.046079184319744115
    },
    "t0_D1": {
      "median": 0.38363540183358324,
      "lower": 0.37106478517433317,
      "upper": 0.39667627851530085,
      "err_minus": 0.012570616659250078,
      "err_plus": 0.013040876681717606
    },
    "zeta_D1": {
      "median": 0.06167210436353401,
      "lower": 0.052450038108908886,
      "upper": 0.07154300433097086,
      "err_minus": 0.00922206625462512,
      "err_plus": 0.009870899967436848
    },
    "delta_dm_D": {
      "median": 0.04930297527452154,
      "lower": 0.017304499966463993,
      "upper": 0.08330509096599314,
      "err_minus": 0.03199847530805755,
      "err_plus": 0.0340021156914716
    }
  },
  "ncall": 1132226
}