{
  "burst": "oran",
  "marginalize_gain": true,
  "alpha": {
    "median": 5.964836211448997,
    "err_minus": 0.04720384861234628,
    "err_plus": 0.02559777059911461
  },
  "tau_1ghz": {
    "median": 6.1900605186005295,
    "err_minus": 0.18100576071333396,
    "err_plus": 0.13823426383152704
  },
  "log_evidence": -5987.679177717469,
  "log_evidence_err": 0.3789469004193903,
  "alpha_bounds": [
    1.0,
    6.0
  ],
  "percentiles": {
    "tau_1ghz": {
      "median": 6.1900605186005295,
      "lower": 6.009054757887196,
      "upper": 6.328294782432057,
      "err_minus": 0.18100576071333396,
      "err_plus": 0.13823426383152704
    },
    "alpha": {
      "median": 5.964836211448997,
      "lower": 5.917632362836651,
      "upper": 5.990433982048112,
      "err_minus": 0.04720384861234628,
      "err_plus": 0.02559777059911461
    },
    "t0_C": {
      "median": 49.08188620085575,
      "lower": 37.521444369636654,
      "upper": 57.083397795882924,
      "err_minus": 11.560441831219094,
      "err_plus": 8.001511595027175
    },
    "zeta_C": {
      "median": 137.1980039377785,
      "lower": 133.06430300392364,
      "upper": 144.97059704385043,
      "err_minus": 4.133700933854868,
      "err_plus": 7.772593106071923
    },
    "delta_dm_C": {
      "median": 49.50757349494155,
      "lower": 48.69847503030094,
      "upper": 49.872291778280896,
      "err_minus": 0.8090984646406127,
      "err_plus": 0.364718283339343
    },
    "t0_D": {
      "median": -16.27198383425839,
      "lower": -16.324559531928255,
      "upper": -16.14800197705591,
      "err_minus": 0.05257569766986592,
      "err_plus": 0.12398185720248023
    },
    "zeta_D": {
      "median": 0.02737277907241452,
      "lower": 0.0015712555813262707,
      "upper": 0.16095910339097863,
      "err_minus": 0.025801523491088246,
      "err_plus": 0.1335863243185641
    },
    "delta_dm_D": {
      "median": -47.72916442327899,
      "lower": -49.30596725707477,
      "upper": -45.410991046205794,
      "err_minus": 1.5768028337957816,
      "err_plus": 2.318173377073194
    }
  },
  "ncall": 551914,
  "gain_recovered": true
}