{
  "burst": "oran",
  "marginalize_gain": true,
  "marginalize_gain_gp": false,
  "shared_zeta": false,
  "alpha": {
    "median": 2.6876799755043654,
    "err_minus": 0.16435178756645819,
    "err_plus": 0.16046673876005535
  },
  "tau_1ghz": {
    "median": 0.7333954751033688,
    "err_minus": 0.048172556473194406,
    "err_plus": 0.05267448221655724
  },
  "log_evidence": 25045.367129808572,
  "log_evidence_err": 0.5347694420001186,
  "alpha_bounds": [
    1.5,
    6.0
  ],
  "components_C": 2,
  "components_D": 1,
  "percentiles": {
    "tau_1ghz": {
      "median": 0.7333954751033688,
      "lower": 0.6852229186301744,
      "upper": 0.786069957319926,
      "err_minus": 0.048172556473194406,
      "err_plus": 0.05267448221655724
    },
    "alpha": {
      "median": 2.6876799755043654,
      "lower": 2.5233281879379073,
      "upper": 2.848146714264421,
      "err_minus": 0.16435178756645819,
      "err_plus": 0.16046673876005535
    },
    "t0_C1": {
      "median": 19.69285192426293,
      "lower": 19.665598905650818,
      "upper": 19.75447521223631,
      "err_minus": 0.027253018612110935,
      "err_plus": 0.0616232879733829
    },
    "zeta_C1": {
      "median": 5.3850219850526875,
      "lower": 5.22173104000687,
      "upper": 5.560974675382367,
      "err_minus": 0.16329094504581754,
      "err_plus": 0.1759526903296793
    },
    "t0_C2": {
      "median": 20.875986248170772,
      "lower": 20.65516271668471,
      "upper": 21.11290511139405,
      "err_minus": 0.2208235314860616,
      "err_plus": 0.23691886322327704
    },
    "zeta_C2": {
      "median": 4.4190594467555595,
      "lower": 4.274972733096138,
      "upper": 4.569587844619711,
      "err_minus": 0.14408671365942194,
      "err_plus": 0.15052839786415184
    },
    "delta_dm_C": {
      "median": -0.6112013465600583,
      "lower": -0.6555921467776713,
      "upper": -0.5661220856721485,
      "err_minus": 0.04439080021761299,
      "err_plus": 0.04507926088790981
    },
    "t0_D1": {
      "median": 0.38856690745117817,
      "lower": 0.37424220565419475,
      "upper": 0.4000660611259015,
      "err_minus": 0.014324701796983419,
      "err_plus": 0.011499153674723317
    },
    "zeta_D1": {
      "median": 0.06432673753207169,
      "lower": 0.05572039809052846,
      "upper": 0.07383086817701942,
      "err_minus": 0.00860633944154323,
      "err_plus": 0.009504130644947734
    },
    "delta_dm_D": {
      "median": 0.04532882510324043,
      "lower": 0.012991611313729834,
      "upper": 0.08029548449825086,
      "err_minus": 0.0323372137895106,
      "err_plus": 0.034966659395010424
    }
  },
  "ncall": 1064437
}