{
  "burst": "oran",
  "marginalize_gain": true,
  "marginalize_gain_gp": false,
  "shared_zeta": false,
  "alpha": {
    "median": 2.7478981534984057,
    "err_minus": 0.16839554760689435,
    "err_plus": 0.15496084958881973
  },
  "tau_1ghz": {
    "median": 0.7799707617674668,
    "err_minus": 0.05054981811250503,
    "err_plus": 0.05522094941606315
  },
  "log_evidence": 24994.009653360175,
  "log_evidence_err": 0.5028274884090363,
  "alpha_bounds": [
    1.5,
    6.0
  ],
  "components_C": 2,
  "components_D": 1,
  "gain_s2": 10.0,
  "percentiles": {
    "tau_1ghz": {
      "median": 0.7799707617674668,
      "lower": 0.7294209436549618,
      "upper": 0.83519171118353,
      "err_minus": 0.05054981811250503,
      "err_plus": 0.05522094941606315
    },
    "alpha": {
      "median": 2.7478981534984057,
      "lower": 2.5795026058915114,
      "upper": 2.9028590030872254,
      "err_minus": 0.16839554760689435,
      "err_plus": 0.15496084958881973
    },
    "t0_C1": {
      "median": 19.699844074573374,
      "lower": 19.666893324557737,
      "upper": 19.7700598832711,
      "err_minus": 0.03295075001563674,
      "err_plus": 0.07021580869772492
    },
    "zeta_C1": {
      "median": 4.95103936604795,
      "lower": 4.806718898051379,
      "upper": 5.099873508754637,
      "err_minus": 0.14432046799657083,
      "err_plus": 0.14883414270668727
    },
    "t0_C2": {
      "median": 20.137301658753728,
      "lower": 20.0519621305911,
      "upper": 20.243568274241298,
      "err_minus": 0.08533952816262769,
      "err_plus": 0.10626661548757
    },
    "zeta_C2": {
      "median": 4.599115693601679,
      "lower": 4.462684309206446,
      "upper": 4.746261501914296,
      "err_minus": 0.13643138439523295,
      "err_plus": 0.1471458083126178
    },
    "delta_dm_C": {
      "median": -0.5983373477820777,
      "lower": -0.6410470130972925,
      "upper": -0.5514311046533322,
      "err_minus": 0.042709665315214806,
      "err_plus": 0.04690624312874547
    },
    "t0_D1": {
      "median": 0.38476956939472373,
      "lower": 0.3720052060585317,
      "upper": 0.3969672120669827,
      "err_minus": 0.01276436333619202,
      "err_plus": 0.01219764267225898
    },
    "zeta_D1": {
      "median": 0.06226760085176294,
      "lower": 0.053642538088433576,
      "upper": 0.0723599017930663,
      "err_minus": 0.00862506276332936,
      "err_plus": 0.01009230094130336
    },
    "delta_dm_D": {
      "median": 0.047300630612099326,
      "lower": 0.016330037362699557,
      "upper": 0.08153649050255751,
      "err_minus": 0.03097059324939977,
      "err_plus": 0.03423585989045819
    }
  },
  "ncall": 1003092
}