{
  "burst": "oran",
  "marginalize_gain": true,
  "marginalize_gain_gp": false,
  "shared_zeta": false,
  "alpha": {
    "median": 2.808551478898001,
    "err_minus": 0.1616037672015005,
    "err_plus": 0.1578312820250929
  },
  "tau_1ghz": {
    "median": 0.7989356447555085,
    "err_minus": 0.05354262092725692,
    "err_plus": 0.054042544036094875
  },
  "log_evidence": 24947.403929467528,
  "log_evidence_err": 0.545630099669164,
  "alpha_bounds": [
    1.5,
    6.0
  ],
  "components_C": 2,
  "components_D": 1,
  "gain_s2": 100.0,
  "percentiles": {
    "tau_1ghz": {
      "median": 0.7989356447555085,
      "lower": 0.7453930238282516,
      "upper": 0.8529781887916034,
      "err_minus": 0.05354262092725692,
      "err_plus": 0.054042544036094875
    },
    "alpha": {
      "median": 2.808551478898001,
      "lower": 2.6469477116965003,
      "upper": 2.9663827609230937,
      "err_minus": 0.1616037672015005,
      "err_plus": 0.1578312820250929
    },
    "t0_C1": {
      "median": 19.698094095160325,
      "lower": 19.666806718371284,
      "upper": 19.767370502378483,
      "err_minus": 0.03128737678904159,
      "err_plus": 0.0692764072181582
    },
    "zeta_C1": {
      "median": 4.855517593818609,
      "lower": 4.727481094688357,
      "upper": 4.986866449174966,
      "err_minus": 0.1280364991302525,
      "err_plus": 0.13134885535635643
    },
    "t0_C2": {
      "median": 19.90580936364768,
      "lower": 19.866846711140234,
      "upper": 19.97817078364322,
      "err_minus": 0.038962652507446904,
      "err_plus": 0.0723614199955378
    },
    "zeta_C2": {
      "median": 4.6940599895852335,
      "lower": 4.562892155377437,
      "upper": 4.8273648378813485,
      "err_minus": 0.13116783420779665,
      "err_plus": 0.133304848296115
    },
    "delta_dm_C": {
      "median": -0.6044030640535851,
      "lower": -0.6481402446225601,
      "upper": -0.5596973383017243,
      "err_minus": 0.04373718056897502,
      "err_plus": 0.044705725751860825
    },
    "t0_D1": {
      "median": 0.3841934791886139,
      "lower": 0.37162211419790836,
      "upper": 0.39639235674641426,
      "err_minus": 0.012571364990705547,
      "err_plus": 0.012198877557800358
    },
    "zeta_D1": {
      "median": 0.06181947144261102,
      "lower": 0.052612629154935635,
      "upper": 0.07153834144560546,
      "err_minus": 0.009206842287675383,
      "err_plus": 0.009718870002994442
    },
    "delta_dm_D": {
      "median": 0.04912848222873123,
      "lower": 0.016088770762856086,
      "upper": 0.08200825318462535,
      "err_minus": 0.03303971146587514,
      "err_plus": 0.032879770955894116
    }
  },
  "ncall": 1201788
}