{
  "burst": "oran",
  "marginalize_gain": true,
  "marginalize_gain_gp": false,
  "shared_zeta": false,
  "alpha": {
    "median": 1.0679201412253536,
    "err_minus": 0.051162692883408356,
    "err_plus": 0.11094260230360464
  },
  "tau_1ghz": {
    "median": 0.4339065304131331,
    "err_minus": 0.031195630111896078,
    "err_plus": 0.03328804356290782
  },
  "log_evidence": 24831.2808691526,
  "log_evidence_err": 0.43603590116183766,
  "alpha_bounds": [
    1.0,
    6.0
  ],
  "components_C": 1,
  "components_D": 1,
  "gain_s2": 1.0,
  "pbf_C": "exp",
  "pbf_D": "exp",
  "beta_C": 3.6666666666666665,
  "beta_D": 3.6666666666666665,
  "percentiles": {
    "tau_1ghz": {
      "median": 0.4339065304131331,
      "lower": 0.402710900301237,
      "upper": 0.4671945739760409,
      "err_minus": 0.031195630111896078,
      "err_plus": 0.03328804356290782
    },
    "alpha": {
      "median": 1.0679201412253536,
      "lower": 1.0167574483419453,
      "upper": 1.1788627435289583,
      "err_minus": 0.051162692883408356,
      "err_plus": 0.11094260230360464
    },
    "t0_C1": {
      "median": 19.678346193027707,
      "lower": 19.661724813863685,
      "upper": 19.714587970128466,
      "err_minus": 0.016621379164021732,
      "err_plus": 0.036241777100759265
    },
    "zeta_C1": {
      "median": 7.277346837287036,
      "lower": 6.992559300954639,
      "upper": 7.580935986612309,
      "err_minus": 0.28478753633239684,
      "err_plus": 0.3035891493252736
    },
    "delta_dm_C": {
      "median": -0.34135634039403584,
      "lower": -0.3786197378376457,
      "upper": -0.3049236736023033,
      "err_minus": 0.03726339744360985,
      "err_plus": 0.036432666791732515
    },
    "t0_D1": {
      "median": 0.3811937219415569,
      "lower": 0.3683355814226559,
      "upper": 0.394205649942851,
      "err_minus": 0.012858140518900996,
      "err_plus": 0.013011928001294137
    },
    "zeta_D1": {
      "median": 0.06701287295336864,
      "lower": 0.05764981982545921,
      "upper": 0.0770067002317624,
      "err_minus": 0.009363053127909422,
      "err_plus": 0.009993827278393763
    },
    "delta_dm_D": {
      "median": 0.06751269280137251,
      "lower": 0.03350735288086781,
      "upper": 0.10313978046713146,
      "err_minus": 0.034005339920504696,
      "err_plus": 0.03562708766575895
    }
  },
  "ncall": 761350
}