{
  "burst": "oran",
  "marginalize_gain": true,
  "marginalize_gain_gp": false,
  "shared_zeta": false,
  "alpha": {
    "median": 1.0652208692102483,
    "err_minus": 0.04849356607167321,
    "err_plus": 0.10582027265874028
  },
  "tau_1ghz": {
    "median": 0.43339242862436367,
    "err_minus": 0.0300252742948402,
    "err_plus": 0.03373515265960658
  },
  "log_evidence": 24791.0745064606,
  "log_evidence_err": 0.4409212008818288,
  "alpha_bounds": [
    1.0,
    6.0
  ],
  "components_C": 1,
  "components_D": 1,
  "gain_s2": 10.0,
  "pbf_C": "exp",
  "pbf_D": "exp",
  "beta_C": 3.6666666666666665,
  "beta_D": 3.6666666666666665,
  "percentiles": {
    "tau_1ghz": {
      "median": 0.43339242862436367,
      "lower": 0.40336715432952347,
      "upper": 0.46712758128397025,
      "err_minus": 0.0300252742948402,
      "err_plus": 0.03373515265960658
    },
    "alpha": {
      "median": 1.0652208692102483,
      "lower": 1.016727303138575,
      "upper": 1.1710411418689886,
      "err_minus": 0.04849356607167321,
      "err_plus": 0.10582027265874028
    },
    "t0_C1": {
      "median": 19.677785151495378,
      "lower": 19.661135637647718,
      "upper": 19.712692103563096,
      "err_minus": 0.016649513847660558,
      "err_plus": 0.03490695206771832
    },
    "zeta_C1": {
      "median": 7.284011775857028,
      "lower": 7.007007344048725,
      "upper": 7.589093944999221,
      "err_minus": 0.2770044318083027,
      "err_plus": 0.3050821691421932
    },
    "delta_dm_C": {
      "median": -0.3426956091878992,
      "lower": -0.3790793575947333,
      "upper": -0.30620933708969744,
      "err_minus": 0.036383748406834115,
      "err_plus": 0.036486272098201766
    },
    "t0_D1": {
      "median": 0.38068512269686394,
      "lower": 0.3674853736101902,
      "upper": 0.3939277762277733,
      "err_minus": 0.013199749086673762,
      "err_plus": 0.013242653530909365
    },
    "zeta_D1": {
      "median": 0.06629087468221614,
      "lower": 0.057116142438098046,
      "upper": 0.07704957890592624,
      "err_minus": 0.009174732244118099,
      "err_plus": 0.0107587042237101
    },
    "delta_dm_D": {
      "median": 0.06838174099637229,
      "lower": 0.03278384654813493,
      "upper": 0.10345761891628058,
      "err_minus": 0.035597894448237355,
      "err_plus": 0.035075877919908294
    }
  },
  "ncall": 830176
}