{
  "burst": "oran",
  "marginalize_gain": true,
  "marginalize_gain_gp": false,
  "shared_zeta": false,
  "alpha": {
    "median": 1.553933523460348,
    "err_minus": 0.04035967347369551,
    "err_plus": 0.09453757211044822
  },
  "tau_1ghz": {
    "median": 0.480671394158133,
    "err_minus": 0.03725198948024572,
    "err_plus": 0.03796325705214576
  },
  "log_evidence": 24866.73396556301,
  "log_evidence_err": 0.4764759488137115,
  "alpha_bounds": [
    1.5,
    6.0
  ],
  "components_C": 1,
  "components_D": 1,
  "percentiles": {
    "tau_1ghz": {
      "median": 0.480671394158133,
      "lower": 0.44341940467788726,
      "upper": 0.5186346512102787,
      "err_minus": 0.03725198948024572,
      "err_plus": 0.03796325705214576
    },
    "alpha": {
      "median": 1.553933523460348,
      "lower": 1.5135738499866525,
      "upper": 1.6484710955707962,
      "err_minus": 0.04035967347369551,
      "err_plus": 0.09453757211044822
    },
    "t0_C1": {
      "median": 19.678291249531373,
      "lower": 19.661348243299116,
      "upper": 19.71583774892471,
      "err_minus": 0.016943006232256863,
      "err_plus": 0.03754649939333632
    },
    "zeta_C1": {
      "median": 7.225626968491964,
      "lower": 6.947730813194719,
      "upper": 7.516008453515025,
      "err_minus": 0.27789615529724543,
      "err_plus": 0.2903814850230608
    },
    "delta_dm_C": {
      "median": -0.3892192569981603,
      "lower": -0.4282121213189214,
      "upper": -0.3511243876096586,
      "err_minus": 0.0389928643207611,
      "err_plus": 0.038094869388501706
    },
    "t0_D1": {
      "median": 0.3849885852089798,
      "lower": 0.37181975281426105,
      "upper": 0.3983524936809566,
      "err_minus": 0.013168832394718777,
      "err_plus": 0.013363908471976771
    },
    "zeta_D1": {
      "median": 0.06955151644938005,
      "lower": 0.059562767570168984,
      "upper": 0.080899537184335,
      "err_minus": 0.00998874887921107,
      "err_plus": 0.011348020734954944
    },
    "delta_dm_D": {
      "median": 0.06663084906719519,
      "lower": 0.0313419171957392,
      "upper": 0.10023802846118457,
      "err_minus": 0.035288931871455986,
      "err_plus": 0.033607179393989384
    }
  },
  "ncall": 787372
}