{
  "burst": "oran",
  "marginalize_gain": true,
  "marginalize_gain_gp": false,
  "alpha": {
    "median": 2.071046447096378,
    "err_minus": 0.054734015180822215,
    "err_plus": 3.7094669196293384
  },
  "tau_1ghz": {
    "median": 0.5315154664283521,
    "err_minus": 0.477828618014418,
    "err_plus": 0.04753064215934255
  },
  "log_evidence": 24858.158042303607,
  "log_evidence_err": 0.4162201448545878,
  "alpha_bounds": [
    2.0,
    6.0
  ],
  "components_C": 1,
  "components_D": 2,
  "percentiles": {
    "tau_1ghz": {
      "median": 0.5315154664283521,
      "lower": 0.0536868484139341,
      "upper": 0.5790461085876947,
      "err_minus": 0.477828618014418,
      "err_plus": 0.04753064215934255
    },
    "alpha": {
      "median": 2.071046447096378,
      "lower": 2.016312431915556,
      "upper": 5.7805133667257165,
      "err_minus": 0.054734015180822215,
      "err_plus": 3.7094669196293384
    },
    "t0_C1": {
      "median": 19.678680018774443,
      "lower": 19.661816693744115,
      "upper": 19.71774257381548,
      "err_minus": 0.016863325030328724,
      "err_plus": 0.039062555041038394
    },
    "zeta_C1": {
      "median": 7.146148500593396,
      "lower": 6.685533974829105,
      "upper": 7.50458934213641,
      "err_minus": 0.4606145257642913,
      "err_plus": 0.3584408415430138
    },
    "delta_dm_C": {
      "median": -0.4715060107513054,
      "lower": -0.5377563042164866,
      "upper": -0.426529261112492,
      "err_minus": 0.06625029346518119,
      "err_plus": 0.044976749638813374
    },
    "t0_D1": {
      "median": 0.3926493245060847,
      "lower": 0.3768553452319914,
      "upper": 0.5426106796160504,
      "err_minus": 0.015793979274093317,
      "err_plus": 0.14996135510996567
    },
    "zeta_D1": {
      "median": 0.07517944763600307,
      "lower": 0.06415374731429092,
      "upper": 0.195013751348721,
      "err_minus": 0.011025700321712142,
      "err_plus": 0.11983430371271794
    },
    "t0_D2": {
      "median": 11.870830947605358,
      "lower": 4.527654633153616,
      "upper": 19.21695746797054,
      "err_minus": 7.343176314451742,
      "err_plus": 7.346126520365184
    },
    "zeta_D2": {
      "median": 0.29228469367529875,
      "lower": 0.001222103281868616,
      "upper": 80.25532201372906,
      "err_minus": 0.29106259039343013,
      "err_plus": 79.96303732005376
    },
    "delta_dm_D": {
      "median": 0.06470254271858522,
      "lower": 0.026494604081882756,
      "upper": 0.1061386102395474,
      "err_minus": 0.038207938636702465,
      "err_plus": 0.04143606752096218
    }
  },
  "ncall": 1183070
}