{
  "burst": "oran",
  "marginalize_gain": true,
  "marginalize_gain_gp": false,
  "shared_zeta": false,
  "alpha": {
    "median": 2.7503896153118363,
    "err_minus": 0.1664742981204368,
    "err_plus": 0.15325169398018224
  },
  "tau_1ghz": {
    "median": 0.7726307549194285,
    "err_minus": 0.05630075870697293,
    "err_plus": 0.055504212552496934
  },
  "log_evidence": 24988.700644685025,
  "log_evidence_err": 0.5399168704753365,
  "alpha_bounds": [
    1.0,
    6.0
  ],
  "components_C": 2,
  "components_D": 1,
  "gain_s2": 10.0,
  "pbf_C": "exp",
  "pbf_D": "exp",
  "beta_C": 3.6666666666666665,
  "beta_D": 3.6666666666666665,
  "percentiles": {
    "tau_1ghz": {
      "median": 0.7726307549194285,
      "lower": 0.7163299962124555,
      "upper": 0.8281349674719254,
      "err_minus": 0.05630075870697293,
      "err_plus": 0.055504212552496934
    },
    "alpha": {
      "median": 2.7503896153118363,
      "lower": 2.5839153171913996,
      "upper": 2.9036413092920186,
      "err_minus": 0.1664742981204368,
      "err_plus": 0.15325169398018224
    },
    "t0_C1": {
      "median": 19.69361639070304,
      "lower": 19.665761116737823,
      "upper": 19.758013573715406,
      "err_minus": 0.027855273965215588,
      "err_plus": 0.06439718301236752
    },
    "zeta_C1": {
      "median": 4.971117610567994,
      "lower": 4.848608336634957,
      "upper": 5.113551161218053,
      "err_minus": 0.12250927393303712,
      "err_plus": 0.14243355065005936
    },
    "t0_C2": {
      "median": 20.12630897917393,
      "lower": 20.049525571104166,
      "upper": 20.23041209711288,
      "err_minus": 0.07678340806976536,
      "err_plus": 0.10410311793894778
    },
    "zeta_C2": {
      "median": 4.626363812366517,
      "lower": 4.500649670684961,
      "upper": 4.768534021385138,
      "err_minus": 0.1257141416815557,
      "err_plus": 0.1421702090186212
    },
    "delta_dm_C": {
      "median": -0.5971410473918581,
      "lower": -0.6398141044421948,
      "upper": -0.5497064703783892,
      "err_minus": 0.04267305705033664,
      "err_plus": 0.04743457701346898
    },
    "t0_D1": {
      "median": 0.3861361571180204,
      "lower": 0.3734225291618749,
      "upper": 0.3986268105620354,
      "err_minus": 0.012713627956145501,
      "err_plus": 0.01249065344401501
    },
    "zeta_D1": {
      "median": 0.062438787347069556,
      "lower": 0.05289505596745057,
      "upper": 0.07314290141205805,
      "err_minus": 0.009543731379618989,
      "err_plus": 0.010704114064988494
    },
    "delta_dm_D": {
      "median": 0.04689758165894631,
      "lower": 0.014540393127482787,
      "upper": 0.07783623223797065,
      "err_minus": 0.03235718853146352,
      "err_plus": 0.03093865057902434
    }
  },
  "ncall": 1096703
}