{
  "burst": "oran",
  "marginalize_gain": true,
  "marginalize_gain_gp": false,
  "shared_zeta": false,
  "alpha": {
    "median": 1.0692689108680593,
    "err_minus": 0.05149743494031722,
    "err_plus": 0.11005242237644985
  },
  "tau_1ghz": {
    "median": 0.4340318260292296,
    "err_minus": 0.03152210376756065,
    "err_plus": 0.031868301804095056
  },
  "log_evidence": 24748.11354896434,
  "log_evidence_err": 0.5183216451187365,
  "alpha_bounds": [
    1.0,
    6.0
  ],
  "components_C": 1,
  "components_D": 1,
  "gain_s2": 100.0,
  "pbf_C": "exp",
  "pbf_D": "exp",
  "beta_C": 3.6666666666666665,
  "beta_D": 3.6666666666666665,
  "percentiles": {
    "tau_1ghz": {
      "median": 0.4340318260292296,
      "lower": 0.4025097222616689,
      "upper": 0.46590012783332463,
      "err_minus": 0.03152210376756065,
      "err_plus": 0.031868301804095056
    },
    "alpha": {
      "median": 1.0692689108680593,
      "lower": 1.017771475927742,
      "upper": 1.1793213332445092,
      "err_minus": 0.05149743494031722,
      "err_plus": 0.11005242237644985
    },
    "t0_C1": {
      "median": 19.677158305349437,
      "lower": 19.661696797687192,
      "upper": 19.714645958201217,
      "err_minus": 0.015461507662244856,
      "err_plus": 0.03748765285178024
    },
    "zeta_C1": {
      "median": 7.2996321230031835,
      "lower": 7.008221703807112,
      "upper": 7.597950928131076,
      "err_minus": 0.2914104191960716,
      "err_plus": 0.29831880512789244
    },
    "delta_dm_C": {
      "median": -0.34059200946879287,
      "lower": -0.37727537426099644,
      "upper": -0.30434933688055565,
      "err_minus": 0.03668336479220358,
      "err_plus": 0.03624267258823721
    },
    "t0_D1": {
      "median": 0.3812976750425925,
      "lower": 0.3681750224968745,
      "upper": 0.3941718443734139,
      "err_minus": 0.013122652545717983,
      "err_plus": 0.012874169330821417
    },
    "zeta_D1": {
      "median": 0.06754192022152365,
      "lower": 0.05803375289388245,
      "upper": 0.07813288277145328,
      "err_minus": 0.009508167327641204,
      "err_plus": 0.010590962549929625
    },
    "delta_dm_D": {
      "median": 0.0686536613472839,
      "lower": 0.03379757559436314,
      "upper": 0.10253271342212145,
      "err_minus": 0.03485608575292076,
      "err_plus": 0.033879052074837546
    }
  },
  "ncall": 925366
}