{
  "burst": "oran",
  "marginalize_gain": true,
  "marginalize_gain_gp": false,
  "shared_zeta": false,
  "alpha": {
    "median": 5.97017557719113,
    "err_minus": 0.042364472576160495,
    "err_plus": 0.021844973777982446
  },
  "tau_1ghz": {
    "median": 6.218300743122042,
    "err_minus": 0.18512403628813967,
    "err_plus": 0.12973124846610062
  },
  "log_evidence": -5986.586816815829,
  "log_evidence_err": 0.3867258881930154,
  "alpha_bounds": [
    1.5,
    6.0
  ],
  "components_C": 1,
  "components_D": 1,
  "gain_s2": 100.0,
  "percentiles": {
    "tau_1ghz": {
      "median": 6.218300743122042,
      "lower": 6.033176706833903,
      "upper": 6.348031991588143,
      "err_minus": 0.18512403628813967,
      "err_plus": 0.12973124846610062
    },
    "alpha": {
      "median": 5.97017557719113,
      "lower": 5.927811104614969,
      "upper": 5.992020550969112,
      "err_minus": 0.042364472576160495,
      "err_plus": 0.021844973777982446
    },
    "t0_C": {
      "median": 53.857995329488645,
      "lower": 46.24704392425569,
      "upper": 58.19697862862209,
      "err_minus": 7.610951405232953,
      "err_plus": 4.338983299133446
    },
    "zeta_C": {
      "median": 137.78280846972476,
      "lower": 134.0615797797196,
      "upper": 144.85040840981526,
      "err_minus": 3.721228690005148,
      "err_plus": 7.067599940090503
    },
    "delta_dm_C": {
      "median": 49.56613021886511,
      "lower": 48.89855947336589,
      "upper": 49.88393621684153,
      "err_minus": 0.6675707454992192,
      "err_plus": 0.3178059979764214
    },
    "t0_D": {
      "median": -16.278826815132096,
      "lower": -16.32661799272179,
      "upper": -16.180005721544212,
      "err_minus": 0.0477911775896942,
      "err_plus": 0.09882109358788327
    },
    "zeta_D": {
      "median": 0.016961275281982737,
      "lower": 0.0010055274362811347,
      "upper": 0.12230189172239557,
      "err_minus": 0.015955747845701602,
      "err_plus": 0.10534061644041283
    },
    "delta_dm_D": {
      "median": -47.99407576540847,
      "lower": -49.393059526840425,
      "upper": -45.625580148394526,
      "err_minus": 1.398983761431957,
      "err_plus": 2.3684956170139415
    }
  },
  "ncall": 540169,
  "gain_recovered": true
}