{
  "burst": "oran",
  "marginalize_gain": true,
  "marginalize_gain_gp": false,
  "shared_zeta": false,
  "alpha": {
    "median": 2.6569906611273204,
    "err_minus": 0.19020758154623474,
    "err_plus": 0.17637414984496846
  },
  "tau_1ghz": {
    "median": 0.7531831162328967,
    "err_minus": 0.05522759987480541,
    "err_plus": 0.05817238002997693
  },
  "log_evidence": 25026.54447075369,
  "log_evidence_err": 0.4948743907726402,
  "alpha_bounds": [
    1.5,
    6.0
  ],
  "components_C": 2,
  "components_D": 1,
  "gain_s2": 1.0,
  "percentiles": {
    "tau_1ghz": {
      "median": 0.7531831162328967,
      "lower": 0.6979555163580913,
      "upper": 0.8113554962628736,
      "err_minus": 0.05522759987480541,
      "err_plus": 0.05817238002997693
    },
    "alpha": {
      "median": 2.6569906611273204,
      "lower": 2.4667830795810857,
      "upper": 2.833364810972289,
      "err_minus": 0.19020758154623474,
      "err_plus": 0.17637414984496846
    },
    "t0_C1": {
      "median": 19.691417470836612,
      "lower": 19.6660214780532,
      "upper": 19.748045773426846,
      "err_minus": 0.025395992783412424,
      "err_plus": 0.05662830259023366
    },
    "zeta_C1": {
      "median": 5.330714862901621,
      "lower": 5.171525619302151,
      "upper": 5.4833172967801485,
      "err_minus": 0.15918924359946995,
      "err_plus": 0.15260243387852768
    },
    "t0_C2": {
      "median": 20.729882031026786,
      "lower": 20.612515358743387,
      "upper": 20.8914681217916,
      "err_minus": 0.11736667228339925,
      "err_plus": 0.16158609076481412
    },
    "zeta_C2": {
      "median": 4.47519195925593,
      "lower": 4.3242098079571845,
      "upper": 4.6273195809771455,
      "err_minus": 0.15098215129874593,
      "err_plus": 0.15212762172121508
    },
    "delta_dm_C": {
      "median": -0.6014579067152681,
      "lower": -0.65120278701567,
      "upper": -0.5557892272299156,
      "err_minus": 0.04974488030040192,
      "err_plus": 0.04566867948535247
    },
    "t0_D1": {
      "median": 0.3829080968181948,
      "lower": 0.37006268446234003,
      "upper": 0.3956029021618406,
      "err_minus": 0.01284541235585479,
      "err_plus": 0.012694805343645754
    },
    "zeta_D1": {
      "median": 0.06244490040629151,
      "lower": 0.053884970119997,
      "upper": 0.07144227974308892,
      "err_minus": 0.00855993028629451,
      "err_plus": 0.00899737933679741
    },
    "delta_dm_D": {
      "median": 0.05190765162418387,
      "lower": 0.019327832980984283,
      "upper": 0.08685611638207291,
      "err_minus": 0.03257981864319959,
      "err_plus": 0.03494846475788904
    }
  },
  "ncall": 900196
}