{
  "burst": "oran",
  "marginalize_gain": true,
  "marginalize_gain_gp": false,
  "shared_zeta": false,
  "alpha": {
    "median": 5.937258828593847,
    "err_minus": 0.12311762071426546,
    "err_plus": 0.047597757126662366
  },
  "tau_1ghz": {
    "median": 5.930984321752874,
    "err_minus": 0.36998115384914954,
    "err_plus": 0.29916769187977543
  },
  "log_evidence": -5993.48273776592,
  "log_evidence_err": 0.4166975613916395,
  "alpha_bounds": [
    1.5,
    6.0
  ],
  "components_C": 1,
  "components_D": 1,
  "gain_s2": 10.0,
  "percentiles": {
    "tau_1ghz": {
      "median": 5.930984321752874,
      "lower": 5.561003167903724,
      "upper": 6.230152013632649,
      "err_minus": 0.36998115384914954,
      "err_plus": 0.29916769187977543
    },
    "alpha": {
      "median": 5.937258828593847,
      "lower": 5.814141207879581,
      "upper": 5.984856585720509,
      "err_minus": 0.12311762071426546,
      "err_plus": 0.047597757126662366
    },
    "t0_C": {
      "median": 46.292273071190806,
      "lower": 25.921817670110933,
      "upper": 56.44351825350743,
      "err_minus": 20.370455401079873,
      "err_plus": 10.151245182316622
    },
    "zeta_C": {
      "median": 135.9801907434302,
      "lower": 127.72973709644413,
      "upper": 143.9668006367615,
      "err_minus": 8.250453646986074,
      "err_plus": 7.986609893331291
    },
    "delta_dm_C": {
      "median": 49.33059129949643,
      "lower": 47.34094702727816,
      "upper": 49.83162647194152,
      "err_minus": 1.9896442722182712,
      "err_plus": 0.5010351724450857
    },
    "t0_D": {
      "median": -16.250472475349454,
      "lower": -16.318167740483947,
      "upper": -16.12121052229382,
      "err_minus": 0.06769526513449264,
      "err_plus": 0.12926195305563581
    },
    "zeta_D": {
      "median": 0.0040486605775136774,
      "lower": 0.0003816151892716036,
      "upper": 0.04285908840510393,
      "err_minus": 0.0036670453882420738,
      "err_plus": 0.038810427827590255
    },
    "delta_dm_D": {
      "median": -45.13783228471777,
      "lower": -48.459225044047756,
      "upper": -41.42231405093831,
      "err_minus": 3.3213927593299886,
      "err_plus": 3.7155182337794557
    }
  },
  "ncall": 637850,
  "gain_recovered": true
}