{
  "burst": "oran",
  "marginalize_gain": true,
  "marginalize_gain_gp": false,
  "shared_zeta": false,
  "alpha": {
    "median": 5.952597126411175,
    "err_minus": 0.06726728743021049,
    "err_plus": 0.035034580032355045
  },
  "tau_1ghz": {
    "median": 6.078829011842829,
    "err_minus": 0.25364387190513504,
    "err_plus": 0.20224282757627954
  },
  "log_evidence": -5990.880801325729,
  "log_evidence_err": 0.3597748801158912,
  "alpha_bounds": [
    1.5,
    6.0
  ],
  "components_C": 1,
  "components_D": 1,
  "gain_s2": 1.0,
  "percentiles": {
    "tau_1ghz": {
      "median": 6.078829011842829,
      "lower": 5.825185139937694,
      "upper": 6.281071839419108,
      "err_minus": 0.25364387190513504,
      "err_plus": 0.20224282757627954
    },
    "alpha": {
      "median": 5.952597126411175,
      "lower": 5.885329838980964,
      "upper": 5.98763170644353,
      "err_minus": 0.06726728743021049,
      "err_plus": 0.035034580032355045
    },
    "t0_C": {
      "median": 48.40349959047933,
      "lower": 30.90820242993216,
      "upper": 56.87124453673998,
      "err_minus": 17.495297160547167,
      "err_plus": 8.467744946260652
    },
    "zeta_C": {
      "median": 137.95659130821787,
      "lower": 133.16459277796875,
      "upper": 146.47937781288692,
      "err_minus": 4.791998530249117,
      "err_plus": 8.522786504669057
    },
    "delta_dm_C": {
      "median": 49.40300115747547,
      "lower": 48.542453364328466,
      "upper": 49.83763918450174,
      "err_minus": 0.8605477931470062,
      "err_plus": 0.4346380270262671
    },
    "t0_D": {
      "median": -16.253674545652178,
      "lower": -16.31869308407795,
      "upper": -16.120992825939933,
      "err_minus": 0.06501853842577177,
      "err_plus": 0.13268171971224518
    },
    "zeta_D": {
      "median": 0.006760067361528763,
      "lower": 0.0004323072772209919,
      "upper": 0.0658876827477306,
      "err_minus": 0.006327760084307772,
      "err_plus": 0.05912761538620184
    },
    "delta_dm_D": {
      "median": -46.61880424736306,
      "lower": -48.97715126742803,
      "upper": -43.259918556515444,
      "err_minus": 2.3583470200649685,
      "err_plus": 3.3588856908476146
    }
  },
  "ncall": 600426,
  "gain_recovered": true
}