{
  "burst": "phineas",
  "marginalize_gain": true,
  "marginalize_gain_gp": false,
  "shared_zeta": false,
  "alpha": {
    "median": 3.596793733400064,
    "err_minus": 0.04444580726271896,
    "err_plus": 0.042003544256591585
  },
  "tau_1ghz": {
    "median": 0.3356019069166876,
    "err_minus": 0.005462054558522167,
    "err_plus": 0.00553423123811303
  },
  "log_evidence": 21442.482868684216,
  "log_evidence_err": 0.5371333807443053,
  "alpha_bounds": [
    1.5,
    6.0
  ],
  "components_C": 2,
  "components_D": 1,
  "gain_s2": 10.0,
  "percentiles": {
    "tau_1ghz": {
      "median": 0.3356019069166876,
      "lower": 0.33013985235816545,
      "upper": 0.34113613815480065,
      "err_minus": 0.005462054558522167,
      "err_plus": 0.00553423123811303
    },
    "alpha": {
      "median": 3.596793733400064,
      "lower": 3.552347926137345,
      "upper": 3.6387972776566557,
      "err_minus": 0.04444580726271896,
      "err_plus": 0.042003544256591585
    },
    "t0_C1": {
      "median": 7.8880828731169,
      "lower": 7.8707860697981324,
      "upper": 7.906409593592045,
      "err_minus": 0.017296803318767928,
      "err_plus": 0.018326720475144498
    },
    "zeta_C1": {
      "median": 0.14565193004706076,
      "lower": 0.12514931462778264,
      "upper": 0.16717702713878407,
      "err_minus": 0.020502615419278114,
      "err_plus": 0.021525097091723316
    },
    "t0_C2": {
      "median": 9.549453585588012,
      "lower": 9.461561877698013,
      "upper": 9.641495364673979,
      "err_minus": 0.08789170788999812,
      "err_plus": 0.09204177908596733
    },
    "zeta_C2": {
      "median": 1.5271474684073068,
      "lower": 1.4526193261059712,
      "upper": 1.6044388502949471,
      "err_minus": 0.07452814230133553,
      "err_plus": 0.0772913818876404
    },
    "delta_dm_C": {
      "median": 0.0017157502350002574,
      "lower": -0.004491339992213739,
      "upper": 0.008591334264842487,
      "err_minus": 0.006207090227213996,
      "err_plus": 0.00687558402984223
    },
    "t0_D1": {
      "median": 2.4973699219610843,
      "lower": 2.4966124096816724,
      "upper": 2.498136576462903,
      "err_minus": 0.0007575122794118982,
      "err_plus": 0.0007666545018185644
    },
    "zeta_D1": {
      "median": 0.034620558105584294,
      "lower": 0.034032378668949564,
      "upper": 0.03521652921146505,
      "err_minus": 0.0005881794366347295,
      "err_plus": 0.0005959711058807562
    },
    "delta_dm_D": {
      "median": -0.06476239824351637,
      "lower": -0.06665338576453905,
      "upper": -0.06293267165379035,
      "err_minus": 0.00189098752102268,
      "err_plus": 0.0018297265897260218
    }
  },
  "ncall": 1155623
}