{
  "burst": "phineas",
  "marginalize_gain": true,
  "marginalize_gain_gp": false,
  "shared_zeta": false,
  "alpha": {
    "median": 3.595007436908316,
    "err_minus": 0.04185319803456533,
    "err_plus": 0.04121398973530965
  },
  "tau_1ghz": {
    "median": 0.33554970657078587,
    "err_minus": 0.005275034728770001,
    "err_plus": 0.005086790350737447
  },
  "log_evidence": 21388.208465363994,
  "log_evidence_err": 0.5341380731041823,
  "alpha_bounds": [
    1.5,
    6.0
  ],
  "components_C": 2,
  "components_D": 1,
  "gain_s2": 100.0,
  "percentiles": {
    "tau_1ghz": {
      "median": 0.33554970657078587,
      "lower": 0.33027467184201587,
      "upper": 0.3406364969215233,
      "err_minus": 0.005275034728770001,
      "err_plus": 0.005086790350737447
    },
    "alpha": {
      "median": 3.595007436908316,
      "lower": 3.5531542388737507,
      "upper": 3.6362214266436257,
      "err_minus": 0.04185319803456533,
      "err_plus": 0.04121398973530965
    },
    "t0_C1": {
      "median": 7.888830476377347,
      "lower": 7.870494887961289,
      "upper": 7.9078603589732985,
      "err_minus": 0.018335588416057647,
      "err_plus": 0.01902988259595162
    },
    "zeta_C1": {
      "median": 0.1451411780268417,
      "lower": 0.12433270539509832,
      "upper": 0.16793919328362902,
      "err_minus": 0.020808472631743388,
      "err_plus": 0.02279801525678732
    },
    "t0_C2": {
      "median": 9.554565458235327,
      "lower": 9.464580659743866,
      "upper": 9.648503792340119,
      "err_minus": 0.0899847984914608,
      "err_plus": 0.09393833410479147
    },
    "zeta_C2": {
      "median": 1.5256107475594338,
      "lower": 1.4532465691180927,
      "upper": 1.6000783761462478,
      "err_minus": 0.07236417844134113,
      "err_plus": 0.074467628586814
    },
    "delta_dm_C": {
      "median": 0.001478810090581817,
      "lower": -0.004856160802390264,
      "upper": 0.008394286061644607,
      "err_minus": 0.0063349708929720805,
      "err_plus": 0.00691547597106279
    },
    "t0_D1": {
      "median": 2.497371920039294,
      "lower": 2.4966332482161704,
      "upper": 2.49811274458375,
      "err_minus": 0.0007386718231234823,
      "err_plus": 0.0007408245444562311
    },
    "zeta_D1": {
      "median": 0.03460937355555393,
      "lower": 0.03407786464983429,
      "upper": 0.03516189260512876,
      "err_minus": 0.0005315089057196382,
      "err_plus": 0.0005525190495748317
    },
    "delta_dm_D": {
      "median": -0.0647764338528205,
      "lower": -0.06664952845302707,
      "upper": -0.0629759217003425,
      "err_minus": 0.0018730946002065707,
      "err_plus": 0.0018005121524780066
    }
  },
  "ncall": 1142662
}