{
  "burst": "phineas",
  "marginalize_gain": true,
  "marginalize_gain_gp": false,
  "shared_zeta": false,
  "alpha": {
    "median": 3.400973167832065,
    "err_minus": 0.047854239532597376,
    "err_plus": 0.2390433483768546
  },
  "tau_1ghz": {
    "median": 0.3186482922850613,
    "err_minus": 0.008100321366668939,
    "err_plus": 0.019060685373686992
  },
  "log_evidence": 21448.68015208683,
  "log_evidence_err": 0.5634254890321673,
  "alpha_bounds": [
    1.5,
    6.0
  ],
  "components_C": 3,
  "components_D": 1,
  "gain_s2": 10.0,
  "percentiles": {
    "tau_1ghz": {
      "median": 0.3186482922850613,
      "lower": 0.31054797091839237,
      "upper": 0.3377089776587483,
      "err_minus": 0.008100321366668939,
      "err_plus": 0.019060685373686992
    },
    "alpha": {
      "median": 3.400973167832065,
      "lower": 3.353118928299468,
      "upper": 3.6400165162089198,
      "err_minus": 0.047854239532597376,
      "err_plus": 0.2390433483768546
    },
    "t0_C1": {
      "median": 7.906371651904514,
      "lower": 7.8835622550075435,
      "upper": 7.919898344478764,
      "err_minus": 0.022809396896970924,
      "err_plus": 0.01352669257424921
    },
    "zeta_C1": {
      "median": 0.15239189158705468,
      "lower": 0.1291124588950019,
      "upper": 0.16799949385824145,
      "err_minus": 0.023279432692052793,
      "err_plus": 0.015607602271186766
    },
    "t0_C2": {
      "median": 10.8029449130659,
      "lower": 9.545975110941896,
      "upper": 10.904037719045775,
      "err_minus": 1.2569698021240043,
      "err_plus": 0.10109280597987436
    },
    "zeta_C2": {
      "median": 1.4784245483116827,
      "lower": 1.4022850778665727,
      "upper": 1.532265132753436,
      "err_minus": 0.07613947044510994,
      "err_plus": 0.053840584441753325
    },
    "t0_C3": {
      "median": 11.06883870750403,
      "lower": 10.95566202337661,
      "upper": 13.769071014226911,
      "err_minus": 0.11317668412742066,
      "err_plus": 2.7002323067228815
    },
    "zeta_C3": {
      "median": 1.2975423838225362,
      "lower": 1.2060909983288877,
      "upper": 556.674884274271,
      "err_minus": 0.09145138549364851,
      "err_plus": 555.3773418904484
    },
    "delta_dm_C": {
      "median": -0.008346041624832878,
      "lower": -0.013660954793792257,
      "upper": 0.00041966909651591777,
      "err_minus": 0.005314913168959379,
      "err_plus": 0.008765710721348796
    },
    "t0_D1": {
      "median": 2.497115950794397,
      "lower": 2.496331599198637,
      "upper": 2.497714256702757,
      "err_minus": 0.0007843515957599578,
      "err_plus": 0.000598305908360075
    },
    "zeta_D1": {
      "median": 0.03500114963972229,
      "lower": 0.03433479513025559,
      "upper": 0.03548330715874002,
      "err_minus": 0.0006663545094666989,
      "err_plus": 0.0004821575190177285
    },
    "delta_dm_D": {
      "median": -0.06427534351154662,
      "lower": -0.06579145614861659,
      "upper": -0.0621734476880107,
      "err_minus": 0.0015161126370699662,
      "err_plus": 0.0021018958235359264
    }
  },
  "ncall": 1417062
}