{
  "burst": "phineas",
  "marginalize_gain": true,
  "marginalize_gain_gp": false,
  "shared_zeta": false,
  "alpha": {
    "median": 3.59614328134171,
    "err_minus": 0.04237985137074185,
    "err_plus": 0.042903984970283915
  },
  "tau_1ghz": {
    "median": 0.33561057549135576,
    "err_minus": 0.0053503895172027915,
    "err_plus": 0.005243814486515397
  },
  "log_evidence": 21495.851919487304,
  "log_evidence_err": 0.5564195844304063,
  "alpha_bounds": [
    1.5,
    6.0
  ],
  "components_C": 2,
  "components_D": 1,
  "gain_s2": 1.0,
  "percentiles": {
    "tau_1ghz": {
      "median": 0.33561057549135576,
      "lower": 0.33026018597415296,
      "upper": 0.34085438997787115,
      "err_minus": 0.0053503895172027915,
      "err_plus": 0.005243814486515397
    },
    "alpha": {
      "median": 3.59614328134171,
      "lower": 3.553763429970968,
      "upper": 3.639047266311994,
      "err_minus": 0.04237985137074185,
      "err_plus": 0.042903984970283915
    },
    "t0_C1": {
      "median": 7.887463633404117,
      "lower": 7.870025864632442,
      "upper": 7.906623564192508,
      "err_minus": 0.01743776877167491,
      "err_plus": 0.01915993078839051
    },
    "zeta_C1": {
      "median": 0.1461331149807918,
      "lower": 0.12502147580408107,
      "upper": 0.16792842982014858,
      "err_minus": 0.021111639176710717,
      "err_plus": 0.02179531483935679
    },
    "t0_C2": {
      "median": 9.551928587944548,
      "lower": 9.460364664904674,
      "upper": 9.639456012740599,
      "err_minus": 0.0915639230398746,
      "err_plus": 0.08752742479605047
    },
    "zeta_C2": {
      "median": 1.523147068385227,
      "lower": 1.450112609952354,
      "upper": 1.5969098621814617,
      "err_minus": 0.07303445843287304,
      "err_plus": 0.07376279379623463
    },
    "delta_dm_C": {
      "median": 0.002011460211612359,
      "lower": -0.004197370822190294,
      "upper": 0.008672982668130658,
      "err_minus": 0.006208831033802653,
      "err_plus": 0.0066615224565182984
    },
    "t0_D1": {
      "median": 2.497428666746302,
      "lower": 2.496673768896599,
      "upper": 2.498179988167072,
      "err_minus": 0.0007548978497027292,
      "err_plus": 0.000751321420770168
    },
    "zeta_D1": {
      "median": 0.034619962046233625,
      "lower": 0.03404440015301815,
      "upper": 0.035179545087324515,
      "err_minus": 0.000575561893215476,
      "err_plus": 0.00055958304109089
    },
    "delta_dm_D": {
      "median": -0.06483761572995661,
      "lower": -0.06662016648211022,
      "upper": -0.06296774088102808,
      "err_minus": 0.001782550752153611,
      "err_plus": 0.0018698748489285322
    }
  },
  "ncall": 1133189
}