{
  "burst": "phineas",
  "marginalize_gain": true,
  "marginalize_gain_gp": false,
  "shared_zeta": false,
  "alpha": {
    "median": 3.3255512258080704,
    "err_minus": 0.060242176927587376,
    "err_plus": 0.0629965276017268
  },
  "tau_1ghz": {
    "median": 0.30620017888352247,
    "err_minus": 0.00659093022961299,
    "err_plus": 0.006666972249023073
  },
  "log_evidence": 21549.00249172221,
  "log_evidence_err": 0.5572832231909939,
  "alpha_bounds": [
    1.5,
    6.0
  ],
  "components_C": 3,
  "components_D": 1,
  "percentiles": {
    "tau_1ghz": {
      "median": 0.30620017888352247,
      "lower": 0.2996092486539095,
      "upper": 0.31286715113254554,
      "err_minus": 0.00659093022961299,
      "err_plus": 0.006666972249023073
    },
    "alpha": {
      "median": 3.3255512258080704,
      "lower": 3.265309048880483,
      "upper": 3.388547753409797,
      "err_minus": 0.060242176927587376,
      "err_plus": 0.0629965276017268
    },
    "t0_C1": {
      "median": 7.901497667241607,
      "lower": 7.881672765378223,
      "upper": 7.922221953782888,
      "err_minus": 0.019824901863383815,
      "err_plus": 0.02072428654128089
    },
    "zeta_C1": {
      "median": 0.16077427937560101,
      "lower": 0.13649628414479434,
      "upper": 0.18739107546217731,
      "err_minus": 0.024277995230806676,
      "err_plus": 0.0266167960865763
    },
    "t0_C2": {
      "median": 9.330133877383599,
      "lower": 9.20743430520454,
      "upper": 9.44218818203058,
      "err_minus": 0.12269957217905869,
      "err_plus": 0.11205430464698196
    },
    "zeta_C2": {
      "median": 0.9372847531374577,
      "lower": 0.8434069194618503,
      "upper": 1.0269638901789437,
      "err_minus": 0.09387783367560742,
      "err_plus": 0.089679137041486
    },
    "t0_C3": {
      "median": 11.619243482151647,
      "lower": 11.283344566996833,
      "upper": 12.02038927924574,
      "err_minus": 0.3358989151548144,
      "err_plus": 0.4011457970940917
    },
    "zeta_C3": {
      "median": 2.1513058877559286,
      "lower": 1.9118391513855497,
      "upper": 2.353632712811245,
      "err_minus": 0.23946673637037885,
      "err_plus": 0.2023268250553163
    },
    "delta_dm_C": {
      "median": -0.00647064251277385,
      "lower": -0.013422579190688566,
      "upper": 0.0001793483691656661,
      "err_minus": 0.006951936677914716,
      "err_plus": 0.006649990881939516
    },
    "t0_D1": {
      "median": 2.4969707208553675,
      "lower": 2.496255049215044,
      "upper": 2.4976944581733775,
      "err_minus": 0.0007156716403233787,
      "err_plus": 0.0007237373180100093
    },
    "zeta_D1": {
      "median": 0.03470777600387824,
      "lower": 0.03414212239068465,
      "upper": 0.0352526144233913,
      "err_minus": 0.0005656536131935924,
      "err_plus": 0.0005448384195130621
    },
    "delta_dm_D": {
      "median": -0.06298976740167461,
      "lower": -0.06480394961780434,
      "upper": -0.06124637675215183,
      "err_minus": 0.0018141822161297227,
      "err_plus": 0.0017433906495227802
    }
  },
  "ncall": 1332008
}