{
  "burst": "phineas",
  "marginalize_gain": true,
  "marginalize_gain_gp": false,
  "shared_zeta": false,
  "alpha": {
    "median": 3.6550618513862108,
    "err_minus": 0.04686451483706833,
    "err_plus": 0.04140754672508784
  },
  "tau_1ghz": {
    "median": 0.3369049305718842,
    "err_minus": 0.005149360470878828,
    "err_plus": 0.0070350066724533256
  },
  "log_evidence": 22311.59144198122,
  "log_evidence_err": 0.6226307454151393,
  "alpha_bounds": [
    1.0,
    6.0
  ],
  "components_C": 3,
  "components_D": 3,
  "gain_s2": 1.0,
  "pbf_C": "exp",
  "pbf_D": "exp",
  "beta_C": 3.6666666666666665,
  "beta_D": 3.6666666666666665,
  "percentiles": {
    "tau_1ghz": {
      "median": 0.3369049305718842,
      "lower": 0.33175557010100537,
      "upper": 0.3439399372443375,
      "err_minus": 0.005149360470878828,
      "err_plus": 0.0070350066724533256
    },
    "alpha": {
      "median": 3.6550618513862108,
      "lower": 3.6081973365491424,
      "upper": 3.6964693981112986,
      "err_minus": 0.04686451483706833,
      "err_plus": 0.04140754672508784
    },
    "t0_C1": {
      "median": -2.019848255287819,
      "lower": -8.880526559036102,
      "upper": 4.1874956335841595,
      "err_minus": 6.8606783037482835,
      "err_plus": 6.2073438888719785
    },
    "zeta_C1": {
      "median": 222.30606605392984,
      "lower": 164.6982597099401,
      "upper": 303.62777977334827,
      "err_minus": 57.60780634398975,
      "err_plus": 81.32171371941843
    },
    "t0_C2": {
      "median": 7.889492428514548,
      "lower": 7.871500392064893,
      "upper": 7.908118100583139,
      "err_minus": 0.017992036449655302,
      "err_plus": 0.018625672068591115
    },
    "zeta_C2": {
      "median": 0.1408574334171884,
      "lower": 0.12129433360395915,
      "upper": 0.16414466701945457,
      "err_minus": 0.01956309981322925,
      "err_plus": 0.023287233602266172
    },
    "t0_C3": {
      "median": 9.533008905677443,
      "lower": 9.437979992602179,
      "upper": 9.628297754315204,
      "err_minus": 0.0950289130752644,
      "err_plus": 0.09528884863776099
    },
    "zeta_C3": {
      "median": 1.4577048576643694,
      "lower": 1.3837998427165796,
      "upper": 1.527680989569278,
      "err_minus": 0.07390501494778978,
      "err_plus": 0.06997613190490859
    },
    "delta_dm_C": {
      "median": 8.904841941159702e-06,
      "lower": -0.006339964297595202,
      "upper": 0.006612766189782349,
      "err_minus": 0.006348869139536362,
      "err_plus": 0.006603861347841189
    },
    "t0_D1": {
      "median": -5.340947713117332,
      "lower": -9.881160330838656,
      "upper": -0.4098316677970164,
      "err_minus": 4.540212617721323,
      "err_plus": 4.931116045320316
    },
    "zeta_D1": {
      "median": 46.03698777798137,
      "lower": 37.999560652877314,
      "upper": 57.05733930228789,
      "err_minus": 8.03742712510406,
      "err_plus": 11.02035152430652
    },
    "t0_D2": {
      "median": 2.4976705528103444,
      "lower": 2.497077074488587,
      "upper": 2.498412287947067,
      "err_minus": 0.0005934783217576012,
      "err_plus": 0.0007417351367227099
    },
    "zeta_D2": {
      "median": 0.034574657355424566,
      "lower": 0.03402219460842804,
      "upper": 0.035109946660827306,
      "err_minus": 0.0005524627469965238,
      "err_plus": 0.0005352893054027391
    },
    "t0_D3": {
      "median": 3.8174990313876798,
      "lower": 3.8109460103790056,
      "upper": 3.8249106609377854,
      "err_minus": 0.006553021008674165,
      "err_plus": 0.007411629550105658
    },
    "zeta_D3": {
      "median": 0.1895723734331647,
      "lower": 0.18155513153603187,
      "upper": 0.19839810189216447,
      "err_minus": 0.00801724189713282,
      "err_plus": 0.008825728458999788
    },
    "delta_dm_D": {
      "median": -0.06459631979868163,
      "lower": -0.06653154055861421,
      "upper": -0.06267167336700652,
      "err_minus": 0.0019352207599325766,
      "err_plus": 0.0019246464316751144
    }
  },
  "ncall": 1820826
}