{
  "burst": "phineas",
  "marginalize_gain": true,
  "marginalize_gain_gp": false,
  "shared_zeta": false,
  "alpha": {
    "median": 3.6835918840364066,
    "err_minus": 0.04536907095524967,
    "err_plus": 0.045292500147738224
  },
  "tau_1ghz": {
    "median": 0.3400997680813548,
    "err_minus": 0.005583947263104405,
    "err_plus": 0.005636603995385625
  },
  "log_evidence": 22169.0233363973,
  "log_evidence_err": 0.5806561569529672,
  "alpha_bounds": [
    1.0,
    6.0
  ],
  "components_C": 3,
  "components_D": 3,
  "gain_s2": 100.0,
  "pbf_C": "exp",
  "pbf_D": "exp",
  "beta_C": 3.6666666666666665,
  "beta_D": 3.6666666666666665,
  "percentiles": {
    "tau_1ghz": {
      "median": 0.3400997680813548,
      "lower": 0.3345158208182504,
      "upper": 0.3457363720767404,
      "err_minus": 0.005583947263104405,
      "err_plus": 0.005636603995385625
    },
    "alpha": {
      "median": 3.6835918840364066,
      "lower": 3.638222813081157,
      "upper": 3.728884384184145,
      "err_minus": 0.04536907095524967,
      "err_plus": 0.045292500147738224
    },
    "t0_C1": {
      "median": -2.371917850271082,
      "lower": -9.279715122753132,
      "upper": 4.65242770770244,
      "err_minus": 6.90779727248205,
      "err_plus": 7.024345557973522
    },
    "zeta_C1": {
      "median": 940.6782421064947,
      "lower": 859.9905670398174,
      "upper": 984.3708979790285,
      "err_minus": 80.68767506667734,
      "err_plus": 43.692655872533805
    },
    "t0_C2": {
      "median": 7.88734485263208,
      "lower": 7.86882464537883,
      "upper": 7.9054530353732675,
      "err_minus": 0.018520207253249765,
      "err_plus": 0.018108182741187306
    },
    "zeta_C2": {
      "median": 0.13745420213762327,
      "lower": 0.11723946983925845,
      "upper": 0.160094390895027,
      "err_minus": 0.020214732298364818,
      "err_plus": 0.02264018875740373
    },
    "t0_C3": {
      "median": 9.492538257185332,
      "lower": 9.401029865610615,
      "upper": 9.58137474114694,
      "err_minus": 0.0915083915747168,
      "err_plus": 0.08883648396160737
    },
    "zeta_C3": {
      "median": 1.4405864992082829,
      "lower": 1.3634720417884072,
      "upper": 1.5128919915790813,
      "err_minus": 0.07711445741987566,
      "err_plus": 0.07230549237079842
    },
    "delta_dm_C": {
      "median": -0.000490973100816916,
      "lower": -0.006091750743919988,
      "upper": 0.006138485632568802,
      "err_minus": 0.005600777643103072,
      "err_plus": 0.006629458733385718
    },
    "t0_D1": {
      "median": 2.4978274362188664,
      "lower": 2.4971157362236305,
      "upper": 2.498570225760794,
      "err_minus": 0.0007116999952359038,
      "err_plus": 0.0007427895419276354
    },
    "zeta_D1": {
      "median": 0.03463798409025488,
      "lower": 0.03407371159586708,
      "upper": 0.03520310680249799,
      "err_minus": 0.0005642724943877991,
      "err_plus": 0.0005651227122431129
    },
    "t0_D2": {
      "median": 3.818155289712852,
      "lower": 3.81053114363673,
      "upper": 3.82558989514089,
      "err_minus": 0.007624146076121718,
      "err_plus": 0.00743460542803831
    },
    "zeta_D2": {
      "median": 0.18891162335406514,
      "lower": 0.18010988377109607,
      "upper": 0.19787199061733018,
      "err_minus": 0.008801739582969065,
      "err_plus": 0.008960367263265046
    },
    "t0_D3": {
      "median": 10.260743347405166,
      "lower": 5.998941316138522,
      "upper": 15.012889255638521,
      "err_minus": 4.261802031266644,
      "err_plus": 4.752145908233356
    },
    "zeta_D3": {
      "median": 502.4008464185824,
      "lower": 403.46029644682943,
      "upper": 582.41116968618,
      "err_minus": 98.94054997175294,
      "err_plus": 80.01032326759758
    },
    "delta_dm_D": {
      "median": -0.06486540832948151,
      "lower": -0.06662051430858185,
      "upper": -0.06299547520383442,
      "err_minus": 0.0017551059791003354,
      "err_plus": 0.0018699331256470941
    }
  },
  "ncall": 1726340
}