{
  "burst": "phineas",
  "marginalize_gain": true,
  "marginalize_gain_gp": false,
  "shared_zeta": false,
  "alpha": {
    "median": 3.8151388654397382,
    "err_minus": 0.03978074539820531,
    "err_plus": 0.042184754745747455
  },
  "tau_1ghz": {
    "median": 0.3613897556263092,
    "err_minus": 0.0054482170590147705,
    "err_plus": 0.00545654440361637
  },
  "log_evidence": 21297.922511371875,
  "log_evidence_err": 0.5125849003492577,
  "alpha_bounds": [
    1.5,
    6.0
  ],
  "components_C": 1,
  "components_D": 1,
  "percentiles": {
    "tau_1ghz": {
      "median": 0.3613897556263092,
      "lower": 0.35594153856729444,
      "upper": 0.3668463000299256,
      "err_minus": 0.0054482170590147705,
      "err_plus": 0.00545654440361637
    },
    "alpha": {
      "median": 3.8151388654397382,
      "lower": 3.775358120041533,
      "upper": 3.8573236201854857,
      "err_minus": 0.03978074539820531,
      "err_plus": 0.042184754745747455
    },
    "t0_C1": {
      "median": 8.140054739689855,
      "lower": 8.098998539366494,
      "upper": 8.180454716823807,
      "err_minus": 0.04105620032336077,
      "err_plus": 0.04039997713395138
    },
    "zeta_C1": {
      "median": 1.0638422890840433,
      "lower": 1.0219616212748763,
      "upper": 1.1069794154328663,
      "err_minus": 0.041880667809166994,
      "err_plus": 0.04313712634882294
    },
    "delta_dm_C": {
      "median": 0.08129932675377205,
      "lower": 0.07458285288704758,
      "upper": 0.08805863492986532,
      "err_minus": 0.0067164738667244706,
      "err_plus": 0.0067593081760932705
    },
    "t0_D1": {
      "median": 2.4977359349581363,
      "lower": 2.4969804725063884,
      "upper": 2.4984771290752104,
      "err_minus": 0.0007554624517478459,
      "err_plus": 0.0007411941170740732
    },
    "zeta_D1": {
      "median": 0.03449999892895248,
      "lower": 0.03391391110825488,
      "upper": 0.035064855860697575,
      "err_minus": 0.0005860878206975992,
      "err_plus": 0.0005648569317450933
    },
    "delta_dm_D": {
      "median": -0.06620190703151962,
      "lower": -0.06800908079065948,
      "upper": -0.064355428868204,
      "err_minus": 0.0018071737591398573,
      "err_plus": 0.0018464781633156235
    }
  },
  "ncall": 921657
}