{
  "burst": "phineas",
  "marginalize_gain": true,
  "marginalize_gain_gp": false,
  "shared_zeta": false,
  "alpha": {
    "median": 3.673139910076306,
    "err_minus": 0.044948024798318276,
    "err_plus": 0.04398013254790767
  },
  "tau_1ghz": {
    "median": 0.3433753126296006,
    "err_minus": 0.006035195737358889,
    "err_plus": 0.005839372136681176
  },
  "log_evidence": 21386.960790264213,
  "log_evidence_err": 0.5255933391780903,
  "alpha_bounds": [
    1.5,
    6.0
  ],
  "components_C": 3,
  "components_D": 1,
  "gain_s2": 100.0,
  "percentiles": {
    "tau_1ghz": {
      "median": 0.3433753126296006,
      "lower": 0.3373401168922417,
      "upper": 0.34921468476628176,
      "err_minus": 0.006035195737358889,
      "err_plus": 0.005839372136681176
    },
    "alpha": {
      "median": 3.673139910076306,
      "lower": 3.6281918852779875,
      "upper": 3.7171200426242135,
      "err_minus": 0.044948024798318276,
      "err_plus": 0.04398013254790767
    },
    "t0_C1": {
      "median": 7.888311013710943,
      "lower": 7.869972845233942,
      "upper": 7.9063944390260055,
      "err_minus": 0.018338168477001204,
      "err_plus": 0.01808342531506213
    },
    "zeta_C1": {
      "median": 0.13756871325501788,
      "lower": 0.11712485425162711,
      "upper": 0.16077207017000733,
      "err_minus": 0.02044385900339077,
      "err_plus": 0.023203356914989454
    },
    "t0_C2": {
      "median": 9.48789691130413,
      "lower": 9.393431335111988,
      "upper": 9.58390182736829,
      "err_minus": 0.09446557619214246,
      "err_plus": 0.09600491606416028
    },
    "zeta_C2": {
      "median": 1.4400025455189212,
      "lower": 1.3668751703071194,
      "upper": 1.5154779721789557,
      "err_minus": 0.07312737521180179,
      "err_plus": 0.0754754266600346
    },
    "t0_C3": {
      "median": 17.660731437704214,
      "lower": 11.178222621167729,
      "upper": 24.188337613634864,
      "err_minus": 6.482508816536486,
      "err_plus": 6.52760617593065
    },
    "zeta_C3": {
      "median": 937.7686648483686,
      "lower": 846.2360620734596,
      "upper": 983.8337354584913,
      "err_minus": 91.53260277490904,
      "err_plus": 46.06507061012269
    },
    "delta_dm_C": {
      "median": -0.0001423473015051968,
      "lower": -0.00626049840938947,
      "upper": 0.006385362797509231,
      "err_minus": 0.006118151107884273,
      "err_plus": 0.006527710099014428
    },
    "t0_D1": {
      "median": 2.4975614923726503,
      "lower": 2.4968034895362266,
      "upper": 2.4982886124419075,
      "err_minus": 0.000758002836423799,
      "err_plus": 0.0007271200692571256
    },
    "zeta_D1": {
      "median": 0.034631626683094205,
      "lower": 0.03404472931015129,
      "upper": 0.035237142252447104,
      "err_minus": 0.0005868973729429156,
      "err_plus": 0.0006055155693528991
    },
    "delta_dm_D": {
      "median": -0.06518622720013667,
      "lower": -0.06701614931955646,
      "upper": -0.06329288747107142,
      "err_minus": 0.0018299221194197912,
      "err_plus": 0.0018933397290652465
    }
  },
  "ncall": 1316026
}