{
  "burst": "phineas",
  "marginalize_gain": true,
  "marginalize_gain_gp": false,
  "shared_zeta": false,
  "alpha": {
    "median": 3.5868721672155788,
    "err_minus": 0.044254628470822954,
    "err_plus": 0.042714912511578884
  },
  "tau_1ghz": {
    "median": 0.33447905703470215,
    "err_minus": 0.005488052347964845,
    "err_plus": 0.005180689411346473
  },
  "log_evidence": 21526.552658864526,
  "log_evidence_err": 0.5119934146788944,
  "alpha_bounds": [
    1.5,
    6.0
  ],
  "components_C": 2,
  "components_D": 1,
  "percentiles": {
    "tau_1ghz": {
      "median": 0.33447905703470215,
      "lower": 0.3289910046867373,
      "upper": 0.3396597464460486,
      "err_minus": 0.005488052347964845,
      "err_plus": 0.005180689411346473
    },
    "alpha": {
      "median": 3.5868721672155788,
      "lower": 3.542617538744756,
      "upper": 3.6295870797271577,
      "err_minus": 0.044254628470822954,
      "err_plus": 0.042714912511578884
    },
    "t0_C1": {
      "median": 7.884599321248174,
      "lower": 7.865025000366778,
      "upper": 7.903304426958574,
      "err_minus": 0.019574320881396545,
      "err_plus": 0.018705105710399295
    },
    "zeta_C1": {
      "median": 0.15140728195658326,
      "lower": 0.13045340551282653,
      "upper": 0.17402265304814635,
      "err_minus": 0.020953876443756736,
      "err_plus": 0.022615371091563086
    },
    "t0_C2": {
      "median": 9.58246848966149,
      "lower": 9.490996802049487,
      "upper": 9.677952158801148,
      "err_minus": 0.0914716876120032,
      "err_plus": 0.09548366913965722
    },
    "zeta_C2": {
      "median": 1.5134304777912682,
      "lower": 1.437978674403102,
      "upper": 1.5896297000886321,
      "err_minus": 0.07545180338816615,
      "err_plus": 0.07619922229736398
    },
    "delta_dm_C": {
      "median": 0.0042672527471339095,
      "lower": -0.0023801760580397513,
      "upper": 0.011106693751159469,
      "err_minus": 0.006647428805173661,
      "err_plus": 0.006839441004025559
    },
    "t0_D1": {
      "median": 2.4973643199417648,
      "lower": 2.4966197468337388,
      "upper": 2.4981258361626537,
      "err_minus": 0.0007445731080260032,
      "err_plus": 0.0007615162208889359
    },
    "zeta_D1": {
      "median": 0.03459041249009022,
      "lower": 0.034027895662671066,
      "upper": 0.035159586862300675,
      "err_minus": 0.000562516827419153,
      "err_plus": 0.0005691743722104556
    },
    "delta_dm_D": {
      "median": -0.06465064703628798,
      "lower": -0.06652684021325683,
      "upper": -0.06286033217738662,
      "err_minus": 0.0018761931769688545,
      "err_plus": 0.001790314858901354
    }
  },
  "ncall": 1113734
}