{
  "burst": "phineas",
  "marginalize_gain": true,
  "marginalize_gain_gp": false,
  "shared_zeta": false,
  "alpha": {
    "median": 3.6483729947895003,
    "err_minus": 0.03036349726740406,
    "err_plus": 0.037554859997683376
  },
  "tau_1ghz": {
    "median": 0.34583959769168543,
    "err_minus": 0.003516418277613731,
    "err_plus": 0.005901799927492568
  },
  "log_evidence": 21497.510518174113,
  "log_evidence_err": 0.5717837166479487,
  "alpha_bounds": [
    1.5,
    6.0
  ],
  "components_C": 3,
  "components_D": 1,
  "gain_s2": 1.0,
  "percentiles": {
    "tau_1ghz": {
      "median": 0.34583959769168543,
      "lower": 0.3423231794140717,
      "upper": 0.351741397619178,
      "err_minus": 0.003516418277613731,
      "err_plus": 0.005901799927492568
    },
    "alpha": {
      "median": 3.6483729947895003,
      "lower": 3.618009497522096,
      "upper": 3.6859278547871837,
      "err_minus": 0.03036349726740406,
      "err_plus": 0.037554859997683376
    },
    "t0_C1": {
      "median": 7.8346688575212085,
      "lower": 2.095137219185803,
      "upper": 7.893651542576524,
      "err_minus": 5.739531638335405,
      "err_plus": 0.0589826850553159
    },
    "zeta_C1": {
      "median": 0.1942395898072373,
      "lower": 0.1318953488569063,
      "upper": 281.10606771944913,
      "err_minus": 0.062344240950331004,
      "err_plus": 280.9118281296419
    },
    "t0_C2": {
      "median": 9.275806738576506,
      "lower": 7.878876205028615,
      "upper": 9.56714330042653,
      "err_minus": 1.3969305335478905,
      "err_plus": 0.29133656185002366
    },
    "zeta_C2": {
      "median": 1.2073045890697987,
      "lower": 0.1487741787920307,
      "upper": 1.4401089566211984,
      "err_minus": 1.058530410277768,
      "err_plus": 0.23280436755139977
    },
    "t0_C3": {
      "median": 9.808204328393598,
      "lower": 9.47366285261767,
      "upper": 13.915137731264087,
      "err_minus": 0.33454147577592863,
      "err_plus": 4.106933402870489
    },
    "zeta_C3": {
      "median": 103.24596418814846,
      "lower": 1.3829720925393016,
      "upper": 235.31516124969275,
      "err_minus": 101.86299209560916,
      "err_plus": 132.0691970615443
    },
    "delta_dm_C": {
      "median": 0.0004799033516462714,
      "lower": -0.004592822518574735,
      "upper": 0.005124741561360224,
      "err_minus": 0.0050727258702210065,
      "err_plus": 0.004644838209713953
    },
    "t0_D1": {
      "median": 2.49706190345527,
      "lower": 2.496576440008047,
      "upper": 2.497749563507165,
      "err_minus": 0.0004854634472231112,
      "err_plus": 0.0006876600518950227
    },
    "zeta_D1": {
      "median": 0.034628843445210396,
      "lower": 0.03420409839303817,
      "upper": 0.03510255225677818,
      "err_minus": 0.000424745052172229,
      "err_plus": 0.0004737088115677815
    },
    "delta_dm_D": {
      "median": -0.06574645262863754,
      "lower": -0.06734345053152424,
      "upper": -0.06407483707343431,
      "err_minus": 0.0015969979028866987,
      "err_plus": 0.001671615555203232
    }
  },
  "ncall": 1322924
}