{
  "burst": "phineas",
  "marginalize_gain": true,
  "marginalize_gain_gp": false,
  "shared_zeta": false,
  "alpha": {
    "median": 3.654475615766118,
    "err_minus": 0.04329374916828144,
    "err_plus": 0.04690549080439155
  },
  "tau_1ghz": {
    "median": 0.34063234373141243,
    "err_minus": 0.005923764518045216,
    "err_plus": 0.005548281928328125
  },
  "log_evidence": 22225.776850564147,
  "log_evidence_err": 0.6050132100202175,
  "alpha_bounds": [
    1.0,
    6.0
  ],
  "components_C": 3,
  "components_D": 2,
  "gain_s2": 10.0,
  "pbf_C": "exp",
  "pbf_D": "exp",
  "beta_C": 3.6666666666666665,
  "beta_D": 3.6666666666666665,
  "percentiles": {
    "tau_1ghz": {
      "median": 0.34063234373141243,
      "lower": 0.3347085792133672,
      "upper": 0.34618062565974056,
      "err_minus": 0.005923764518045216,
      "err_plus": 0.005548281928328125
    },
    "alpha": {
      "median": 3.654475615766118,
      "lower": 3.6111818665978364,
      "upper": 3.7013811065705093,
      "err_minus": 0.04329374916828144,
      "err_plus": 0.04690549080439155
    },
    "t0_C1": {
      "median": 5.7375131136530655,
      "lower": 2.952645059245677,
      "upper": 7.187170764431205,
      "err_minus": 2.7848680544073883,
      "err_plus": 1.4496576507781391
    },
    "zeta_C1": {
      "median": 641.3134520484787,
      "lower": 496.3189691775788,
      "upper": 810.5671009719388,
      "err_minus": 144.99448287089984,
      "err_plus": 169.2536489234601
    },
    "t0_C2": {
      "median": 7.888857178268279,
      "lower": 7.870647381002066,
      "upper": 7.906671892590112,
      "err_minus": 0.018209797266212746,
      "err_plus": 0.017814714321833236
    },
    "zeta_C2": {
      "median": 0.14142715718062393,
      "lower": 0.12130263542396148,
      "upper": 0.1638590797549863,
      "err_minus": 0.020124521756662447,
      "err_plus": 0.022431922574362356
    },
    "t0_C3": {
      "median": 9.512759573956876,
      "lower": 9.42222329392296,
      "upper": 9.611012115911729,
      "err_minus": 0.09053628003391623,
      "err_plus": 0.098252541954853
    },
    "zeta_C3": {
      "median": 1.4461541115548853,
      "lower": 1.3719666981272722,
      "upper": 1.5174223710755967,
      "err_minus": 0.07418741342761304,
      "err_plus": 0.07126825952071147
    },
    "delta_dm_C": {
      "median": 0.00010112255098704281,
      "lower": -0.005866544278063657,
      "upper": 0.006133621983217097,
      "err_minus": 0.0059676668290506996,
      "err_plus": 0.006032499432230054
    },
    "t0_D1": {
      "median": 2.4975205582401756,
      "lower": 2.4967943917438067,
      "upper": 2.4982486462797446,
      "err_minus": 0.0007261664963689185,
      "err_plus": 0.0007280880395690303
    },
    "zeta_D1": {
      "median": 0.0347035179485811,
      "lower": 0.034147803271095345,
      "upper": 0.03529400888765047,
      "err_minus": 0.0005557146774857538,
      "err_plus": 0.00059049093906937
    },
    "t0_D2": {
      "median": 3.8175778611878712,
      "lower": 3.8105721045190464,
      "upper": 3.8250094921936153,
      "err_minus": 0.0070057566688248585,
      "err_plus": 0.007431631005744066
    },
    "zeta_D2": {
      "median": 0.20258059255688218,
      "lower": 0.1933378478372852,
      "upper": 0.2110337759769142,
      "err_minus": 0.00924274471959699,
      "err_plus": 0.008453183420032012
    },
    "delta_dm_D": {
      "median": -0.06510863391498134,
      "lower": -0.0668138893144743,
      "upper": -0.06327044245570335,
      "err_minus": 0.0017052553994929553,
      "err_plus": 0.0018381914592779935
    }
  },
  "ncall": 1647101
}