{
  "burst": "phineas",
  "marginalize_gain": true,
  "marginalize_gain_gp": false,
  "shared_zeta": false,
  "alpha": {
    "median": 3.3692492709602435,
    "err_minus": 0.06251825477778716,
    "err_plus": 0.06090639304375145
  },
  "tau_1ghz": {
    "median": 0.28842711035822327,
    "err_minus": 0.006086228140494587,
    "err_plus": 0.006113913207856647
  },
  "log_evidence": 21752.354417621384,
  "log_evidence_err": 0.6202732513107253,
  "alpha_bounds": [
    1.5,
    6.0
  ],
  "components_C": 3,
  "components_D": 2,
  "gain_s2": null,
  "percentiles": {
    "tau_1ghz": {
      "median": 0.28842711035822327,
      "lower": 0.2823408822177287,
      "upper": 0.2945410235660799,
      "err_minus": 0.006086228140494587,
      "err_plus": 0.006113913207856647
    },
    "alpha": {
      "median": 3.3692492709602435,
      "lower": 3.3067310161824564,
      "upper": 3.430155664003995,
      "err_minus": 0.06251825477778716,
      "err_plus": 0.06090639304375145
    },
    "t0_C1": {
      "median": 7.907041920744788,
      "lower": 7.887276880142082,
      "upper": 7.92864803993314,
      "err_minus": 0.019765040602706563,
      "err_plus": 0.02160611918835187
    },
    "zeta_C1": {
      "median": 0.16686150811659825,
      "lower": 0.14307144699412258,
      "upper": 0.19245138482377191,
      "err_minus": 0.02379006112247567,
      "err_plus": 0.025589876707173664
    },
    "t0_C2": {
      "median": 9.35173937442092,
      "lower": 9.23622111132261,
      "upper": 9.461112838305649,
      "err_minus": 0.11551826309830915,
      "err_plus": 0.10937346388472946
    },
    "zeta_C2": {
      "median": 0.9263358480181527,
      "lower": 0.8342987417931677,
      "upper": 1.0168046411950347,
      "err_minus": 0.09203710622498507,
      "err_plus": 0.09046879317688195
    },
    "t0_C3": {
      "median": 11.660835696170002,
      "lower": 11.330854712296402,
      "upper": 12.05198062476075,
      "err_minus": 0.3299809838736003,
      "err_plus": 0.391144928590748
    },
    "zeta_C3": {
      "median": 2.166151738561555,
      "lower": 1.9394221203763,
      "upper": 2.376586698105643,
      "err_minus": 0.22672961818525517,
      "err_plus": 0.21043495954408797
    },
    "delta_dm_C": {
      "median": -0.007520773810732351,
      "lower": -0.014772547048075069,
      "upper": -0.000144655184769249,
      "err_minus": 0.007251773237342718,
      "err_plus": 0.007376118625963102
    },
    "t0_D1": {
      "median": 2.295815304954651,
      "lower": 2.282630448662875,
      "upper": 2.3009517855462622,
      "err_minus": 0.013184856291776015,
      "err_plus": 0.005136480591611203
    },
    "zeta_D1": {
      "median": 2.5838032250268457,
      "lower": 2.3349935813767173,
      "upper": 2.8567728852406145,
      "err_minus": 0.24880964365012836,
      "err_plus": 0.2729696602137688
    },
    "t0_D2": {
      "median": 2.4987586362914183,
      "lower": 2.4979984041916232,
      "upper": 2.4995153302196353,
      "err_minus": 0.0007602320997950329,
      "err_plus": 0.0007566939282170893
    },
    "zeta_D2": {
      "median": 0.03469779936969315,
      "lower": 0.034107100302788414,
      "upper": 0.03524295198274034,
      "err_minus": 0.0005906990669047388,
      "err_plus": 0.0005451526130471895
    },
    "delta_dm_D": {
      "median": -0.061910171802345815,
      "lower": -0.0636870778810561,
      "upper": -0.060130126189704924,
      "err_minus": 0.001776906078710283,
      "err_plus": 0.0017800456126408903
    }
  },
  "ncall": 1815786
}