{
  "burst": "phineas",
  "marginalize_gain": true,
  "alpha": {
    "median": 3.8198027122262266,
    "err_minus": 0.03938981641748329,
    "err_plus": 0.040252039303537934
  },
  "tau_1ghz": {
    "median": 0.36246719131373717,
    "err_minus": 0.005560702691971509,
    "err_plus": 0.005660543256890582
  },
  "log_evidence": -7056.176322762519,
  "log_evidence_err": 0.5097367199632084,
  "alpha_bounds": [
    1.0,
    6.0
  ],
  "percentiles": {
    "tau_1ghz": {
      "median": 0.36246719131373717,
      "lower": 0.35690648862176566,
      "upper": 0.36812773457062775,
      "err_minus": 0.005560702691971509,
      "err_plus": 0.005660543256890582
    },
    "alpha": {
      "median": 3.8198027122262266,
      "lower": 3.7804128958087433,
      "upper": 3.8600547515297645,
      "err_minus": 0.03938981641748329,
      "err_plus": 0.040252039303537934
    },
    "t0_C": {
      "median": 8.13617566169335,
      "lower": 8.095857163695097,
      "upper": 8.178385991630897,
      "err_minus": 0.04031849799825338,
      "err_plus": 0.042210329937546476
    },
    "zeta_C": {
      "median": 1.0623899816497833,
      "lower": 1.019949329159886,
      "upper": 1.1035045606655638,
      "err_minus": 0.04244065248989726,
      "err_plus": 0.04111457901578053
    },
    "delta_dm_C": {
      "median": 0.08100095090205173,
      "lower": 0.07427625255022008,
      "upper": 0.08779462453388476,
      "err_minus": 0.006724698351831648,
      "err_plus": 0.00679367363183303
    },
    "t0_D": {
      "median": 2.497719922984164,
      "lower": 2.4969894078110215,
      "upper": 2.498457915248382,
      "err_minus": 0.0007305151731422654,
      "err_plus": 0.0007379922642183345
    },
    "zeta_D": {
      "median": 0.03447006835237872,
      "lower": 0.0339109144212948,
      "upper": 0.0350335771833704,
      "err_minus": 0.000559153931083925,
      "err_plus": 0.0005635088309916755
    },
    "delta_dm_D": {
      "median": -0.06625221022041927,
      "lower": -0.0680513716853568,
      "upper": -0.06449186855491718,
      "err_minus": 0.0017991614649375265,
      "err_plus": 0.0017603416655020965
    }
  },
  "ncall": 939518,
  "gain_recovered": true
}