{
  "burst": "phineas",
  "marginalize_gain": true,
  "marginalize_gain_gp": false,
  "shared_zeta": false,
  "alpha": {
    "median": 3.6738198462692435,
    "err_minus": 0.045559462485014635,
    "err_plus": 0.04523585246761419
  },
  "tau_1ghz": {
    "median": 0.3433608590558439,
    "err_minus": 0.005826719017217485,
    "err_plus": 0.00566366322757228
  },
  "log_evidence": 22127.475259854047,
  "log_evidence_err": 0.6769160010854749,
  "alpha_bounds": [
    1.0,
    6.0
  ],
  "components_C": 3,
  "components_D": 2,
  "gain_s2": 100.0,
  "pbf_C": "exp",
  "pbf_D": "exp",
  "beta_C": 3.6666666666666665,
  "beta_D": 3.6666666666666665,
  "percentiles": {
    "tau_1ghz": {
      "median": 0.3433608590558439,
      "lower": 0.3375341400386264,
      "upper": 0.3490245222834162,
      "err_minus": 0.005826719017217485,
      "err_plus": 0.00566366322757228
    },
    "alpha": {
      "median": 3.6738198462692435,
      "lower": 3.628260383784229,
      "upper": 3.7190556987368577,
      "err_minus": 0.045559462485014635,
      "err_plus": 0.04523585246761419
    },
    "t0_C1": {
      "median": 7.88757198918907,
      "lower": 7.869933018331569,
      "upper": 7.905731487862763,
      "err_minus": 0.01763897085750088,
      "err_plus": 0.018159498673693264
    },
    "zeta_C1": {
      "median": 0.13797924449002985,
      "lower": 0.11747011283503164,
      "upper": 0.15975708425385315,
      "err_minus": 0.02050913165499821,
      "err_plus": 0.021777839763823303
    },
    "t0_C2": {
      "median": 9.487135398258268,
      "lower": 9.398101327837459,
      "upper": 9.586272234068907,
      "err_minus": 0.08903407042080858,
      "err_plus": 0.09913683581063992
    },
    "zeta_C2": {
      "median": 1.4380313729967589,
      "lower": 1.3614698119682298,
      "upper": 1.5127247130053418,
      "err_minus": 0.07656156102852907,
      "err_plus": 0.07469334000858296
    },
    "t0_C3": {
      "median": 18.118737848571243,
      "lower": 12.127656843219922,
      "upper": 24.46665911594213,
      "err_minus": 5.991081005351321,
      "err_plus": 6.347921267370886
    },
    "zeta_C3": {
      "median": 936.1381333154674,
      "lower": 848.5429673052203,
      "upper": 983.342745047488,
      "err_minus": 87.59516601024711,
      "err_plus": 47.20461173202068
    },
    "delta_dm_C": {
      "median": -0.00022333475003222247,
      "lower": -0.0062541021056929935,
      "upper": 0.006199518661574643,
      "err_minus": 0.006030767355660771,
      "err_plus": 0.006422853411606866
    },
    "t0_D1": {
      "median": 2.4975411847189406,
      "lower": 2.496789084885396,
      "upper": 2.498294910181217,
      "err_minus": 0.0007520998335444062,
      "err_plus": 0.0007537254622764777
    },
    "zeta_D1": {
      "median": 0.03466737625898902,
      "lower": 0.03409729312570051,
      "upper": 0.03523757488577396,
      "err_minus": 0.0005700831332885042,
      "err_plus": 0.0005701986267849443
    },
    "t0_D2": {
      "median": 3.8192029536897003,
      "lower": 3.8112264741331536,
      "upper": 3.827000079050439,
      "err_minus": 0.007976479556546678,
      "err_plus": 0.0077971253607387325
    },
    "zeta_D2": {
      "median": 0.20153534138490223,
      "lower": 0.19271283233845202,
      "upper": 0.21084091698891386,
      "err_minus": 0.008822509046450211,
      "err_plus": 0.009305575604011629
    },
    "delta_dm_D": {
      "median": -0.0650807749537492,
      "lower": -0.06695317711954374,
      "upper": -0.0632329301670822,
      "err_minus": 0.00187240216579454,
      "err_plus": 0.0018478447866669967
    }
  },
  "ncall": 2061693
}