{
  "burst": "phineas",
  "marginalize_gain": true,
  "marginalize_gain_gp": false,
  "shared_zeta": false,
  "alpha": {
    "median": 3.6423557974847207,
    "err_minus": 0.04444202747455073,
    "err_plus": 0.04592966172004287
  },
  "tau_1ghz": {
    "median": 0.34022232829449794,
    "err_minus": 0.0057409196807728935,
    "err_plus": 0.005619488279558604
  },
  "log_evidence": 22219.330179582943,
  "log_evidence_err": 0.5832007182581337,
  "alpha_bounds": [
    1.0,
    6.0
  ],
  "components_C": 3,
  "components_D": 3,
  "gain_s2": 10.0,
  "pbf_C": "exp",
  "pbf_D": "exp",
  "beta_C": 3.6666666666666665,
  "beta_D": 3.6666666666666665,
  "percentiles": {
    "tau_1ghz": {
      "median": 0.34022232829449794,
      "lower": 0.33448140861372505,
      "upper": 0.34584181657405655,
      "err_minus": 0.0057409196807728935,
      "err_plus": 0.005619488279558604
    },
    "alpha": {
      "median": 3.6423557974847207,
      "lower": 3.59791377001017,
      "upper": 3.6882854592047636,
      "err_minus": 0.04444202747455073,
      "err_plus": 0.04592966172004287
    },
    "t0_C1": {
      "median": -0.7943112404013437,
      "lower": -8.268450075692797,
      "upper": 5.201401840638507,
      "err_minus": 7.474138835291454,
      "err_plus": 5.995713081039851
    },
    "zeta_C1": {
      "median": 667.8768481545721,
      "lower": 515.3783436950472,
      "upper": 843.8977184372875,
      "err_minus": 152.49850445952495,
      "err_plus": 176.02087028271535
    },
    "t0_C2": {
      "median": 7.887980396579157,
      "lower": 7.869602225669692,
      "upper": 7.905590074013394,
      "err_minus": 0.018378170909464586,
      "err_plus": 0.017609677434236914
    },
    "zeta_C2": {
      "median": 0.14189317760891984,
      "lower": 0.12174970738153186,
      "upper": 0.16427851313331132,
      "err_minus": 0.02014347022738798,
      "err_plus": 0.02238533552439148
    },
    "t0_C3": {
      "median": 9.512812643660302,
      "lower": 9.418814167208163,
      "upper": 9.606332837587944,
      "err_minus": 0.0939984764521391,
      "err_plus": 0.09352019392764177
    },
    "zeta_C3": {
      "median": 1.4559175546173055,
      "lower": 1.3806328798877168,
      "upper": 1.531216716840552,
      "err_minus": 0.07528467472958877,
      "err_plus": 0.0752991622232464
    },
    "delta_dm_C": {
      "median": 0.0006679002042062621,
      "lower": -0.005336655510376431,
      "upper": 0.0074745232770041525,
      "err_minus": 0.006004555714582693,
      "err_plus": 0.0068066230727978905
    },
    "t0_D1": {
      "median": -0.596369301499033,
      "lower": -0.6071450132305536,
      "upper": -0.5858880411052763,
      "err_minus": 0.010775711731520587,
      "err_plus": 0.010481260393756742
    },
    "zeta_D1": {
      "median": 0.002691932949347808,
      "lower": 0.00028211752225750875,
      "upper": 0.02566255636830506,
      "err_minus": 0.0024098154270902994,
      "err_plus": 0.022970623418957253
    },
    "t0_D2": {
      "median": 2.497540529792433,
      "lower": 2.4967708401666417,
      "upper": 2.4983135872895,
      "err_minus": 0.000769689625791159,
      "err_plus": 0.0007730574970672421
    },
    "zeta_D2": {
      "median": 0.034644283249635234,
      "lower": 0.03407588441943577,
      "upper": 0.035200594375304664,
      "err_minus": 0.0005683988301994625,
      "err_plus": 0.00055631112566943
    },
    "t0_D3": {
      "median": 3.8185318501095296,
      "lower": 3.8108638623333366,
      "upper": 3.8261588707195653,
      "err_minus": 0.0076679877761929305,
      "err_plus": 0.0076270206100357285
    },
    "zeta_D3": {
      "median": 0.20070426129661773,
      "lower": 0.19194389320279218,
      "upper": 0.21055881373712856,
      "err_minus": 0.008760368093825549,
      "err_plus": 0.009854552440510839
    },
    "delta_dm_D": {
      "median": -0.06510441542872059,
      "lower": -0.06694490092363026,
      "upper": -0.06326756349560014,
      "err_minus": 0.0018404854949096716,
      "err_plus": 0.0018368519331204425
    }
  },
  "ncall": 1827762
}