{
  "burst": "phineas",
  "marginalize_gain": true,
  "marginalize_gain_gp": false,
  "shared_zeta": false,
  "alpha": {
    "median": 3.633157007430533,
    "err_minus": 0.042180447545023814,
    "err_plus": 0.044474319907795934
  },
  "tau_1ghz": {
    "median": 0.34015380901119524,
    "err_minus": 0.005078195094789406,
    "err_plus": 0.004898335271456389
  },
  "log_evidence": 22308.38063327279,
  "log_evidence_err": 0.5362350361618207,
  "alpha_bounds": [
    1.0,
    6.0
  ],
  "components_C": 3,
  "components_D": 2,
  "gain_s2": 1.0,
  "pbf_C": "exp",
  "pbf_D": "exp",
  "beta_C": 3.6666666666666665,
  "beta_D": 3.6666666666666665,
  "percentiles": {
    "tau_1ghz": {
      "median": 0.34015380901119524,
      "lower": 0.33507561391640583,
      "upper": 0.34505214428265163,
      "err_minus": 0.005078195094789406,
      "err_plus": 0.004898335271456389
    },
    "alpha": {
      "median": 3.633157007430533,
      "lower": 3.590976559885509,
      "upper": 3.6776313273383288,
      "err_minus": 0.042180447545023814,
      "err_plus": 0.044474319907795934
    },
    "t0_C1": {
      "median": -3.215878456078711,
      "lower": -7.999539580253645,
      "upper": 2.3785064752560032,
      "err_minus": 4.783661124174934,
      "err_plus": 5.594384931334714
    },
    "zeta_C1": {
      "median": 217.44029183121023,
      "lower": 166.54599840766483,
      "upper": 283.9098048038734,
      "err_minus": 50.894293423545406,
      "err_plus": 66.46951297266315
    },
    "t0_C2": {
      "median": 7.887043116445406,
      "lower": 7.870568315657374,
      "upper": 7.904660527664054,
      "err_minus": 0.016474800788031985,
      "err_plus": 0.017617411218648016
    },
    "zeta_C2": {
      "median": 0.1389124403022917,
      "lower": 0.12019325503754917,
      "upper": 0.1585907544782751,
      "err_minus": 0.01871918526474252,
      "err_plus": 0.019678314175983397
    },
    "t0_C3": {
      "median": 9.51921629814406,
      "lower": 9.433950326482668,
      "upper": 9.601925692393499,
      "err_minus": 0.08526597166139283,
      "err_plus": 0.0827093942494379
    },
    "zeta_C3": {
      "median": 1.476874057592003,
      "lower": 1.4072652280999296,
      "upper": 1.5577177250139704,
      "err_minus": 0.06960882949207337,
      "err_plus": 0.08084366742196747
    },
    "delta_dm_C": {
      "median": 0.001168926449182095,
      "lower": -0.00459053849925084,
      "upper": 0.007090018977940815,
      "err_minus": 0.005759464948432935,
      "err_plus": 0.00592109252875872
    },
    "t0_D1": {
      "median": 2.4974231241597664,
      "lower": 2.496663201450545,
      "upper": 2.4982051916534704,
      "err_minus": 0.0007599227092214278,
      "err_plus": 0.0007820674937040195
    },
    "zeta_D1": {
      "median": 0.03461049698051519,
      "lower": 0.03411616582668928,
      "upper": 0.035153183128037536,
      "err_minus": 0.000494331153825904,
      "err_plus": 0.0005426861475223491
    },
    "t0_D2": {
      "median": 3.8178570594569123,
      "lower": 3.8106459090940668,
      "upper": 3.8252906528126367,
      "err_minus": 0.007211150362845586,
      "err_plus": 0.007433593355724355
    },
    "zeta_D2": {
      "median": 0.20100386145808352,
      "lower": 0.19193198836922995,
      "upper": 0.21074781578589427,
      "err_minus": 0.009071873088853571,
      "err_plus": 0.00974395432781075
    },
    "delta_dm_D": {
      "median": -0.06492935753357898,
      "lower": -0.06666698417852501,
      "upper": -0.0632172108064637,
      "err_minus": 0.0017376266449460331,
      "err_plus": 0.0017121467271152824
    }
  },
  "ncall": 1406765
}