{
  "burst": "phineas",
  "marginalize_gain": true,
  "marginalize_gain_gp": false,
  "shared_zeta": false,
  "alpha": {
    "median": 3.330119625607784,
    "err_minus": 0.05679471128050695,
    "err_plus": 0.05808199973894146
  },
  "tau_1ghz": {
    "median": 0.30236917270200714,
    "err_minus": 0.006227610720894894,
    "err_plus": 0.006744286505301622
  },
  "log_evidence": 22370.726602866664,
  "log_evidence_err": 0.6236306785143471,
  "alpha_bounds": [
    1.5,
    6.0
  ],
  "components_C": 3,
  "components_D": 3,
  "gain_s2": null,
  "percentiles": {
    "tau_1ghz": {
      "median": 0.30236917270200714,
      "lower": 0.29614156198111224,
      "upper": 0.30911345920730876,
      "err_minus": 0.006227610720894894,
      "err_plus": 0.006744286505301622
    },
    "alpha": {
      "median": 3.330119625607784,
      "lower": 3.273324914327277,
      "upper": 3.3882016253467255,
      "err_minus": 0.05679471128050695,
      "err_plus": 0.05808199973894146
    },
    "t0_C1": {
      "median": 7.901162894525637,
      "lower": 7.882833052526184,
      "upper": 7.920380462490268,
      "err_minus": 0.018329841999452867,
      "err_plus": 0.019217567964631144
    },
    "zeta_C1": {
      "median": 0.16484500896351556,
      "lower": 0.1407254298238844,
      "upper": 0.18942766210033765,
      "err_minus": 0.02411957913963117,
      "err_plus": 0.02458265313682209
    },
    "t0_C2": {
      "median": 9.336322610853323,
      "lower": 9.219769383287858,
      "upper": 9.447665320742367,
      "err_minus": 0.11655322756546482,
      "err_plus": 0.11134270988904404
    },
    "zeta_C2": {
      "median": 0.930185661596833,
      "lower": 0.8358184948012772,
      "upper": 1.024411411618512,
      "err_minus": 0.09436716679555579,
      "err_plus": 0.09422575002167888
    },
    "t0_C3": {
      "median": 11.597631309368838,
      "lower": 11.268933906928156,
      "upper": 11.99467611927527,
      "err_minus": 0.3286974024406817,
      "err_plus": 0.39704480990643276
    },
    "zeta_C3": {
      "median": 2.156128817233654,
      "lower": 1.9279294650866905,
      "upper": 2.3638368250764454,
      "err_minus": 0.2281993521469634,
      "err_plus": 0.20770800784279153
    },
    "delta_dm_C": {
      "median": -0.006058897379361383,
      "lower": -0.012782556618155638,
      "upper": 0.0007766516490121944,
      "err_minus": 0.006723659238794255,
      "err_plus": 0.006835549028373578
    },
    "t0_D1": {
      "median": 0.5608013381785355,
      "lower": -1.7273200904230972,
      "upper": 1.8327723894325647,
      "err_minus": 2.2881214286016327,
      "err_plus": 1.2719710512540292
    },
    "zeta_D1": {
      "median": 14.60486971356248,
      "lower": 11.286376356793127,
      "upper": 18.755796022169193,
      "err_minus": 3.318493356769352,
      "err_plus": 4.150926308606714
    },
    "t0_D2": {
      "median": 2.497205291620224,
      "lower": 2.4964955321816973,
      "upper": 2.4979892006491955,
      "err_minus": 0.0007097594385268025,
      "err_plus": 0.0007839090289714079
    },
    "zeta_D2": {
      "median": 0.034618270950678716,
      "lower": 0.03409433685549115,
      "upper": 0.035196238723275305,
      "err_minus": 0.0005239340951875629,
      "err_plus": 0.0005779677725965895
    },
    "t0_D3": {
      "median": 3.8172272530548224,
      "lower": 3.8101317977890776,
      "upper": 3.8247465980802513,
      "err_minus": 0.007095455265744732,
      "err_plus": 0.007519345025428947
    },
    "zeta_D3": {
      "median": 0.18884518338435738,
      "lower": 0.1798123041794883,
      "upper": 0.1979590078310994,
      "err_minus": 0.009032879204869088,
      "err_plus": 0.009113824446742025
    },
    "delta_dm_D": {
      "median": -0.06267381552410711,
      "lower": -0.06451984642667696,
      "upper": -0.06085824129719697,
      "err_minus": 0.0018460309025698507,
      "err_plus": 0.0018155742269101438
    }
  },
  "ncall": 2042560
}