{
  "burst": "whitney",
  "marginalize_gain": true,
  "marginalize_gain_gp": false,
  "shared_zeta": false,
  "alpha": {
    "median": 1.51851668705097,
    "err_minus": 0.013881725120288069,
    "err_plus": 0.025499338450857056
  },
  "tau_1ghz": {
    "median": 0.4905563480024167,
    "err_minus": 0.008564593553448852,
    "err_plus": 0.008393472106900113
  },
  "log_evidence": 23889.690330196376,
  "log_evidence_err": 0.49089707632676727,
  "alpha_bounds": [
    1.5,
    6.0
  ],
  "components_C": 2,
  "components_D": 1,
  "percentiles": {
    "tau_1ghz": {
      "median": 0.4905563480024167,
      "lower": 0.48199175444896786,
      "upper": 0.4989498201093168,
      "err_minus": 0.008564593553448852,
      "err_plus": 0.008393472106900113
    },
    "alpha": {
      "median": 1.51851668705097,
      "lower": 1.504634961930682,
      "upper": 1.5440160255018271,
      "err_minus": 0.013881725120288069,
      "err_plus": 0.025499338450857056
    },
    "t0_C1": {
      "median": -5.596095608630843,
      "lower": -8.602320379647702,
      "upper": -1.8657878691932908,
      "err_minus": 3.0062247710168597,
      "err_plus": 3.730307739437552
    },
    "zeta_C1": {
      "median": 26.099512458754752,
      "lower": 3.056875936851151,
      "upper": 262.9655760299466,
      "err_minus": 23.042636521903603,
      "err_plus": 236.86606357119183
    },
    "t0_C2": {
      "median": 1.41092018414004,
      "lower": 1.4033481930049758,
      "upper": 1.4187213647039068,
      "err_minus": 0.007571991135064238,
      "err_plus": 0.007801180563866694
    },
    "zeta_C2": {
      "median": 0.051948710331768566,
      "lower": 0.04552831312435386,
      "upper": 0.05853001500109098,
      "err_minus": 0.006420397207414705,
      "err_plus": 0.006581304669322413
    },
    "delta_dm_C": {
      "median": -0.001144314149897241,
      "lower": -0.003534773216102849,
      "upper": 0.0011213572962063267,
      "err_minus": 0.002390459066205608,
      "err_plus": 0.0022656714461035676
    },
    "t0_D1": {
      "median": 28.525706138222525,
      "lower": 28.523942780134085,
      "upper": 28.52737290469456,
      "err_minus": 0.001763358088439304,
      "err_plus": 0.0016667664720344533
    },
    "zeta_D1": {
      "median": 0.027156647894698713,
      "lower": 0.025396848750784476,
      "upper": 0.028700033005890187,
      "err_minus": 0.0017597991439142376,
      "err_plus": 0.001543385111191474
    },
    "delta_dm_D": {
      "median": 0.016253039085434295,
      "lower": 0.011003353317782683,
      "upper": 0.022232248132411314,
      "err_minus": 0.005249685767651613,
      "err_plus": 0.005979209046977019
    }
  },
  "ncall": 944009
}