{
  "burst": "whitney",
  "marginalize_gain": true,
  "marginalize_gain_gp": false,
  "shared_zeta": false,
  "alpha": {
    "median": 1.5178264242689627,
    "err_minus": 0.013190373783346532,
    "err_plus": 0.024569577474341076
  },
  "tau_1ghz": {
    "median": 0.49134897917468934,
    "err_minus": 0.00843305828512353,
    "err_plus": 0.008603335487851416
  },
  "log_evidence": 23850.29931395151,
  "log_evidence_err": 0.4774746376014464,
  "alpha_bounds": [
    1.5,
    6.0
  ],
  "components_C": 1,
  "components_D": 1,
  "gain_s2": 1.0,
  "percentiles": {
    "tau_1ghz": {
      "median": 0.49134897917468934,
      "lower": 0.4829159208895658,
      "upper": 0.49995231466254075,
      "err_minus": 0.00843305828512353,
      "err_plus": 0.008603335487851416
    },
    "alpha": {
      "median": 1.5178264242689627,
      "lower": 1.5046360504856162,
      "upper": 1.5423960017433038,
      "err_minus": 0.013190373783346532,
      "err_plus": 0.024569577474341076
    },
    "t0_C1": {
      "median": 1.411517767456262,
      "lower": 1.4041670153883459,
      "upper": 1.4187597359860415,
      "err_minus": 0.007350752067916133,
      "err_plus": 0.007241968529779541
    },
    "zeta_C1": {
      "median": 0.05152344444319343,
      "lower": 0.045246137042819365,
      "upper": 0.05777512610091546,
      "err_minus": 0.006277307400374063,
      "err_plus": 0.006251681657722032
    },
    "delta_dm_C": {
      "median": -0.0014657528935089204,
      "lower": -0.0037882241977413855,
      "upper": 0.0007661045514950615,
      "err_minus": 0.002322471304232465,
      "err_plus": 0.002231857445003982
    },
    "t0_D1": {
      "median": 28.52551063166958,
      "lower": 28.523792772133202,
      "upper": 28.527238311546203,
      "err_minus": 0.0017178595363773752,
      "err_plus": 0.001727679876623256
    },
    "zeta_D1": {
      "median": 0.026977680033678314,
      "lower": 0.025215101475776474,
      "upper": 0.02862758895588886,
      "err_minus": 0.00176257855790184,
      "err_plus": 0.001649908922210546
    },
    "delta_dm_D": {
      "median": 0.015785602379047248,
      "lower": 0.010333251782881803,
      "upper": 0.021313892058202555,
      "err_minus": 0.005452350596165445,
      "err_plus": 0.005528289679155307
    }
  },
  "ncall": 907964
}