{
  "burst": "whitney",
  "marginalize_gain": true,
  "marginalize_gain_gp": false,
  "shared_zeta": false,
  "alpha": {
    "median": 1.5168683700503032,
    "err_minus": 0.012545315313179817,
    "err_plus": 0.024447415968508412
  },
  "tau_1ghz": {
    "median": 0.48955407373507076,
    "err_minus": 0.00827328729944743,
    "err_plus": 0.008671534458178809
  },
  "log_evidence": 23888.158891192048,
  "log_evidence_err": 0.5216387293391078,
  "alpha_bounds": [
    1.5,
    6.0
  ],
  "components_C": 1,
  "components_D": 1,
  "percentiles": {
    "tau_1ghz": {
      "median": 0.48955407373507076,
      "lower": 0.48128078643562333,
      "upper": 0.49822560819324957,
      "err_minus": 0.00827328729944743,
      "err_plus": 0.008671534458178809
    },
    "alpha": {
      "median": 1.5168683700503032,
      "lower": 1.5043230547371234,
      "upper": 1.5413157860188116,
      "err_minus": 0.012545315313179817,
      "err_plus": 0.024447415968508412
    },
    "t0_C1": {
      "median": 1.4117229310066364,
      "lower": 1.404049963984077,
      "upper": 1.419296299810716,
      "err_minus": 0.007672967022559263,
      "err_plus": 0.00757336880407955
    },
    "zeta_C1": {
      "median": 0.05156893621021728,
      "lower": 0.04512155165861945,
      "upper": 0.05784182084238259,
      "err_minus": 0.006447384551597823,
      "err_plus": 0.0062728846321653126
    },
    "delta_dm_C": {
      "median": -0.0014309131610019676,
      "lower": -0.0037618143712379037,
      "upper": 0.0007134778568058664,
      "err_minus": 0.002330901210235936,
      "err_plus": 0.002144391017807834
    },
    "t0_D1": {
      "median": 28.52559256814208,
      "lower": 28.523861128734264,
      "upper": 28.527296856248586,
      "err_minus": 0.001731439407816282,
      "err_plus": 0.0017042881065059134
    },
    "zeta_D1": {
      "median": 0.027079559091847647,
      "lower": 0.025322978075234877,
      "upper": 0.02866306593599084,
      "err_minus": 0.0017565810166127703,
      "err_plus": 0.0015835068441431913
    },
    "delta_dm_D": {
      "median": 0.01594834209406315,
      "lower": 0.010536795463686133,
      "upper": 0.021447821253062216,
      "err_minus": 0.005411546630377018,
      "err_plus": 0.0054994791589990655
    }
  },
  "ncall": 891978
}