{
  "burst": "whitney",
  "marginalize_gain": true,
  "marginalize_gain_gp": false,
  "shared_zeta": false,
  "alpha": {
    "median": 1.517594215247676,
    "err_minus": 0.01290302862034265,
    "err_plus": 0.024361095288492507
  },
  "tau_1ghz": {
    "median": 0.49183282446434795,
    "err_minus": 0.008675486043753733,
    "err_plus": 0.008150882329755083
  },
  "log_evidence": 23774.192813830497,
  "log_evidence_err": 0.4525017177741184,
  "alpha_bounds": [
    1.5,
    6.0
  ],
  "components_C": 2,
  "components_D": 1,
  "gain_s2": 100.0,
  "percentiles": {
    "tau_1ghz": {
      "median": 0.49183282446434795,
      "lower": 0.4831573384205942,
      "upper": 0.49998370679410303,
      "err_minus": 0.008675486043753733,
      "err_plus": 0.008150882329755083
    },
    "alpha": {
      "median": 1.517594215247676,
      "lower": 1.5046911866273334,
      "upper": 1.5419553105361685,
      "err_minus": 0.01290302862034265,
      "err_plus": 0.024361095288492507
    },
    "t0_C1": {
      "median": 1.4113154458732353,
      "lower": 1.4034065207458752,
      "upper": 1.418692005034952,
      "err_minus": 0.007908925127360078,
      "err_plus": 0.007376559161716756
    },
    "zeta_C1": {
      "median": 0.051568074937449186,
      "lower": 0.045047111737986936,
      "upper": 0.058058093447112324,
      "err_minus": 0.00652096319946225,
      "err_plus": 0.006490018509663138
    },
    "t0_C2": {
      "median": 9.667878077569501,
      "lower": 6.7710109910182075,
      "upper": 12.59048448141359,
      "err_minus": 2.8968670865512935,
      "err_plus": 2.922606403844089
    },
    "zeta_C2": {
      "median": 0.014852123854068427,
      "lower": 0.0005077462068188125,
      "upper": 0.2779798147371615,
      "err_minus": 0.014344377647249615,
      "err_plus": 0.26312769088309307
    },
    "delta_dm_C": {
      "median": -0.0014947923113908246,
      "lower": -0.0037327169211636146,
      "upper": 0.0007054396418126885,
      "err_minus": 0.00223792460977279,
      "err_plus": 0.002200231953203513
    },
    "t0_D1": {
      "median": 28.525595094420716,
      "lower": 28.52401434069244,
      "upper": 28.527207162832642,
      "err_minus": 0.001580753728276818,
      "err_plus": 0.001612068411926515
    },
    "zeta_D1": {
      "median": 0.027058255933087545,
      "lower": 0.02528296708858912,
      "upper": 0.028655206178374134,
      "err_minus": 0.001775288844498426,
      "err_plus": 0.0015969502452865894
    },
    "delta_dm_D": {
      "median": 0.015603404384677333,
      "lower": 0.01022038826080518,
      "upper": 0.021064763884261595,
      "err_minus": 0.005383016123872153,
      "err_plus": 0.005461359499584262
    }
  },
  "ncall": 1033527
}