{
  "burst": "whitney",
  "marginalize_gain": true,
  "alpha": {
    "median": 3.7474864616508183,
    "err_minus": 0.04382792851861694,
    "err_plus": 0.03255807093867569
  },
  "tau_1ghz": {
    "median": 1.0895101301754504,
    "err_minus": 0.01923432631106392,
    "err_plus": 0.017600174190402162
  },
  "log_evidence": -11686.585133154358,
  "log_evidence_err": 0.4506762497935666,
  "alpha_bounds": [
    1.0,
    6.0
  ],
  "percentiles": {
    "tau_1ghz": {
      "median": 1.0895101301754504,
      "lower": 1.0702758038643865,
      "upper": 1.1071103043658526,
      "err_minus": 0.01923432631106392,
      "err_plus": 0.017600174190402162
    },
    "alpha": {
      "median": 3.7474864616508183,
      "lower": 3.7036585331322014,
      "upper": 3.780044532589494,
      "err_minus": 0.04382792851861694,
      "err_plus": 0.03255807093867569
    },
    "t0_C": {
      "median": 1.3671027108934943,
      "lower": 1.3423169363921268,
      "upper": 1.3942903538133447,
      "err_minus": 0.02478577450136754,
      "err_plus": 0.02718764291985032
    },
    "zeta_C": {
      "median": 0.0031409392777199978,
      "lower": 0.0003040428822397552,
      "upper": 0.026987283250527908,
      "err_minus": 0.0028368963954802425,
      "err_plus": 0.02384634397280791
    },
    "delta_dm_C": {
      "median": -48.65333475255908,
      "lower": -49.63411545822571,
      "upper": -46.71835765836078,
      "err_minus": 0.9807807056666249,
      "err_plus": 1.9349770941983024
    },
    "t0_D": {
      "median": 28.52729094074838,
      "lower": 28.52531570643538,
      "upper": 28.52916609999504,
      "err_minus": 0.00197523431300084,
      "err_plus": 0.0018751592466621503
    },
    "zeta_D": {
      "median": 0.026185091016907237,
      "lower": 0.023972779018303605,
      "upper": 0.028002276289068283,
      "err_minus": 0.002212311998603632,
      "err_plus": 0.0018171852721610461
    },
    "delta_dm_D": {
      "median": 0.00280968534342918,
      "lower": -0.002450608539483312,
      "upper": 0.0078410681239518,
      "err_minus": 0.005260293882912492,
      "err_plus": 0.00503138278052262
    }
  },
  "ncall": 751651,
  "gain_recovered": true
}