{
  "burst": "whitney",
  "marginalize_gain": true,
  "marginalize_gain_gp": false,
  "shared_zeta": false,
  "alpha": {
    "median": 1.518560013205945,
    "err_minus": 0.013497702460658845,
    "err_plus": 0.024852498763165753
  },
  "tau_1ghz": {
    "median": 0.4916394956699533,
    "err_minus": 0.008214183241312234,
    "err_plus": 0.008511704363527495
  },
  "log_evidence": 23778.768974681654,
  "log_evidence_err": 0.49983877961171874,
  "alpha_bounds": [
    1.5,
    6.0
  ],
  "components_C": 1,
  "components_D": 1,
  "gain_s2": 100.0,
  "percentiles": {
    "tau_1ghz": {
      "median": 0.4916394956699533,
      "lower": 0.48342531242864106,
      "upper": 0.5001512000334808,
      "err_minus": 0.008214183241312234,
      "err_plus": 0.008511704363527495
    },
    "alpha": {
      "median": 1.518560013205945,
      "lower": 1.505062310745286,
      "upper": 1.5434125119691107,
      "err_minus": 0.013497702460658845,
      "err_plus": 0.024852498763165753
    },
    "t0_C1": {
      "median": 1.411665681602038,
      "lower": 1.4043087017599198,
      "upper": 1.4189758312652216,
      "err_minus": 0.00735697984211825,
      "err_plus": 0.007310149663183552
    },
    "zeta_C1": {
      "median": 0.051711425753425785,
      "lower": 0.04542195143712722,
      "upper": 0.05815736883048662,
      "err_minus": 0.006289474316298567,
      "err_plus": 0.0064459430770608325
    },
    "delta_dm_C": {
      "median": -0.0014242622928364312,
      "lower": -0.0037096570655847927,
      "upper": 0.0007654450923411105,
      "err_minus": 0.0022853947727483614,
      "err_plus": 0.0021897073851775417
    },
    "t0_D1": {
      "median": 28.525483393181208,
      "lower": 28.523810667832574,
      "upper": 28.527179144113923,
      "err_minus": 0.001672725348633719,
      "err_plus": 0.0016957509327149012
    },
    "zeta_D1": {
      "median": 0.027019110368604375,
      "lower": 0.02527466100635831,
      "upper": 0.028576865415935668,
      "err_minus": 0.001744449362246065,
      "err_plus": 0.0015577550473312926
    },
    "delta_dm_D": {
      "median": 0.015831834006604595,
      "lower": 0.010001155407501017,
      "upper": 0.02133598047693397,
      "err_minus": 0.005830678599103578,
      "err_plus": 0.005504146470329374
    }
  },
  "ncall": 878972
}