{
  "burst": "whitney",
  "marginalize_gain": true,
  "marginalize_gain_gp": false,
  "shared_zeta": false,
  "alpha": {
    "median": 1.518547778084686,
    "err_minus": 0.013605184505204537,
    "err_plus": 0.02568173053431555
  },
  "tau_1ghz": {
    "median": 0.4917210168486959,
    "err_minus": 0.00856876327904088,
    "err_plus": 0.008621350126862104
  },
  "log_evidence": 23814.407860766154,
  "log_evidence_err": 0.49439389579086757,
  "alpha_bounds": [
    1.5,
    6.0
  ],
  "components_C": 2,
  "components_D": 1,
  "gain_s2": 10.0,
  "percentiles": {
    "tau_1ghz": {
      "median": 0.4917210168486959,
      "lower": 0.483152253569655,
      "upper": 0.500342366975558,
      "err_minus": 0.00856876327904088,
      "err_plus": 0.008621350126862104
    },
    "alpha": {
      "median": 1.518547778084686,
      "lower": 1.5049425935794816,
      "upper": 1.5442295086190017,
      "err_minus": 0.013605184505204537,
      "err_plus": 0.02568173053431555
    },
    "t0_C1": {
      "median": 1.4117947686453736,
      "lower": 1.4042833517077042,
      "upper": 1.4191997067029671,
      "err_minus": 0.007511416937669324,
      "err_plus": 0.007404938057593569
    },
    "zeta_C1": {
      "median": 0.05187570535979288,
      "lower": 0.045450387686198454,
      "upper": 0.05821224896928139,
      "err_minus": 0.006425317673594423,
      "err_plus": 0.006336543609488515
    },
    "t0_C2": {
      "median": 9.922426657705689,
      "lower": 7.04514400492367,
      "upper": 12.690843851640615,
      "err_minus": 2.877282652782019,
      "err_plus": 2.7684171939349262
    },
    "zeta_C2": {
      "median": 0.011893468278061902,
      "lower": 0.0004727987308591169,
      "upper": 0.2776815153607799,
      "err_minus": 0.011420669547202786,
      "err_plus": 0.26578804708271797
    },
    "delta_dm_C": {
      "median": -0.0015898646644600944,
      "lower": -0.0038810938690048147,
      "upper": 0.0007181875592650044,
      "err_minus": 0.0022912292045447202,
      "err_plus": 0.002308052223725099
    },
    "t0_D1": {
      "median": 28.525508163746146,
      "lower": 28.523728512340806,
      "upper": 28.527137455574973,
      "err_minus": 0.001779651405339422,
      "err_plus": 0.0016292918288272062
    },
    "zeta_D1": {
      "median": 0.02699313889204249,
      "lower": 0.02517666912826166,
      "upper": 0.028670296278826737,
      "err_minus": 0.0018164697637808279,
      "err_plus": 0.001677157386784249
    },
    "delta_dm_D": {
      "median": 0.01558220822816736,
      "lower": 0.010008784655326508,
      "upper": 0.021416210809263703,
      "err_minus": 0.005573423572840852,
      "err_plus": 0.0058340025810963425
    }
  },
  "ncall": 959582
}