{
  "burst": "whitney",
  "marginalize_gain": true,
  "marginalize_gain_gp": false,
  "shared_zeta": false,
  "alpha": {
    "median": 1.518012726058649,
    "err_minus": 0.013083810160587017,
    "err_plus": 0.025463735496451534
  },
  "tau_1ghz": {
    "median": 0.4912432121102191,
    "err_minus": 0.008407032684740023,
    "err_plus": 0.009135702812392787
  },
  "log_evidence": 23812.687564301796,
  "log_evidence_err": 0.5107839911265684,
  "alpha_bounds": [
    1.5,
    6.0
  ],
  "components_C": 1,
  "components_D": 1,
  "gain_s2": 10.0,
  "percentiles": {
    "tau_1ghz": {
      "median": 0.4912432121102191,
      "lower": 0.4828361794254791,
      "upper": 0.5003789149226119,
      "err_minus": 0.008407032684740023,
      "err_plus": 0.009135702812392787
    },
    "alpha": {
      "median": 1.518012726058649,
      "lower": 1.5049289158980619,
      "upper": 1.5434764615551004,
      "err_minus": 0.013083810160587017,
      "err_plus": 0.025463735496451534
    },
    "t0_C1": {
      "median": 1.4119242259328217,
      "lower": 1.4044721768650934,
      "upper": 1.4195425529367203,
      "err_minus": 0.007452049067728339,
      "err_plus": 0.0076183270038985285
    },
    "zeta_C1": {
      "median": 0.05167563368460339,
      "lower": 0.04535986673067378,
      "upper": 0.057762143630923406,
      "err_minus": 0.006315766953929616,
      "err_plus": 0.006086509946320012
    },
    "delta_dm_C": {
      "median": -0.001561202465730105,
      "lower": -0.003998107411980811,
      "upper": 0.0006557396323856324,
      "err_minus": 0.0024369049462507064,
      "err_plus": 0.0022169420981157373
    },
    "t0_D1": {
      "median": 28.52559086545026,
      "lower": 28.523939768751152,
      "upper": 28.527250530117538,
      "err_minus": 0.001651096699106347,
      "err_plus": 0.0016596646672795146
    },
    "zeta_D1": {
      "median": 0.027051963808257206,
      "lower": 0.02532145571604567,
      "upper": 0.028629019781580285,
      "err_minus": 0.0017305080922115357,
      "err_plus": 0.0015770559733230792
    },
    "delta_dm_D": {
      "median": 0.015606216361639724,
      "lower": 0.010067086920727775,
      "upper": 0.021416212108540833,
      "err_minus": 0.00553912944091195,
      "err_plus": 0.005809995746901109
    }
  },
  "ncall": 928405
}