{
  "burst": "whitney",
  "marginalize_gain": true,
  "marginalize_gain_gp": false,
  "shared_zeta": false,
  "alpha": {
    "median": 1.5232373797293166,
    "err_minus": 0.017222406760913467,
    "err_plus": 0.03296879234938088
  },
  "tau_1ghz": {
    "median": 0.49652785317842113,
    "err_minus": 0.009185000228079221,
    "err_plus": 0.010042010446399907
  },
  "log_evidence": 23845.008876991633,
  "log_evidence_err": 0.5320534729457869,
  "alpha_bounds": [
    1.5,
    6.0
  ],
  "components_C": 2,
  "components_D": 1,
  "gain_s2": 1.0,
  "percentiles": {
    "tau_1ghz": {
      "median": 0.49652785317842113,
      "lower": 0.4873428529503419,
      "upper": 0.506569863624821,
      "err_minus": 0.009185000228079221,
      "err_plus": 0.010042010446399907
    },
    "alpha": {
      "median": 1.5232373797293166,
      "lower": 1.5060149729684031,
      "upper": 1.5562061720786975,
      "err_minus": 0.017222406760913467,
      "err_plus": 0.03296879234938088
    },
    "t0_C1": {
      "median": 1.4104538544505427,
      "lower": 1.4028514652925121,
      "upper": 1.4179063173954827,
      "err_minus": 0.007602389158030576,
      "err_plus": 0.007452462944939953
    },
    "zeta_C1": {
      "median": 0.05254075250747271,
      "lower": 0.04643638498382163,
      "upper": 0.05894874604409739,
      "err_minus": 0.00610436752365108,
      "err_plus": 0.006407993536624676
    },
    "t0_C2": {
      "median": 7.896405214489827,
      "lower": 3.7723568538184393,
      "upper": 12.018405632305011,
      "err_minus": 4.124048360671388,
      "err_plus": 4.122000417815184
    },
    "zeta_C2": {
      "median": 191.04041503332536,
      "lower": 114.14712916990565,
      "upper": 453.7406379734026,
      "err_minus": 76.8932858634197,
      "err_plus": 262.70022294007725
    },
    "delta_dm_C": {
      "median": -0.0014730747052880133,
      "lower": -0.003745921780904382,
      "upper": 0.0008429743670745893,
      "err_minus": 0.002272847075616369,
      "err_plus": 0.0023160490723626026
    },
    "t0_D1": {
      "median": 28.524839713837686,
      "lower": 28.522931433634973,
      "upper": 28.52657360352267,
      "err_minus": 0.001908280202712831,
      "err_plus": 0.0017338896849850016
    },
    "zeta_D1": {
      "median": 0.026563043958529733,
      "lower": 0.024533170518064737,
      "upper": 0.028247957222120142,
      "err_minus": 0.002029873440464996,
      "err_plus": 0.0016849132635904096
    },
    "delta_dm_D": {
      "median": 0.016001155157709945,
      "lower": 0.01089050126121549,
      "upper": 0.021545461928631937,
      "err_minus": 0.005110653896494455,
      "err_plus": 0.005544306770921992
    }
  },
  "ncall": 1077786
}