{
  "burst": "wilhelm",
  "marginalize_gain": false,
  "marginalize_gain_gp": false,
  "shared_zeta": true,
  "alpha": {
    "median": 2.558319854362898,
    "err_minus": 0.039726847026835266,
    "err_plus": 0.038523137899541204
  },
  "tau_1ghz": {
    "median": 0.2509890112090508,
    "err_minus": 0.0032531632307661873,
    "err_plus": 0.0033195138869135388
  },
  "log_evidence": -1922.599252250908,
  "log_evidence_err": 0.5369191905701384,
  "alpha_bounds": [
    1.5,
    6.0
  ],
  "components_C": 1,
  "components_D": 1,
  "percentiles": {
    "tau_1ghz": {
      "median": 0.2509890112090508,
      "lower": 0.24773584797828463,
      "upper": 0.25430852509596436,
      "err_minus": 0.0032531632307661873,
      "err_plus": 0.0033195138869135388
    },
    "alpha": {
      "median": 2.558319854362898,
      "lower": 2.518593007336063,
      "upper": 2.5968429922624394,
      "err_minus": 0.039726847026835266,
      "err_plus": 0.038523137899541204
    },
    "zeta_1ghz": {
      "median": 0.09728603823117715,
      "lower": 0.09550141689146546,
      "upper": 0.09903117477390241,
      "err_minus": 0.0017846213397116895,
      "err_plus": 0.0017451365427252619
    },
    "x_zeta": {
      "median": -1.187055257022374,
      "lower": -1.241363359523512,
      "upper": -1.1331586773615192,
      "err_minus": 0.054308102501138045,
      "err_plus": 0.053896579660854815
    },
    "t0_C": {
      "median": 2.4552290838924318,
      "lower": 2.445932617937725,
      "upper": 2.4642022079352657,
      "err_minus": 0.00929646595470679,
      "err_plus": 0.008973124042833902
    },
    "delta_dm_C": {
      "median": -0.004331962985098414,
      "lower": -0.008197107684473792,
      "upper": -0.0002728780286460619,
      "err_minus": 0.003865144699375378,
      "err_plus": 0.004059084956452352
    },
    "t0_D": {
      "median": 0.5784860963209497,
      "lower": 0.577648406572989,
      "upper": 0.5792697852608208,
      "err_minus": 0.0008376897479607237,
      "err_plus": 0.00078368893987113
    },
    "delta_dm_D": {
      "median": 0.023248751851177474,
      "lower": 0.021369885404673994,
      "upper": 0.02503309936721365,
      "err_minus": 0.00187886644650348,
      "err_plus": 0.0017843475160361777
    }
  },
  "ncall": 922739,
  "gain_recovered": true
}