{
  "burst": "wilhelm",
  "marginalize_gain": false,
  "marginalize_gain_gp": false,
  "alpha": {
    "median": 2.693923287358996,
    "err_minus": 0.04802019413249736,
    "err_plus": 0.04922205080621289
  },
  "tau_1ghz": {
    "median": 0.25981466905965706,
    "err_minus": 0.00418909364373149,
    "err_plus": 0.004301176143278795
  },
  "log_evidence": -6408.43736918377,
  "log_evidence_err": 0.6111752663215813,
  "alpha_bounds": [
    2.0,
    6.0
  ],
  "components_C": 1,
  "components_D": 1,
  "percentiles": {
    "tau_1ghz": {
      "median": 0.25981466905965706,
      "lower": 0.25562557541592557,
      "upper": 0.26411584520293585,
      "err_minus": 0.00418909364373149,
      "err_plus": 0.004301176143278795
    },
    "alpha": {
      "median": 2.693923287358996,
      "lower": 2.6459030932264986,
      "upper": 2.743145338165209,
      "err_minus": 0.04802019413249736,
      "err_plus": 0.04922205080621289
    },
    "c0_C": {
      "median": 0.12697074022587823,
      "lower": 0.12418104096230893,
      "upper": 0.12968108741145654,
      "err_minus": 0.002789699263569298,
      "err_plus": 0.0027103471855783046
    },
    "t0_C": {
      "median": 2.4649426227469515,
      "lower": 2.456015462697289,
      "upper": 2.473230541599678,
      "err_minus": 0.00892716004966232,
      "err_plus": 0.008287918852726506
    },
    "gamma_C": {
      "median": 0.9575692260576494,
      "lower": 0.8900413613562002,
      "upper": 1.029450125888487,
      "err_minus": 0.06752786470144923,
      "err_plus": 0.07188089983083756
    },
    "zeta_C": {
      "median": 0.1444725770674416,
      "lower": 0.13708633256053335,
      "upper": 0.15208849308267203,
      "err_minus": 0.007386244506908252,
      "err_plus": 0.007615916015230428
    },
    "delta_dm_C": {
      "median": -0.010206273707900948,
      "lower": -0.013850114443926032,
      "upper": -0.0064378585434639035,
      "err_minus": 0.0036438407360250835,
      "err_plus": 0.0037684151644370445
    },
    "c0_D": {
      "median": 0.7629356661198963,
      "lower": 0.7607728059380439,
      "upper": 0.7651554133354497,
      "err_minus": 0.0021628601818524107,
      "err_plus": 0.0022197472155534026
    },
    "t0_D": {
      "median": 0.5797491784490907,
      "lower": 0.5789410704674163,
      "upper": 0.5805429908264133,
      "err_minus": 0.0008081079816744108,
      "err_plus": 0.0007938123773225669
    },
    "gamma_D": {
      "median": -1.983014222523805,
      "lower": -2.038895003649302,
      "upper": -1.9270585451525308,
      "err_minus": 0.05588078112549688,
      "err_plus": 0.05595567737127416
    },
    "zeta_D": {
      "median": 0.06562200240400776,
      "lower": 0.0650403598266351,
      "upper": 0.06620851553973485,
      "err_minus": 0.0005816425773726569,
      "err_plus": 0.0005865131357270931
    },
    "delta_dm_D": {
      "median": 0.020770280354419413,
      "lower": 0.018888082176751197,
      "upper": 0.022615971595193685,
      "err_minus": 0.001882198177668215,
      "err_plus": 0.001845691240774272
    }
  },
  "ncall": 1562418
}