{
  "burst": "zach",
  "marginalize_gain": true,
  "marginalize_gain_gp": false,
  "shared_zeta": false,
  "alpha": {
    "median": 3.1114698087464507,
    "err_minus": 0.01436410336843652,
    "err_plus": 0.013703036472450414
  },
  "tau_1ghz": {
    "median": 0.4531424515785787,
    "err_minus": 0.00324475590254647,
    "err_plus": 0.0035259337078687447
  },
  "log_evidence": 35443.17917942383,
  "log_evidence_err": 0.6047831507695549,
  "alpha_bounds": [
    1.5,
    6.0
  ],
  "components_C": 2,
  "components_D": 2,
  "gain_s2": 1.0,
  "percentiles": {
    "tau_1ghz": {
      "median": 0.4531424515785787,
      "lower": 0.4498976956760322,
      "upper": 0.45666838528644743,
      "err_minus": 0.00324475590254647,
      "err_plus": 0.0035259337078687447
    },
    "alpha": {
      "median": 3.1114698087464507,
      "lower": 3.097105705378014,
      "upper": 3.125172845218901,
      "err_minus": 0.01436410336843652,
      "err_plus": 0.013703036472450414
    },
    "t0_C1": {
      "median": 13.050835996103881,
      "lower": 13.049562811362794,
      "upper": 13.052089473774629,
      "err_minus": 0.0012731847410876185,
      "err_plus": 0.0012534776707475714
    },
    "zeta_C1": {
      "median": 0.6704589731750845,
      "lower": 0.6514597652115599,
      "upper": 0.6892990095650607,
      "err_minus": 0.01899920796352461,
      "err_plus": 0.018840036389976222
    },
    "t0_C2": {
      "median": 13.23538868976232,
      "lower": 13.23413586671601,
      "upper": 13.236638615202224,
      "err_minus": 0.0012528230463111356,
      "err_plus": 0.0012499254399038762
    },
    "zeta_C2": {
      "median": 0.09444555035987863,
      "lower": 0.09344049467601301,
      "upper": 0.09547302316895465,
      "err_minus": 0.0010050556838656216,
      "err_plus": 0.001027472809076016
    },
    "delta_dm_C": {
      "median": 0.01640601092569227,
      "lower": 0.01597628160146769,
      "upper": 0.016810223316156225,
      "err_minus": 0.00042972932422458143,
      "err_plus": 0.00040421239046395385
    },
    "t0_D1": {
      "median": 9.546088362298782,
      "lower": 9.543205352869691,
      "upper": 9.549027737513754,
      "err_minus": 0.0028830094290910324,
      "err_plus": 0.0029393752149715624
    },
    "zeta_D1": {
      "median": 0.05282876226623942,
      "lower": 0.05127156726085941,
      "upper": 0.05434170300306411,
      "err_minus": 0.0015571950053800132,
      "err_plus": 0.0015129407368246889
    },
    "t0_D2": {
      "median": 11.985652269732215,
      "lower": 11.974753082656912,
      "upper": 11.996526588832014,
      "err_minus": 0.010899187075303018,
      "err_plus": 0.010874319099798413
    },
    "zeta_D2": {
      "median": 0.3321707920564986,
      "lower": 0.3218052408166734,
      "upper": 0.34294100129661925,
      "err_minus": 0.010365551239825188,
      "err_plus": 0.010770209240120676
    },
    "delta_dm_D": {
      "median": -0.06493716156412432,
      "lower": -0.07282089383156887,
      "upper": -0.057058736511422126,
      "err_minus": 0.007883732267444543,
      "err_plus": 0.007878425052702198
    }
  },
  "ncall": 1821245
}