{
  "burst": "zach",
  "marginalize_gain": true,
  "marginalize_gain_gp": false,
  "shared_zeta": false,
  "alpha": {
    "median": 2.7613809228851727,
    "err_minus": 0.016065683050772606,
    "err_plus": 0.015527001064007173
  },
  "tau_1ghz": {
    "median": 0.5556531046793587,
    "err_minus": 0.004821481595974175,
    "err_plus": 0.0051607492956847745
  },
  "log_evidence": 37597.045066655686,
  "log_evidence_err": 0.5766486211455344,
  "alpha_bounds": [
    1.5,
    6.0
  ],
  "components_C": 2,
  "components_D": 2,
  "gain_s2": 100.0,
  "percentiles": {
    "tau_1ghz": {
      "median": 0.5556531046793587,
      "lower": 0.5508316230833845,
      "upper": 0.5608138539750435,
      "err_minus": 0.004821481595974175,
      "err_plus": 0.0051607492956847745
    },
    "alpha": {
      "median": 2.7613809228851727,
      "lower": 2.7453152398344,
      "upper": 2.77690792394918,
      "err_minus": 0.016065683050772606,
      "err_plus": 0.015527001064007173
    },
    "t0_C1": {
      "median": 13.285157125890844,
      "lower": 13.283688633692638,
      "upper": 13.286599971284637,
      "err_minus": 0.0014684921982066612,
      "err_plus": 0.0014428453937931351
    },
    "zeta_C1": {
      "median": 0.09268948268289563,
      "lower": 0.09168666892821874,
      "upper": 0.09372093772240855,
      "err_minus": 0.0010028137546768956,
      "err_plus": 0.0010314550395129213
    },
    "t0_C2": {
      "median": 13.625391863300862,
      "lower": 13.615345824408095,
      "upper": 13.635214871353835,
      "err_minus": 0.010046038892767228,
      "err_plus": 0.009823008052972426
    },
    "zeta_C2": {
      "median": 0.41113508807002613,
      "lower": 0.40404482521642576,
      "upper": 0.4180861723714226,
      "err_minus": 0.007090262853600371,
      "err_plus": 0.00695108430139646
    },
    "delta_dm_C": {
      "median": -0.0042379470505906625,
      "lower": -0.00475529103151473,
      "upper": -0.003710000417839865,
      "err_minus": 0.0005173439809240676,
      "err_plus": 0.0005279466327507976
    },
    "t0_D1": {
      "median": 9.529233048631212,
      "lower": 9.526271365951011,
      "upper": 9.53231199906476,
      "err_minus": 0.0029616826802012497,
      "err_plus": 0.003078950433547334
    },
    "zeta_D1": {
      "median": 0.04245309738425677,
      "lower": 0.0407700274837577,
      "upper": 0.04414374862288767,
      "err_minus": 0.0016830699004990665,
      "err_plus": 0.0016906512386309011
    },
    "t0_D2": {
      "median": 11.937301960512338,
      "lower": 11.92679614209788,
      "upper": 11.947849924882144,
      "err_minus": 0.01050581841445819,
      "err_plus": 0.010547964369806095
    },
    "zeta_D2": {
      "median": 0.31241751559396697,
      "lower": 0.3020322030728394,
      "upper": 0.32348370856693315,
      "err_minus": 0.010385312521127565,
      "err_plus": 0.011066192972966182
    },
    "delta_dm_D": {
      "median": -0.051382795942281234,
      "lower": -0.059391546844253185,
      "upper": -0.043371701284101505,
      "err_minus": 0.00800875090197195,
      "err_plus": 0.00801109465817973
    }
  },
  "ncall": 1773177
}