{
  "burst": "zach",
  "marginalize_gain": true,
  "marginalize_gain_gp": false,
  "shared_zeta": false,
  "alpha": {
    "median": 3.318582354462643,
    "err_minus": 0.013277554785561474,
    "err_plus": 0.012980398952677774
  },
  "tau_1ghz": {
    "median": 0.41631948712387395,
    "err_minus": 0.002958266780844765,
    "err_plus": 0.002988031136093028
  },
  "log_evidence": 32961.61492939769,
  "log_evidence_err": 0.5567020277376485,
  "alpha_bounds": [
    1.5,
    6.0
  ],
  "components_C": 1,
  "components_D": 1,
  "percentiles": {
    "tau_1ghz": {
      "median": 0.41631948712387395,
      "lower": 0.4133612203430292,
      "upper": 0.419307518259967,
      "err_minus": 0.002958266780844765,
      "err_plus": 0.002988031136093028
    },
    "alpha": {
      "median": 3.318582354462643,
      "lower": 3.3053047996770815,
      "upper": 3.3315627534153207,
      "err_minus": 0.013277554785561474,
      "err_plus": 0.012980398952677774
    },
    "t0_C1": {
      "median": 13.248111664290747,
      "lower": 13.246971024816371,
      "upper": 13.249240630826186,
      "err_minus": 0.0011406394743751491,
      "err_plus": 0.0011289665354397016
    },
    "zeta_C1": {
      "median": 0.1026758819879415,
      "lower": 0.10168910270590785,
      "upper": 0.10361692421714844,
      "err_minus": 0.0009867792820336535,
      "err_plus": 0.0009410422292069343
    },
    "delta_dm_C": {
      "median": 0.010417486707424928,
      "lower": 0.010121552769106756,
      "upper": 0.010713701105892426,
      "err_minus": 0.0002959339383181714,
      "err_plus": 0.0002962143984674981
    },
    "t0_D1": {
      "median": 9.554236238288723,
      "lower": 9.551304578985956,
      "upper": 9.5571907354661,
      "err_minus": 0.0029316593027672866,
      "err_plus": 0.002954497177377391
    },
    "zeta_D1": {
      "median": 0.058140796035936325,
      "lower": 0.05660849959524747,
      "upper": 0.05975886853511007,
      "err_minus": 0.001532296440688856,
      "err_plus": 0.0016180724991737422
    },
    "delta_dm_D": {
      "median": -0.07036381421460902,
      "lower": -0.07833886176749161,
      "upper": -0.06275669558004893,
      "err_minus": 0.007975047552882586,
      "err_plus": 0.007607118634560095
    }
  },
  "ncall": 1087609
}