{
  "burst": "zach",
  "marginalize_gain": true,
  "marginalize_gain_gp": false,
  "shared_zeta": false,
  "alpha": {
    "median": 2.4142825385876625,
    "err_minus": 0.021476490636463286,
    "err_plus": 0.020592715184781785
  },
  "tau_1ghz": {
    "median": 0.6816366843680371,
    "err_minus": 0.008214198817186436,
    "err_plus": 0.00846589971692302
  },
  "log_evidence": 38074.90813947158,
  "log_evidence_err": 0.7212904982548686,
  "alpha_bounds": [
    1.5,
    6.0
  ],
  "components_C": 2,
  "components_D": 3,
  "gain_s2": null,
  "percentiles": {
    "tau_1ghz": {
      "median": 0.6816366843680371,
      "lower": 0.6734224855508507,
      "upper": 0.6901025840849602,
      "err_minus": 0.008214198817186436,
      "err_plus": 0.00846589971692302
    },
    "alpha": {
      "median": 2.4142825385876625,
      "lower": 2.392806047951199,
      "upper": 2.4348752537724443,
      "err_minus": 0.021476490636463286,
      "err_plus": 0.020592715184781785
    },
    "t0_C1": {
      "median": 13.280541828051835,
      "lower": 13.279133771004716,
      "upper": 13.281870406903817,
      "err_minus": 0.0014080570471186604,
      "err_plus": 0.0013285788519823427
    },
    "zeta_C1": {
      "median": 0.09457748197247685,
      "lower": 0.09362730232818996,
      "upper": 0.09558520382074245,
      "err_minus": 0.000950179644286897,
      "err_plus": 0.0010077218482655997
    },
    "t0_C2": {
      "median": 13.668342055697643,
      "lower": 13.658806479853876,
      "upper": 13.678429372723727,
      "err_minus": 0.009535575843766964,
      "err_plus": 0.010087317026084008
    },
    "zeta_C2": {
      "median": 0.4505077645686609,
      "lower": 0.44329940020622544,
      "upper": 0.45825965122705703,
      "err_minus": 0.007208364362435438,
      "err_plus": 0.0077518866583961565
    },
    "delta_dm_C": {
      "median": -0.0026884883254112424,
      "lower": -0.0031615840371088666,
      "upper": -0.0022003049692216337,
      "err_minus": 0.0004730957116976242,
      "err_plus": 0.00048818335618960873
    },
    "t0_D1": {
      "median": 9.535119483182406,
      "lower": 9.531841837314232,
      "upper": 9.538373700502198,
      "err_minus": 0.0032776458681738063,
      "err_plus": 0.003254217319792474
    },
    "zeta_D1": {
      "median": 0.052717325280284506,
      "lower": 0.050667843576297306,
      "upper": 0.054730842154493566,
      "err_minus": 0.0020494817039872007,
      "err_plus": 0.0020135168742090592
    },
    "t0_D2": {
      "median": 9.749748696560149,
      "lower": 9.73930074250683,
      "upper": 9.763371354633863,
      "err_minus": 0.010447954053319108,
      "err_plus": 0.013622658073714433
    },
    "zeta_D2": {
      "median": 0.13450293658121076,
      "lower": 0.12431600686352756,
      "upper": 0.14502088928189272,
      "err_minus": 0.010186929717683202,
      "err_plus": 0.010517952700681954
    },
    "t0_D3": {
      "median": 11.883787737400727,
      "lower": 11.872491991595165,
      "upper": 11.895206702807794,
      "err_minus": 0.011295745805561808,
      "err_plus": 0.011418965407067105
    },
    "zeta_D3": {
      "median": 0.2881960344716197,
      "lower": 0.2772211300411194,
      "upper": 0.2994849019915519,
      "err_minus": 0.010974904430500254,
      "err_plus": 0.011288867519932244
    },
    "delta_dm_D": {
      "median": -0.04714975026369217,
      "lower": -0.05568201153161567,
      "upper": -0.03890086306971341,
      "err_minus": 0.008532261267923502,
      "err_plus": 0.00824888719397876
    }
  },
  "ncall": 2417851
}