{
  "burst": "zach",
  "marginalize_gain": false,
  "marginalize_gain_gp": false,
  "shared_zeta": true,
  "alpha": {
    "median": 2.998624616350114,
    "err_minus": 0.011956720055287473,
    "err_plus": 0.01185695315063695
  },
  "tau_1ghz": {
    "median": 0.47630673745541163,
    "err_minus": 0.002978362754137931,
    "err_plus": 0.0030022317310445246
  },
  "log_evidence": -16598.37547244591,
  "log_evidence_err": 0.5727482892719811,
  "alpha_bounds": [
    1.5,
    6.0
  ],
  "components_C": 1,
  "components_D": 1,
  "percentiles": {
    "tau_1ghz": {
      "median": 0.47630673745541163,
      "lower": 0.4733283747012737,
      "upper": 0.47930896918645616,
      "err_minus": 0.002978362754137931,
      "err_plus": 0.0030022317310445246
    },
    "alpha": {
      "median": 2.998624616350114,
      "lower": 2.9866678962948265,
      "upper": 3.010481569500751,
      "err_minus": 0.011956720055287473,
      "err_plus": 0.01185695315063695
    },
    "zeta_1ghz": {
      "median": 0.020093780832370213,
      "lower": 0.01990554838648845,
      "upper": 0.02029986220244909,
      "err_minus": 0.00018823244588176205,
      "err_plus": 0.00020608137007887758
    },
    "x_zeta": {
      "median": -3.9897740617740713,
      "lower": -3.9973813398193285,
      "upper": -3.9744387190002843,
      "err_minus": 0.007607278045257182,
      "err_plus": 0.015335342773787008
    },
    "t0_C": {
      "median": 13.242708594781899,
      "lower": 13.241654595158046,
      "upper": 13.24376301510598,
      "err_minus": 0.001053999623852775,
      "err_plus": 0.0010544203240812067
    },
    "delta_dm_C": {
      "median": 0.014319625208457865,
      "lower": 0.013981651186156796,
      "upper": 0.014648467859025516,
      "err_minus": 0.00033797402230106854,
      "err_plus": 0.00032884265056765116
    },
    "t0_D": {
      "median": 9.507705265126951,
      "lower": 9.507218515548061,
      "upper": 9.508220167811793,
      "err_minus": 0.00048674957889005555,
      "err_plus": 0.0005149026848414451
    },
    "delta_dm_D": {
      "median": -0.0015847647370321738,
      "lower": -0.0031274332172230856,
      "upper": -8.135216271654144e-05,
      "err_minus": 0.0015426684801909119,
      "err_plus": 0.0015034125743156324
    }
  },
  "ncall": 1121148,
  "gain_recovered": true
}