{
  "burst": "zach",
  "marginalize_gain": true,
  "marginalize_gain_gp": false,
  "shared_zeta": false,
  "alpha": {
    "median": 2.398361798241332,
    "err_minus": 0.021591796311229317,
    "err_plus": 0.021330604735960712
  },
  "tau_1ghz": {
    "median": 0.6885283276874871,
    "err_minus": 0.008743483634497062,
    "err_plus": 0.008407900106323307
  },
  "log_evidence": 37912.95305037806,
  "log_evidence_err": 0.6415659460146046,
  "alpha_bounds": [
    1.5,
    6.0
  ],
  "components_C": 2,
  "components_D": 3,
  "gain_s2": 100.0,
  "percentiles": {
    "tau_1ghz": {
      "median": 0.6885283276874871,
      "lower": 0.67978484405299,
      "upper": 0.6969362277938104,
      "err_minus": 0.008743483634497062,
      "err_plus": 0.008407900106323307
    },
    "alpha": {
      "median": 2.398361798241332,
      "lower": 2.376770001930103,
      "upper": 2.419692402977293,
      "err_minus": 0.021591796311229317,
      "err_plus": 0.021330604735960712
    },
    "t0_C1": {
      "median": 13.280097416192294,
      "lower": 13.27868056794258,
      "upper": 13.281556203652283,
      "err_minus": 0.001416848249714775,
      "err_plus": 0.0014587874599882866
    },
    "zeta_C1": {
      "median": 0.09474845973566519,
      "lower": 0.09375795434691452,
      "upper": 0.09575133271275542,
      "err_minus": 0.0009905053887506732,
      "err_plus": 0.00100287297709023
    },
    "t0_C2": {
      "median": 13.66904065650498,
      "lower": 13.658978917551533,
      "upper": 13.679305446814944,
      "err_minus": 0.010061738953446309,
      "err_plus": 0.010264790309964411
    },
    "zeta_C2": {
      "median": 0.45303298342334,
      "lower": 0.4455197374333626,
      "upper": 0.4605042812061984,
      "err_minus": 0.00751324598997738,
      "err_plus": 0.007471297782858433
    },
    "delta_dm_C": {
      "median": -0.002544377066051595,
      "lower": -0.0030466486437958906,
      "upper": -0.0020585561903843086,
      "err_minus": 0.0005022715777442954,
      "err_plus": 0.0004858208756672866
    },
    "t0_D1": {
      "median": 9.535456092104909,
      "lower": 9.532394674384783,
      "upper": 9.538642705838583,
      "err_minus": 0.003061417720125803,
      "err_plus": 0.0031866137336749034
    },
    "zeta_D1": {
      "median": 0.05400981075032352,
      "lower": 0.052169143706505994,
      "upper": 0.05587068614140854,
      "err_minus": 0.0018406670438175232,
      "err_plus": 0.0018608753910850234
    },
    "t0_D2": {
      "median": 9.739687694391373,
      "lower": 9.733430699807792,
      "upper": 9.749063512776248,
      "err_minus": 0.006256994583580422,
      "err_plus": 0.00937581838487489
    },
    "zeta_D2": {
      "median": 0.14079013412087257,
      "lower": 0.13173406000834706,
      "upper": 0.14967665952902384,
      "err_minus": 0.009056074112525514,
      "err_plus": 0.008886525408151269
    },
    "t0_D3": {
      "median": 11.88089480972467,
      "lower": 11.869390732555683,
      "upper": 11.892230108741042,
      "err_minus": 0.01150407716898627,
      "err_plus": 0.011335299016373312
    },
    "zeta_D3": {
      "median": 0.2876308852546738,
      "lower": 0.2770533589146681,
      "upper": 0.2984442362209115,
      "err_minus": 0.010577526340005694,
      "err_plus": 0.0108133509662377
    },
    "delta_dm_D": {
      "median": -0.046817688361414866,
      "lower": -0.0552063748107372,
      "upper": -0.03875848094141077,
      "err_minus": 0.008388686449322336,
      "err_plus": 0.0080592074200041
    }
  },
  "ncall": 2026335
}