{
  "burst": "zach",
  "marginalize_gain": true,
  "marginalize_gain_gp": false,
  "shared_zeta": false,
  "alpha": {
    "median": 2.7597526073128122,
    "err_minus": 0.014689257449941984,
    "err_plus": 0.013239187600892155
  },
  "tau_1ghz": {
    "median": 0.5565081613149172,
    "err_minus": 0.004565888354713499,
    "err_plus": 0.0045168781642078715
  },
  "log_evidence": 37593.89940702954,
  "log_evidence_err": 0.5936399767198173,
  "alpha_bounds": [
    1.5,
    6.0
  ],
  "components_C": 2,
  "components_D": 3,
  "gain_s2": 100.0,
  "pbf_C": "exp",
  "pbf_D": "exp",
  "beta_C": 3.6666666666666665,
  "beta_D": 3.6666666666666665,
  "percentiles": {
    "tau_1ghz": {
      "median": 0.5565081613149172,
      "lower": 0.5519422729602037,
      "upper": 0.5610250394791251,
      "err_minus": 0.004565888354713499,
      "err_plus": 0.0045168781642078715
    },
    "alpha": {
      "median": 2.7597526073128122,
      "lower": 2.7450633498628703,
      "upper": 2.7729917949137044,
      "err_minus": 0.014689257449941984,
      "err_plus": 0.013239187600892155
    },
    "t0_C1": {
      "median": 13.285197124041535,
      "lower": 13.283808574671436,
      "upper": 13.286539485482653,
      "err_minus": 0.0013885493700982465,
      "err_plus": 0.0013423614411181006
    },
    "zeta_C1": {
      "median": 0.09277469082945336,
      "lower": 0.09178461919425385,
      "upper": 0.09374168239602534,
      "err_minus": 0.0009900716351995131,
      "err_plus": 0.0009669915665719842
    },
    "t0_C2": {
      "median": 13.626626134297485,
      "lower": 13.617605369455049,
      "upper": 13.636442387659873,
      "err_minus": 0.00902076484243608,
      "err_plus": 0.009816253362387783
    },
    "zeta_C2": {
      "median": 0.41101307057396574,
      "lower": 0.40460590596746393,
      "upper": 0.41760481263010935,
      "err_minus": 0.006407164606501814,
      "err_plus": 0.006591742056143601
    },
    "delta_dm_C": {
      "median": -0.004280052479842311,
      "lower": -0.004801963568013434,
      "upper": -0.003744501570118075,
      "err_minus": 0.0005219110881711231,
      "err_plus": 0.0005355509097242361
    },
    "t0_D1": {
      "median": -9.875499630778538,
      "lower": -26.85648992810824,
      "upper": 6.14594167959676,
      "err_minus": 16.9809902973297,
      "err_plus": 16.021441310375298
    },
    "zeta_D1": {
      "median": 912.104383772331,
      "lower": 740.7442668720299,
      "upper": 977.6745246705283,
      "err_minus": 171.36011690030102,
      "err_plus": 65.57014089819734
    },
    "t0_D2": {
      "median": 9.528993173156012,
      "lower": 9.526151063543105,
      "upper": 9.532956154601026,
      "err_minus": 0.0028421096129065404,
      "err_plus": 0.003962981445013725
    },
    "zeta_D2": {
      "median": 0.04290997613317039,
      "lower": 0.04115442463633526,
      "upper": 0.04491234816529299,
      "err_minus": 0.0017555514968351296,
      "err_plus": 0.0020023720321226054
    },
    "t0_D3": {
      "median": 11.938961328013288,
      "lower": 11.928850537652412,
      "upper": 11.951078260842618,
      "err_minus": 0.010110790360876365,
      "err_plus": 0.01211693282932913
    },
    "zeta_D3": {
      "median": 0.31601836863772287,
      "lower": 0.30459653661466085,
      "upper": 0.3318468968661524,
      "err_minus": 0.011421832023062017,
      "err_plus": 0.015828528228429506
    },
    "delta_dm_D": {
      "median": -0.04971046498679499,
      "lower": -0.05784256419365619,
      "upper": -0.04211396429484893,
      "err_minus": 0.008132099206861199,
      "err_plus": 0.007596500691946062
    }
  },
  "ncall": 1923890
}