{
  "burst": "zach",
  "marginalize_gain": true,
  "marginalize_gain_gp": false,
  "shared_zeta": false,
  "alpha": {
    "median": 2.7571383394210676,
    "err_minus": 0.016724808452289963,
    "err_plus": 0.014928999942685373
  },
  "tau_1ghz": {
    "median": 0.5571511609609441,
    "err_minus": 0.0052058331130721,
    "err_plus": 0.005173300505572853
  },
  "log_evidence": 36579.986589303735,
  "log_evidence_err": 0.5821834515369605,
  "alpha_bounds": [
    1.5,
    6.0
  ],
  "components_C": 2,
  "components_D": 1,
  "percentiles": {
    "tau_1ghz": {
      "median": 0.5571511609609441,
      "lower": 0.551945327847872,
      "upper": 0.5623244614665169,
      "err_minus": 0.0052058331130721,
      "err_plus": 0.005173300505572853
    },
    "alpha": {
      "median": 2.7571383394210676,
      "lower": 2.7404135309687776,
      "upper": 2.772067339363753,
      "err_minus": 0.016724808452289963,
      "err_plus": 0.014928999942685373
    },
    "t0_C1": {
      "median": 13.285045319874882,
      "lower": 13.283533585707772,
      "upper": 13.286413502182146,
      "err_minus": 0.0015117341671100348,
      "err_plus": 0.0013681823072637656
    },
    "zeta_C1": {
      "median": 0.09295001201898775,
      "lower": 0.09195281341800829,
      "upper": 0.09384624692398753,
      "err_minus": 0.0009971986009794653,
      "err_plus": 0.0008962349049997792
    },
    "t0_C2": {
      "median": 13.62540330818798,
      "lower": 13.61613944667139,
      "upper": 13.633700297756963,
      "err_minus": 0.00926386151659031,
      "err_plus": 0.008296989568982838
    },
    "zeta_C2": {
      "median": 0.41129142915642186,
      "lower": 0.40442661950535386,
      "upper": 0.41934131203714636,
      "err_minus": 0.0068648096510680046,
      "err_plus": 0.008049882880724502
    },
    "delta_dm_C": {
      "median": -0.0041905852965911095,
      "lower": -0.004689892645274085,
      "upper": -0.003658926653777428,
      "err_minus": 0.0004993073486829758,
      "err_plus": 0.0005316586428136816
    },
    "t0_D1": {
      "median": 9.528100255045246,
      "lower": 9.525488831829072,
      "upper": 9.531497536264247,
      "err_minus": 0.0026114232161731366,
      "err_plus": 0.0033972812190015134
    },
    "zeta_D1": {
      "median": 0.042155860254765753,
      "lower": 0.040417105146637725,
      "upper": 0.04368891998710265,
      "err_minus": 0.001738755108128029,
      "err_plus": 0.0015330597323368958
    },
    "delta_dm_D": {
      "median": -0.049086393665575656,
      "lower": -0.056833609876612456,
      "upper": -0.04210808678880795,
      "err_minus": 0.0077472162110368,
      "err_plus": 0.006978306876767704
    }
  },
  "ncall": 1296010
}