{
  "burst": "zach",
  "marginalize_gain": true,
  "marginalize_gain_gp": false,
  "alpha": {
    "median": 3.3321520579437016,
    "err_minus": 0.012880851751777112,
    "err_plus": 0.013211678805724603
  },
  "tau_1ghz": {
    "median": 0.4132429986751077,
    "err_minus": 0.0028746093088992675,
    "err_plus": 0.0028675116181913762
  },
  "log_evidence": 33060.3058158465,
  "log_evidence_err": 0.5085919128374495,
  "alpha_bounds": [
    2.0,
    6.0
  ],
  "components_C": 1,
  "components_D": 2,
  "percentiles": {
    "tau_1ghz": {
      "median": 0.4132429986751077,
      "lower": 0.41036838936620845,
      "upper": 0.4161105102932991,
      "err_minus": 0.0028746093088992675,
      "err_plus": 0.0028675116181913762
    },
    "alpha": {
      "median": 3.3321520579437016,
      "lower": 3.3192712061919245,
      "upper": 3.345363736749426,
      "err_minus": 0.012880851751777112,
      "err_plus": 0.013211678805724603
    },
    "t0_C1": {
      "median": 13.248456925089457,
      "lower": 13.247363819496861,
      "upper": 13.249500848080991,
      "err_minus": 0.0010931055925951227,
      "err_plus": 0.0010439229915348847
    },
    "zeta_C1": {
      "median": 0.10271015711161398,
      "lower": 0.10178818241706458,
      "upper": 0.10368433441466335,
      "err_minus": 0.0009219746945493962,
      "err_plus": 0.00097417730304937
    },
    "delta_dm_C": {
      "median": 0.010362600653621712,
      "lower": 0.01007489034807918,
      "upper": 0.010655800874900478,
      "err_minus": 0.0002877103055425323,
      "err_plus": 0.00029320022127876655
    },
    "t0_D1": {
      "median": 9.347375003568487,
      "lower": 9.326461221627241,
      "upper": 9.355679318418368,
      "err_minus": 0.020913781941246157,
      "err_plus": 0.008304314849880257
    },
    "zeta_D1": {
      "median": 3.7338073696426832,
      "lower": 3.520850498033308,
      "upper": 3.968743289888333,
      "err_minus": 0.21295687160937504,
      "err_plus": 0.23493592024564958
    },
    "t0_D2": {
      "median": 9.554701114643672,
      "lower": 9.551832536060902,
      "upper": 9.557537210698927,
      "err_minus": 0.0028685785827704535,
      "err_plus": 0.0028360960552547
    },
    "zeta_D2": {
      "median": 0.0553558393271541,
      "lower": 0.05376378316346344,
      "upper": 0.05696059242476076,
      "err_minus": 0.0015920561636906597,
      "err_plus": 0.0016047530976066593
    },
    "delta_dm_D": {
      "median": -0.06985923331838251,
      "lower": -0.07736397136751805,
      "upper": -0.061934463999151035,
      "err_minus": 0.00750473804913554,
      "err_plus": 0.007924769319231473
    }
  },
  "ncall": 1885735
}