{
  "burst": "zach",
  "marginalize_gain": true,
  "alpha": {
    "median": 3.3188374935068383,
    "err_minus": 0.012862260241871759,
    "err_plus": 0.013194006374992018
  },
  "tau_1ghz": {
    "median": 0.41625708737385997,
    "err_minus": 0.002955557811762266,
    "err_plus": 0.0030084876737334065
  },
  "log_evidence": -18592.927832474514,
  "log_evidence_err": 0.5611984285250452,
  "alpha_bounds": [
    1.0,
    6.0
  ],
  "percentiles": {
    "tau_1ghz": {
      "median": 0.41625708737385997,
      "lower": 0.4133015295620977,
      "upper": 0.4192655750475934,
      "err_minus": 0.002955557811762266,
      "err_plus": 0.0030084876737334065
    },
    "alpha": {
      "median": 3.3188374935068383,
      "lower": 3.3059752332649666,
      "upper": 3.3320314998818303,
      "err_minus": 0.012862260241871759,
      "err_plus": 0.013194006374992018
    },
    "t0_C": {
      "median": 13.248080008441171,
      "lower": 13.246995452246086,
      "upper": 13.249159529542112,
      "err_minus": 0.0010845561950851845,
      "err_plus": 0.0010795211009408945
    },
    "zeta_C": {
      "median": 0.10266106956191365,
      "lower": 0.10171137396521619,
      "upper": 0.10359990245138928,
      "err_minus": 0.0009496955966974557,
      "err_plus": 0.0009388328894756326
    },
    "delta_dm_C": {
      "median": 0.01042393075690029,
      "lower": 0.010120935969069933,
      "upper": 0.010718877380746505,
      "err_minus": 0.0003029947878303574,
      "err_plus": 0.00029494662384621506
    },
    "t0_D": {
      "median": 9.55429897577421,
      "lower": 9.551460923233634,
      "upper": 9.557276431498302,
      "err_minus": 0.00283805254057512,
      "err_plus": 0.0029774557240926924
    },
    "zeta_D": {
      "median": 0.05825907117138824,
      "lower": 0.056725244668279995,
      "upper": 0.05986682942526293,
      "err_minus": 0.0015338265031082446,
      "err_plus": 0.001607758253874693
    },
    "delta_dm_D": {
      "median": -0.07072860678078285,
      "lower": -0.07848240264665662,
      "upper": -0.0627045876091401,
      "err_minus": 0.007753795865873769,
      "err_plus": 0.008024019171642749
    }
  },
  "ncall": 1106746,
  "gain_recovered": true
}