{
  "burst": "zach",
  "marginalize_gain": true,
  "marginalize_gain_gp": false,
  "shared_zeta": false,
  "alpha": {
    "median": 2.759847984500394,
    "err_minus": 0.015454166103825884,
    "err_plus": 0.016122922081319935
  },
  "tau_1ghz": {
    "median": 0.5559730348045882,
    "err_minus": 0.004867833605895933,
    "err_plus": 0.0049981290871017325
  },
  "log_evidence": 37661.6429465442,
  "log_evidence_err": 0.6408968385661946,
  "alpha_bounds": [
    1.5,
    6.0
  ],
  "components_C": 2,
  "components_D": 3,
  "gain_s2": 10.0,
  "percentiles": {
    "tau_1ghz": {
      "median": 0.5559730348045882,
      "lower": 0.5511052011986922,
      "upper": 0.5609711638916899,
      "err_minus": 0.004867833605895933,
      "err_plus": 0.0049981290871017325
    },
    "alpha": {
      "median": 2.759847984500394,
      "lower": 2.744393818396568,
      "upper": 2.7759709065817137,
      "err_minus": 0.015454166103825884,
      "err_plus": 0.016122922081319935
    },
    "t0_C1": {
      "median": 13.28508695844009,
      "lower": 13.283639285309544,
      "upper": 13.28648511163657,
      "err_minus": 0.0014476731305457236,
      "err_plus": 0.0013981531964795124
    },
    "zeta_C1": {
      "median": 0.09270752006958692,
      "lower": 0.09172227797266362,
      "upper": 0.09371267790178689,
      "err_minus": 0.0009852420969233,
      "err_plus": 0.0010051578321999682
    },
    "t0_C2": {
      "median": 13.62597661649777,
      "lower": 13.615806801809516,
      "upper": 13.635937852231446,
      "err_minus": 0.010169814688254064,
      "err_plus": 0.009961235733676688
    },
    "zeta_C2": {
      "median": 0.4115485819284691,
      "lower": 0.4042871257047978,
      "upper": 0.4186286755525845,
      "err_minus": 0.007261456223671303,
      "err_plus": 0.00708009362411538
    },
    "delta_dm_C": {
      "median": -0.004207321982832468,
      "lower": -0.004709991048443385,
      "upper": -0.003692912650102187,
      "err_minus": 0.0005026690656109167,
      "err_plus": 0.0005144093327302812
    },
    "t0_D1": {
      "median": 9.529344568549938,
      "lower": 9.52638093134599,
      "upper": 9.532308801383117,
      "err_minus": 0.0029636372039476555,
      "err_plus": 0.002964232833178926
    },
    "zeta_D1": {
      "median": 0.042644570573149604,
      "lower": 0.040921491985716554,
      "upper": 0.04422815498629691,
      "err_minus": 0.0017230785874330495,
      "err_plus": 0.001583584413147307
    },
    "t0_D2": {
      "median": 11.937655367124878,
      "lower": 11.926500286718118,
      "upper": 11.947965381247586,
      "err_minus": 0.011155080406759055,
      "err_plus": 0.010310014122708822
    },
    "zeta_D2": {
      "median": 0.3138294777406872,
      "lower": 0.3031105400410416,
      "upper": 0.32541488587889494,
      "err_minus": 0.010718937699645603,
      "err_plus": 0.011585408138207742
    },
    "t0_D3": {
      "median": 33.80454178855962,
      "lower": 19.33253856161166,
      "upper": 47.20921466810172,
      "err_minus": 14.472003226947958,
      "err_plus": 13.404672879542105
    },
    "zeta_D3": {
      "median": 650.5816558498905,
      "lower": 480.2870146431444,
      "upper": 853.7401161611127,
      "err_minus": 170.29464120674606,
      "err_plus": 203.15846031122226
    },
    "delta_dm_D": {
      "median": -0.05178222596137516,
      "lower": -0.05981077358521247,
      "upper": -0.04383316473701626,
      "err_minus": 0.008028547623837312,
      "err_plus": 0.0079490612243589
    }
  },
  "ncall": 1968606
}