{
  "burst": "zach",
  "marginalize_gain": true,
  "marginalize_gain_gp": false,
  "shared_zeta": false,
  "alpha": {
    "median": 2.76172667023722,
    "err_minus": 0.01579430616169697,
    "err_plus": 0.01561524137330661
  },
  "tau_1ghz": {
    "median": 0.5553666778559402,
    "err_minus": 0.004920143169368507,
    "err_plus": 0.0051338424583717845
  },
  "log_evidence": 36548.693130817854,
  "log_evidence_err": 0.6028267930425273,
  "alpha_bounds": [
    1.5,
    6.0
  ],
  "components_C": 2,
  "components_D": 2,
  "gain_s2": 10.0,
  "percentiles": {
    "tau_1ghz": {
      "median": 0.5553666778559402,
      "lower": 0.5504465346865717,
      "upper": 0.560500520314312,
      "err_minus": 0.004920143169368507,
      "err_plus": 0.0051338424583717845
    },
    "alpha": {
      "median": 2.76172667023722,
      "lower": 2.745932364075523,
      "upper": 2.7773419116105265,
      "err_minus": 0.01579430616169697,
      "err_plus": 0.01561524137330661
    },
    "t0_C1": {
      "median": 13.285079421338128,
      "lower": 13.283676569895942,
      "upper": 13.286516081414511,
      "err_minus": 0.001402851442186659,
      "err_plus": 0.0014366600763828785
    },
    "zeta_C1": {
      "median": 0.09270907247309583,
      "lower": 0.09167227861614738,
      "upper": 0.09372215883532621,
      "err_minus": 0.0010367938569484508,
      "err_plus": 0.001013086362230381
    },
    "t0_C2": {
      "median": 13.625854661226644,
      "lower": 13.615863515763959,
      "upper": 13.636050986603252,
      "err_minus": 0.00999114546268487,
      "err_plus": 0.010196325376607973
    },
    "zeta_C2": {
      "median": 0.4113195258762198,
      "lower": 0.4040999348541825,
      "upper": 0.4184165248452079,
      "err_minus": 0.007219591022037286,
      "err_plus": 0.007096998968988133
    },
    "delta_dm_C": {
      "median": -0.004213996275659326,
      "lower": -0.004728627918929362,
      "upper": -0.003690408794795985,
      "err_minus": 0.000514631643270036,
      "err_plus": 0.0005235874808633412
    },
    "t0_D1": {
      "median": -14.153510751284124,
      "lower": -29.504349785730717,
      "upper": 1.607782713512833,
      "err_minus": 15.350839034446594,
      "err_plus": 15.761293464796957
    },
    "zeta_D1": {
      "median": 361.9401144824181,
      "lower": 281.51313759438324,
      "upper": 455.60922819688767,
      "err_minus": 80.42697688803486,
      "err_plus": 93.66911371446957
    },
    "t0_D2": {
      "median": 9.529335358204941,
      "lower": 9.5261828318748,
      "upper": 9.532411092226981,
      "err_minus": 0.003152526330140404,
      "err_plus": 0.0030757340220404217
    },
    "zeta_D2": {
      "median": 0.042122390769652795,
      "lower": 0.04032781405405378,
      "upper": 0.043858297343490435,
      "err_minus": 0.0017945767155990167,
      "err_plus": 0.0017359065738376395
    },
    "delta_dm_D": {
      "median": -0.05129776670621311,
      "lower": -0.05963255266029677,
      "upper": -0.042867412657059845,
      "err_minus": 0.008334785954083657,
      "err_plus": 0.008430354049153266
    }
  },
  "ncall": 1609203
}