{
  "burst": "zach",
  "marginalize_gain": true,
  "marginalize_gain_gp": false,
  "shared_zeta": false,
  "alpha": {
    "median": 2.7556391019513162,
    "err_minus": 0.016376748869617597,
    "err_plus": 0.021257525595610893
  },
  "tau_1ghz": {
    "median": 0.5574432762875757,
    "err_minus": 0.005837999317772291,
    "err_plus": 0.005422273399557365
  },
  "log_evidence": 36547.18513685652,
  "log_evidence_err": 0.5610001820642351,
  "alpha_bounds": [
    1.5,
    6.0
  ],
  "components_C": 2,
  "components_D": 1,
  "gain_s2": 10.0,
  "percentiles": {
    "tau_1ghz": {
      "median": 0.5574432762875757,
      "lower": 0.5516052769698034,
      "upper": 0.5628655496871331,
      "err_minus": 0.005837999317772291,
      "err_plus": 0.005422273399557365
    },
    "alpha": {
      "median": 2.7556391019513162,
      "lower": 2.7392623530816986,
      "upper": 2.776896627546927,
      "err_minus": 0.016376748869617597,
      "err_plus": 0.021257525595610893
    },
    "t0_C1": {
      "median": 13.285530839111807,
      "lower": 13.284276067412517,
      "upper": 13.28667386478353,
      "err_minus": 0.0012547716992905578,
      "err_plus": 0.0011430256717233078
    },
    "zeta_C1": {
      "median": 0.09280649422313927,
      "lower": 0.09193874572168231,
      "upper": 0.09342550515517967,
      "err_minus": 0.0008677485014569608,
      "err_plus": 0.0006190109320403925
    },
    "t0_C2": {
      "median": 13.61918581206497,
      "lower": 13.60979456120942,
      "upper": 13.636053448561693,
      "err_minus": 0.009391250855550481,
      "err_plus": 0.016867636496723293
    },
    "zeta_C2": {
      "median": 0.40655063968462585,
      "lower": 0.40088739357932224,
      "upper": 0.4147756943204948,
      "err_minus": 0.00566324610530361,
      "err_plus": 0.008225054635868978
    },
    "delta_dm_C": {
      "median": -0.004385083787553867,
      "lower": -0.004791537584893035,
      "upper": -0.003940667833560951,
      "err_minus": 0.000406453797339168,
      "err_plus": 0.000444415953992916
    },
    "t0_D1": {
      "median": 9.529163450656362,
      "lower": 9.52712136260007,
      "upper": 9.531287547913855,
      "err_minus": 0.002042088056292357,
      "err_plus": 0.002124097257492963
    },
    "zeta_D1": {
      "median": 0.04170253821896233,
      "lower": 0.04059387082706835,
      "upper": 0.04329032656407181,
      "err_minus": 0.0011086673918939832,
      "err_plus": 0.0015877883451094754
    },
    "delta_dm_D": {
      "median": -0.04942185293442947,
      "lower": -0.055201003448459574,
      "upper": -0.04434855166540075,
      "err_minus": 0.005779150514030107,
      "err_plus": 0.005073301269028718
    }
  },
  "ncall": 1236200
}