{
  "burst": "zach",
  "marginalize_gain": true,
  "marginalize_gain_gp": false,
  "shared_zeta": false,
  "alpha": {
    "median": 3.3181979302889735,
    "err_minus": 0.012832531746475695,
    "err_plus": 0.01305381822199525
  },
  "tau_1ghz": {
    "median": 0.41634522059619855,
    "err_minus": 0.0027827716889152754,
    "err_plus": 0.0029690189779305043
  },
  "log_evidence": -18590.405580279687,
  "log_evidence_err": 0.5364157749016856,
  "alpha_bounds": [
    1.5,
    6.0
  ],
  "components_C": 1,
  "components_D": 1,
  "gain_s2": 10.0,
  "percentiles": {
    "tau_1ghz": {
      "median": 0.41634522059619855,
      "lower": 0.4135624489072833,
      "upper": 0.41931423957412906,
      "err_minus": 0.0027827716889152754,
      "err_plus": 0.0029690189779305043
    },
    "alpha": {
      "median": 3.3181979302889735,
      "lower": 3.305365398542498,
      "upper": 3.3312517485109687,
      "err_minus": 0.012832531746475695,
      "err_plus": 0.01305381822199525
    },
    "t0_C": {
      "median": 13.248155447541436,
      "lower": 13.247053487695599,
      "upper": 13.249255852800797,
      "err_minus": 0.0011019598458368307,
      "err_plus": 0.0011004052593612812
    },
    "zeta_C": {
      "median": 0.10268805502340081,
      "lower": 0.10173027370436975,
      "upper": 0.10359846345139011,
      "err_minus": 0.0009577813190310563,
      "err_plus": 0.0009104084279892982
    },
    "delta_dm_C": {
      "median": 0.010416731270268542,
      "lower": 0.01011168257868178,
      "upper": 0.010707133398149438,
      "err_minus": 0.0003050486915867623,
      "err_plus": 0.0002904021278808955
    },
    "t0_D": {
      "median": 9.554240971129154,
      "lower": 9.551567685952108,
      "upper": 9.557228701920543,
      "err_minus": 0.0026732851770461252,
      "err_plus": 0.0029877307913892537
    },
    "zeta_D": {
      "median": 0.05825709318979313,
      "lower": 0.05675237472724312,
      "upper": 0.059830303141625574,
      "err_minus": 0.0015047184625500074,
      "err_plus": 0.0015732099518324452
    },
    "delta_dm_D": {
      "median": -0.0707579468268591,
      "lower": -0.07837476976177271,
      "upper": -0.06307555754329996,
      "err_minus": 0.007616822934913614,
      "err_plus": 0.007682389283559132
    }
  },
  "ncall": 1062474,
  "gain_recovered": true
}