{
  "burst": "zach",
  "marginalize_gain": true,
  "marginalize_gain_gp": false,
  "shared_zeta": false,
  "alpha": {
    "median": 2.757134117975493,
    "err_minus": 0.015838076818654567,
    "err_plus": 0.015558023104988994
  },
  "tau_1ghz": {
    "median": 0.5570609540139343,
    "err_minus": 0.0050090322400015985,
    "err_plus": 0.0050067864788202465
  },
  "log_evidence": 36489.73275993464,
  "log_evidence_err": 0.6174824158819721,
  "alpha_bounds": [
    1.5,
    6.0
  ],
  "components_C": 2,
  "components_D": 1,
  "gain_s2": 100.0,
  "percentiles": {
    "tau_1ghz": {
      "median": 0.5570609540139343,
      "lower": 0.5520519217739327,
      "upper": 0.5620677404927545,
      "err_minus": 0.0050090322400015985,
      "err_plus": 0.0050067864788202465
    },
    "alpha": {
      "median": 2.757134117975493,
      "lower": 2.7412960411568386,
      "upper": 2.772692141080482,
      "err_minus": 0.015838076818654567,
      "err_plus": 0.015558023104988994
    },
    "t0_C1": {
      "median": 13.285038010588611,
      "lower": 13.283636100863148,
      "upper": 13.286485497755844,
      "err_minus": 0.0014019097254625024,
      "err_plus": 0.0014474871672334189
    },
    "zeta_C1": {
      "median": 0.09273331084139255,
      "lower": 0.09173786604796448,
      "upper": 0.09374764978872074,
      "err_minus": 0.0009954447934280714,
      "err_plus": 0.0010143389473281916
    },
    "t0_C2": {
      "median": 13.625800745551555,
      "lower": 13.616051195590021,
      "upper": 13.635815821650027,
      "err_minus": 0.009749549961533432,
      "err_plus": 0.01001507609847252
    },
    "zeta_C2": {
      "median": 0.41173459191356376,
      "lower": 0.4045452664870341,
      "upper": 0.4186164376551946,
      "err_minus": 0.007189325426529669,
      "err_plus": 0.00688184574163081
    },
    "delta_dm_C": {
      "median": -0.004196532815605281,
      "lower": -0.004715813519418077,
      "upper": -0.0036989633064408167,
      "err_minus": 0.0005192807038127967,
      "err_plus": 0.0004975695091644639
    },
    "t0_D1": {
      "median": 9.529118675407567,
      "lower": 9.52587230310467,
      "upper": 9.53226613942683,
      "err_minus": 0.003246372302896816,
      "err_plus": 0.0031474640192641345
    },
    "zeta_D1": {
      "median": 0.04239002968590291,
      "lower": 0.04069317749558982,
      "upper": 0.044087311390672825,
      "err_minus": 0.0016968521903130834,
      "err_plus": 0.001697281704769918
    },
    "delta_dm_D": {
      "median": -0.05113018806149228,
      "lower": -0.05956716704984899,
      "upper": -0.04289077928252283,
      "err_minus": 0.008436978988356714,
      "err_plus": 0.008239408778969448
    }
  },
  "ncall": 1415885
}