{
  "burst": "zach",
  "marginalize_gain": true,
  "marginalize_gain_gp": false,
  "shared_zeta": false,
  "alpha": {
    "median": 3.3184662886759266,
    "err_minus": 0.013368171171794785,
    "err_plus": 0.01320041269312977
  },
  "tau_1ghz": {
    "median": 0.4163659377271361,
    "err_minus": 0.0029760439091370827,
    "err_plus": 0.00305046773086437
  },
  "log_evidence": -18591.81248496472,
  "log_evidence_err": 0.5637594500086518,
  "alpha_bounds": [
    1.5,
    6.0
  ],
  "components_C": 1,
  "components_D": 1,
  "gain_s2": 100.0,
  "percentiles": {
    "tau_1ghz": {
      "median": 0.4163659377271361,
      "lower": 0.413389893817999,
      "upper": 0.41941640545800046,
      "err_minus": 0.0029760439091370827,
      "err_plus": 0.00305046773086437
    },
    "alpha": {
      "median": 3.3184662886759266,
      "lower": 3.305098117504132,
      "upper": 3.3316667013690564,
      "err_minus": 0.013368171171794785,
      "err_plus": 0.01320041269312977
    },
    "t0_C": {
      "median": 13.248093982578219,
      "lower": 13.247011204094154,
      "upper": 13.24923849826115,
      "err_minus": 0.0010827784840650168,
      "err_plus": 0.0011445156829310577
    },
    "zeta_C": {
      "median": 0.10266971505299072,
      "lower": 0.10169178568320023,
      "upper": 0.10358647341526317,
      "err_minus": 0.0009779293697904923,
      "err_plus": 0.0009167583622724518
    },
    "delta_dm_C": {
      "median": 0.010416891668619144,
      "lower": 0.010124697588821618,
      "upper": 0.010716305321459174,
      "err_minus": 0.0002921940797975253,
      "err_plus": 0.0002994136528400304
    },
    "t0_D": {
      "median": 9.554249842512284,
      "lower": 9.551305128921257,
      "upper": 9.557140361483114,
      "err_minus": 0.002944713591027437,
      "err_plus": 0.002890518970829703
    },
    "zeta_D": {
      "median": 0.05820373303769288,
      "lower": 0.05664453965504308,
      "upper": 0.05988593767043493,
      "err_minus": 0.0015591933826497942,
      "err_plus": 0.0016822046327420528
    },
    "delta_dm_D": {
      "median": -0.07057886716092554,
      "lower": -0.07817815539819861,
      "upper": -0.06259455796141822,
      "err_minus": 0.007599288237273072,
      "err_plus": 0.007984309199507322
    }
  },
  "ncall": 1084718,
  "gain_recovered": true
}