{
  "burst": "zach",
  "marginalize_gain": true,
  "marginalize_gain_gp": false,
  "shared_zeta": false,
  "alpha": {
    "median": 2.7782287414338485,
    "err_minus": 0.015718918462459985,
    "err_plus": 0.015845317018427618
  },
  "tau_1ghz": {
    "median": 0.5499444858494917,
    "err_minus": 0.004948191325730544,
    "err_plus": 0.004967130064253311
  },
  "log_evidence": 36624.317548709165,
  "log_evidence_err": 0.6513302051437585,
  "alpha_bounds": [
    1.5,
    6.0
  ],
  "components_C": 2,
  "components_D": 2,
  "gain_s2": null,
  "percentiles": {
    "tau_1ghz": {
      "median": 0.5499444858494917,
      "lower": 0.5449962945237612,
      "upper": 0.554911615913745,
      "err_minus": 0.004948191325730544,
      "err_plus": 0.004967130064253311
    },
    "alpha": {
      "median": 2.7782287414338485,
      "lower": 2.7625098229713885,
      "upper": 2.794074058452276,
      "err_minus": 0.015718918462459985,
      "err_plus": 0.015845317018427618
    },
    "t0_C1": {
      "median": 13.285255771981749,
      "lower": 13.28380219849269,
      "upper": 13.286700203586058,
      "err_minus": 0.0014535734890586127,
      "err_plus": 0.00144443160430896
    },
    "zeta_C1": {
      "median": 0.0925727624467758,
      "lower": 0.09154583020688263,
      "upper": 0.09357882474655578,
      "err_minus": 0.001026932239893169,
      "err_plus": 0.0010060622997799806
    },
    "t0_C2": {
      "median": 13.624644542442393,
      "lower": 13.614435862542823,
      "upper": 13.635009127361926,
      "err_minus": 0.010208679899569972,
      "err_plus": 0.010364584919532405
    },
    "zeta_C2": {
      "median": 0.40995146652986775,
      "lower": 0.40244701366561836,
      "upper": 0.4169056862308876,
      "err_minus": 0.007504452864249389,
      "err_plus": 0.006954219701019837
    },
    "delta_dm_C": {
      "median": -0.004270596641774205,
      "lower": -0.004785075851408749,
      "upper": -0.0037643526793615933,
      "err_minus": 0.0005144792096345441,
      "err_plus": 0.0005062439624126114
    },
    "t0_D1": {
      "median": 9.31656665261427,
      "lower": 9.279646340569876,
      "upper": 9.329639238125047,
      "err_minus": 0.036920312044394166,
      "err_plus": 0.013072585510776946
    },
    "zeta_D1": {
      "median": 4.031736872630908,
      "lower": 3.770776643718445,
      "upper": 4.330341552560712,
      "err_minus": 0.2609602289124635,
      "err_plus": 0.2986046799298032
    },
    "t0_D2": {
      "median": 9.529653839220886,
      "lower": 9.52654063351689,
      "upper": 9.532697675438905,
      "err_minus": 0.0031132057039968686,
      "err_plus": 0.0030438362180191803
    },
    "zeta_D2": {
      "median": 0.040537889295174066,
      "lower": 0.03886269239275338,
      "upper": 0.04234999667617488,
      "err_minus": 0.0016751969024206836,
      "err_plus": 0.0018121073810008145
    },
    "delta_dm_D": {
      "median": -0.0497071280574346,
      "lower": -0.0577336157472601,
      "upper": -0.041467686801865966,
      "err_minus": 0.008026487689825501,
      "err_plus": 0.008239441255568636
    }
  },
  "ncall": 1841617
}