{
  "burst": "zach",
  "marginalize_gain": true,
  "marginalize_gain_gp": false,
  "shared_zeta": false,
  "alpha": {
    "median": 2.7601957524598575,
    "err_minus": 0.015520331533987353,
    "err_plus": 0.014287957650726213
  },
  "tau_1ghz": {
    "median": 0.5551319328120747,
    "err_minus": 0.0047289366529609245,
    "err_plus": 0.004953023661479317
  },
  "log_evidence": 37659.70253255208,
  "log_evidence_err": 0.6546416281057201,
  "alpha_bounds": [
    1.5,
    6.0
  ],
  "components_C": 2,
  "components_D": 3,
  "gain_s2": 1.0,
  "percentiles": {
    "tau_1ghz": {
      "median": 0.5551319328120747,
      "lower": 0.5504029961591138,
      "upper": 0.560084956473554,
      "err_minus": 0.0047289366529609245,
      "err_plus": 0.004953023661479317
    },
    "alpha": {
      "median": 2.7601957524598575,
      "lower": 2.74467542092587,
      "upper": 2.7744837101105837,
      "err_minus": 0.015520331533987353,
      "err_plus": 0.014287957650726213
    },
    "t0_C1": {
      "median": 13.28471983543336,
      "lower": 13.283334914817235,
      "upper": 13.286168516049159,
      "err_minus": 0.0013849206161253846,
      "err_plus": 0.0014486806157982812
    },
    "zeta_C1": {
      "median": 0.09238792954098377,
      "lower": 0.09140980383882497,
      "upper": 0.09336021342157177,
      "err_minus": 0.0009781257021587997,
      "err_plus": 0.0009722838805880096
    },
    "t0_C2": {
      "median": 13.633627971272354,
      "lower": 13.623729760359044,
      "upper": 13.64331906225954,
      "err_minus": 0.009898210913309669,
      "err_plus": 0.009691090987185902
    },
    "zeta_C2": {
      "median": 0.4127248265013171,
      "lower": 0.4056841300435597,
      "upper": 0.42027309188138284,
      "err_minus": 0.0070406964577574005,
      "err_plus": 0.007548265380065755
    },
    "delta_dm_C": {
      "median": -0.004106242894749812,
      "lower": -0.0046166762726755906,
      "upper": -0.0036124922911682233,
      "err_minus": 0.0005104333779257786,
      "err_plus": 0.0004937506035815886
    },
    "t0_D1": {
      "median": -15.17063901597253,
      "lower": -30.58962571194946,
      "upper": 1.2516681942632246,
      "err_minus": 15.41898669597693,
      "err_plus": 16.422307210235754
    },
    "zeta_D1": {
      "median": 224.78696994183528,
      "lower": 132.86696121379276,
      "upper": 427.78387663554616,
      "err_minus": 91.92000872804252,
      "err_plus": 202.99690669371088
    },
    "t0_D2": {
      "median": 9.529086679945417,
      "lower": 9.526113200279086,
      "upper": 9.53204963309088,
      "err_minus": 0.0029734796663305474,
      "err_plus": 0.002962953145463132
    },
    "zeta_D2": {
      "median": 0.04262947746799281,
      "lower": 0.04080417446668659,
      "upper": 0.04434062807504938,
      "err_minus": 0.0018253030013062194,
      "err_plus": 0.0017111506070565732
    },
    "t0_D3": {
      "median": 11.937667073577817,
      "lower": 11.926951624144852,
      "upper": 11.948334348017443,
      "err_minus": 0.010715449432964874,
      "err_plus": 0.01066727443962634
    },
    "zeta_D3": {
      "median": 0.31355447352035054,
      "lower": 0.3027668839437616,
      "upper": 0.324411806992548,
      "err_minus": 0.01078758957658893,
      "err_plus": 0.010857333472197472
    },
    "delta_dm_D": {
      "median": -0.05071305524151626,
      "lower": -0.058950175545099626,
      "upper": -0.042862445999539034,
      "err_minus": 0.008237120303583367,
      "err_plus": 0.007850609241977224
    }
  },
  "ncall": 1994886
}