{
  "burst": "zach",
  "marginalize_gain": true,
  "marginalize_gain_gp": false,
  "shared_zeta": false,
  "alpha": {
    "median": 2.7663510031503344,
    "err_minus": 0.015726864508895044,
    "err_plus": 0.015462293726920429
  },
  "tau_1ghz": {
    "median": 0.5538770555325222,
    "err_minus": 0.00496671742050836,
    "err_plus": 0.0049913814620009544
  },
  "log_evidence": 36900.673516623436,
  "log_evidence_err": 0.6885239824957343,
  "alpha_bounds": [
    1.5,
    6.0
  ],
  "components_C": 2,
  "components_D": 3,
  "gain_s2": 10.0,
  "pbf_C": "exp",
  "pbf_D": "exp",
  "beta_C": 3.6666666666666665,
  "beta_D": 3.6666666666666665,
  "percentiles": {
    "tau_1ghz": {
      "median": 0.5538770555325222,
      "lower": 0.5489103381120138,
      "upper": 0.5588684369945232,
      "err_minus": 0.00496671742050836,
      "err_plus": 0.0049913814620009544
    },
    "alpha": {
      "median": 2.7663510031503344,
      "lower": 2.7506241386414394,
      "upper": 2.781813296877255,
      "err_minus": 0.015726864508895044,
      "err_plus": 0.015462293726920429
    },
    "t0_C1": {
      "median": 13.285130175951458,
      "lower": 13.28371654527956,
      "upper": 13.286535261942738,
      "err_minus": 0.0014136306718981473,
      "err_plus": 0.0014050859912799751
    },
    "zeta_C1": {
      "median": 0.09267685219601064,
      "lower": 0.0916514441484456,
      "upper": 0.09366632089078612,
      "err_minus": 0.0010254080475650407,
      "err_plus": 0.0009894686947754805
    },
    "t0_C2": {
      "median": 13.625342623893367,
      "lower": 13.615214013563449,
      "upper": 13.63502812399696,
      "err_minus": 0.010128610329918075,
      "err_plus": 0.00968550010359337
    },
    "zeta_C2": {
      "median": 0.4111310480268307,
      "lower": 0.40423505581156494,
      "upper": 0.41829725368977233,
      "err_minus": 0.006895992215265767,
      "err_plus": 0.007166205662941627
    },
    "delta_dm_C": {
      "median": -0.004217538303073809,
      "lower": -0.004750280228797976,
      "upper": -0.003701431052142823,
      "err_minus": 0.0005327419257241672,
      "err_plus": 0.0005161072509309861
    },
    "t0_D1": {
      "median": 9.128823721323059,
      "lower": 9.12246019160397,
      "upper": 9.133576867701017,
      "err_minus": 0.00636352971908849,
      "err_plus": 0.004753146377957762
    },
    "zeta_D1": {
      "median": 1.6607420387372782,
      "lower": 1.626838735004607,
      "upper": 1.6952146038038518,
      "err_minus": 0.03390330373267125,
      "err_plus": 0.03447256506657359
    },
    "t0_D2": {
      "median": 9.329056076003782,
      "lower": 9.324417277234241,
      "upper": 9.332866798099909,
      "err_minus": 0.004638798769541097,
      "err_plus": 0.0038107220961265398
    },
    "zeta_D2": {
      "median": 1.9658355775185328,
      "lower": 1.9367815256943097,
      "upper": 1.9944521277644782,
      "err_minus": 0.02905405182422305,
      "err_plus": 0.02861655024594545
    },
    "t0_D3": {
      "median": 9.52860593272926,
      "lower": 9.52566023345604,
      "upper": 9.531631074176243,
      "err_minus": 0.0029456992732193044,
      "err_plus": 0.0030251414469830706
    },
    "zeta_D3": {
      "median": 0.045805785644711716,
      "lower": 0.04410894677866743,
      "upper": 0.04752789505004575,
      "err_minus": 0.001696838866044284,
      "err_plus": 0.0017221094053340366
    },
    "delta_dm_D": {
      "median": -0.053666217259710436,
      "lower": -0.06168615910133468,
      "upper": -0.04574562781217395,
      "err_minus": 0.008019941841624245,
      "err_plus": 0.007920589447536486
    }
  },
  "ncall": 2119448
}