{
  "burst": "zach",
  "marginalize_gain": true,
  "marginalize_gain_gp": false,
  "shared_zeta": false,
  "alpha": {
    "median": 2.757132462808983,
    "err_minus": 0.015758386193657437,
    "err_plus": 0.01576704163928655
  },
  "tau_1ghz": {
    "median": 0.5560885556034171,
    "err_minus": 0.005197422453073752,
    "err_plus": 0.005115165658468479
  },
  "log_evidence": 36515.79802056623,
  "log_evidence_err": 0.6104957397900992,
  "alpha_bounds": [
    1.5,
    6.0
  ],
  "components_C": 2,
  "components_D": 1,
  "gain_s2": 1.0,
  "percentiles": {
    "tau_1ghz": {
      "median": 0.5560885556034171,
      "lower": 0.5508911331503433,
      "upper": 0.5612037212618856,
      "err_minus": 0.005197422453073752,
      "err_plus": 0.005115165658468479
    },
    "alpha": {
      "median": 2.757132462808983,
      "lower": 2.7413740766153256,
      "upper": 2.7728995044482696,
      "err_minus": 0.015758386193657437,
      "err_plus": 0.01576704163928655
    },
    "t0_C1": {
      "median": 13.284703435542266,
      "lower": 13.283246060293752,
      "upper": 13.28615766927037,
      "err_minus": 0.001457375248513415,
      "err_plus": 0.0014542337281042705
    },
    "zeta_C1": {
      "median": 0.09238795094093305,
      "lower": 0.09136705706234309,
      "upper": 0.09339835985240606,
      "err_minus": 0.0010208938785899596,
      "err_plus": 0.0010104089114730125
    },
    "t0_C2": {
      "median": 13.633664734543622,
      "lower": 13.623455180501445,
      "upper": 13.64453304281448,
      "err_minus": 0.01020955404217716,
      "err_plus": 0.010868308270858051
    },
    "zeta_C2": {
      "median": 0.41356723744769597,
      "lower": 0.40626235552953827,
      "upper": 0.42077441714217106,
      "err_minus": 0.007304881918157702,
      "err_plus": 0.0072071796944750965
    },
    "delta_dm_C": {
      "median": -0.0041031750206173,
      "lower": -0.004632069544669548,
      "upper": -0.0035901600145749057,
      "err_minus": 0.000528894524052248,
      "err_plus": 0.0005130150060423944
    },
    "t0_D1": {
      "median": 9.529179251492096,
      "lower": 9.526062248815087,
      "upper": 9.532226188632244,
      "err_minus": 0.003117002677008429,
      "err_plus": 0.0030469371401480316
    },
    "zeta_D1": {
      "median": 0.04246791498871933,
      "lower": 0.040714313581380925,
      "upper": 0.04415039312839033,
      "err_minus": 0.0017536014073384065,
      "err_plus": 0.0016824781396709981
    },
    "delta_dm_D": {
      "median": -0.05119448960063977,
      "lower": -0.059583647754671176,
      "upper": -0.0430077045079571,
      "err_minus": 0.008389158154031406,
      "err_plus": 0.008186785092682669
    }
  },
  "ncall": 1474018
}