{
  "burst": "zach",
  "marginalize_gain": true,
  "marginalize_gain_gp": false,
  "shared_zeta": false,
  "alpha": {
    "median": 3.318880380032273,
    "err_minus": 0.01290866431003801,
    "err_plus": 0.013313624176652272
  },
  "tau_1ghz": {
    "median": 0.41625292831595856,
    "err_minus": 0.0030324819636193823,
    "err_plus": 0.00297412488521398
  },
  "log_evidence": -18589.61199168786,
  "log_evidence_err": 0.5421104700616728,
  "alpha_bounds": [
    1.5,
    6.0
  ],
  "components_C": 1,
  "components_D": 1,
  "gain_s2": 1.0,
  "percentiles": {
    "tau_1ghz": {
      "median": 0.41625292831595856,
      "lower": 0.4132204463523392,
      "upper": 0.41922705320117254,
      "err_minus": 0.0030324819636193823,
      "err_plus": 0.00297412488521398
    },
    "alpha": {
      "median": 3.318880380032273,
      "lower": 3.305971715722235,
      "upper": 3.332194004208925,
      "err_minus": 0.01290866431003801,
      "err_plus": 0.013313624176652272
    },
    "t0_C": {
      "median": 13.248117901607426,
      "lower": 13.246993138941853,
      "upper": 13.249195303573337,
      "err_minus": 0.0011247626655723764,
      "err_plus": 0.0010774019659116618
    },
    "zeta_C": {
      "median": 0.1026522916114666,
      "lower": 0.10169526116063182,
      "upper": 0.10363496116460283,
      "err_minus": 0.0009570304508347838,
      "err_plus": 0.0009826695531362228
    },
    "delta_dm_C": {
      "median": 0.010414274791834544,
      "lower": 0.010125595084417682,
      "upper": 0.010716872527893884,
      "err_minus": 0.0002886797074168612,
      "err_plus": 0.00030259773605934015
    },
    "t0_D": {
      "median": 9.55442466013011,
      "lower": 9.551392067824814,
      "upper": 9.557329948035658,
      "err_minus": 0.0030325923052956227,
      "err_plus": 0.002905287905548448
    },
    "zeta_D": {
      "median": 0.058200350149135015,
      "lower": 0.0566985184902876,
      "upper": 0.059791343672558825,
      "err_minus": 0.0015018316588474162,
      "err_plus": 0.0015909935234238101
    },
    "delta_dm_D": {
      "median": -0.07077781679857509,
      "lower": -0.07863706911872725,
      "upper": -0.06297507671920499,
      "err_minus": 0.007859252320152166,
      "err_plus": 0.007802740079370096
    }
  },
  "ncall": 1047592,
  "gain_recovered": true
}