{
  "burst": "zach",
  "marginalize_gain": true,
  "marginalize_gain_gp": false,
  "shared_zeta": false,
  "alpha": {
    "median": 2.777794001729444,
    "err_minus": 0.01543675664774824,
    "err_plus": 0.015407317655275587
  },
  "tau_1ghz": {
    "median": 0.5493485178204272,
    "err_minus": 0.004992867772278253,
    "err_plus": 0.004758119686229301
  },
  "log_evidence": 36547.67893405556,
  "log_evidence_err": 0.6401116186747114,
  "alpha_bounds": [
    1.5,
    6.0
  ],
  "components_C": 2,
  "components_D": 2,
  "gain_s2": 1.0,
  "pbf_C": "exp",
  "pbf_D": "exp",
  "beta_C": 3.6666666666666665,
  "beta_D": 3.6666666666666665,
  "percentiles": {
    "tau_1ghz": {
      "median": 0.5493485178204272,
      "lower": 0.5443556500481489,
      "upper": 0.5541066375066565,
      "err_minus": 0.004992867772278253,
      "err_plus": 0.004758119686229301
    },
    "alpha": {
      "median": 2.777794001729444,
      "lower": 2.7623572450816956,
      "upper": 2.7932013193847194,
      "err_minus": 0.01543675664774824,
      "err_plus": 0.015407317655275587
    },
    "t0_C1": {
      "median": 13.284969703239202,
      "lower": 13.28357140269631,
      "upper": 13.286374909848949,
      "err_minus": 0.001398300542891917,
      "err_plus": 0.0014052066097463012
    },
    "zeta_C1": {
      "median": 0.09226620497680145,
      "lower": 0.09127010933318243,
      "upper": 0.09328993699195481,
      "err_minus": 0.0009960956436190216,
      "err_plus": 0.001023732015153364
    },
    "t0_C2": {
      "median": 13.632185436753023,
      "lower": 13.621972851818953,
      "upper": 13.642362647379315,
      "err_minus": 0.010212584934070179,
      "err_plus": 0.010177210626292066
    },
    "zeta_C2": {
      "median": 0.41191737371569687,
      "lower": 0.40478817036175496,
      "upper": 0.41884202293477074,
      "err_minus": 0.007129203353941904,
      "err_plus": 0.006924649219073875
    },
    "delta_dm_C": {
      "median": -0.004195223437065465,
      "lower": -0.004701878702945805,
      "upper": -0.003685051600101019,
      "err_minus": 0.0005066552658803403,
      "err_plus": 0.0005101718369644459
    },
    "t0_D1": {
      "median": 9.318278234159024,
      "lower": 9.280994256033644,
      "upper": 9.329773359327454,
      "err_minus": 0.0372839781253802,
      "err_plus": 0.01149512516843032
    },
    "zeta_D1": {
      "median": 4.11821394229687,
      "lower": 3.824229479216032,
      "upper": 4.43827545212795,
      "err_minus": 0.2939844630808377,
      "err_plus": 0.3200615098310804
    },
    "t0_D2": {
      "median": 9.529767530252665,
      "lower": 9.526619685150061,
      "upper": 9.532801756671995,
      "err_minus": 0.0031478451026032417,
      "err_plus": 0.003034226419330821
    },
    "zeta_D2": {
      "median": 0.040747480868481505,
      "lower": 0.038886644465459475,
      "upper": 0.042416709270034776,
      "err_minus": 0.00186083640302203,
      "err_plus": 0.0016692284015532716
    },
    "delta_dm_D": {
      "median": -0.050146413383423294,
      "lower": -0.05820020284632221,
      "upper": -0.041830211569362064,
      "err_minus": 0.00805378946289892,
      "err_plus": 0.00831620181406123
    }
  },
  "ncall": 1851757
}