{
    "221113aaao": {
        "mjds": 59896.386510976576,
        "snr": 9.92514,
        "ibox": 1,
        "dm": 411.027,
        "ibeam": 152,
        "cntb": 2,
        "cntc": 8,
        "specnum": 59504232,
        "ra": 72.84063916629988,
        "dec": 71.61310442338737,
        "gulp": 908
    }
}
