id,ra,dec,release,brickid,objid,type,pstar,gmmcomp,z,e_zphot,fclean,fqual,catalog,impact_kpc,gmag,imag,ps1_sep_arcsec
8001645282000966,177.782521521691,71.69527917185,8001,645282,966,DEV,0.025,D1,0.241,0.042,1,1,VII/292/north,7.331611392484235,20.177,18.8442,0.010158668625102217
8001645282000967,177.777586592917,71.694435028962,8001,645282,967,EXP,0.788,E6,0.519,0.142,0,0,VII/292/north,38.87713390273948,,,
8001645282000968,177.788246681505,71.693356692365,8001,645282,968,REX,0.002,R2,0.965,0.384,1,1,VII/292/north,92.54964866782127,,,
