id,ra,dec,release,brickid,objid,type,pstar,gmmcomp,z,e_zphot,fclean,fqual,catalog,impact_kpc
8001648272001478,134.721146843106,73.491022777957,8001,648272,1478,EXP,0.023,E8,0.42,0.057,1,1,VII/292/north,5.4215158401249015
8001648272001476,134.71714418658,73.490797177583,8001,648272,1476,EXP,0.023,E8,0.42,0.057,1,1,VII/292/north,8.041695574510008
8001648272001479,134.72088825838,73.491325375549,8001,648272,1479,EXP,0.023,E8,0.42,0.057,1,1,VII/292/north,9.309000109968778
