id,ra,dec,release,brickid,objid,type,pstar,gmmcomp,z,e_zphot,fclean,fqual,catalog,impact_kpc,gmag,imag,ps1_sep_arcsec
8001648272001478,134.721146843106,73.491022777957,8001,648272,1478,EXP,0.023,E8,0.42,0.057,1,1,VII/292/north,5.4215158401249015,,20.3626,0.07428290451582076
8001648272001505,134.709561702132,73.49160885985,8001,648272,1505,PSF,0.008,P1,0.911,0.304,1,1,VII/292/north,92.70546963147834,,,
