name,ra,dec,z,classification,catalog,impact_kpc,id,release,brickid,objid,type,pstar,gmmcomp,e_zphot,fclean,fqual,gmag,imag,ps1_sep_arcsec
NSC J090258+730958,135.74383333333,73.16616666667,0.0892999992,GClstr,NED,2716.186057194391,,,,,,,,,,,,,
NSC J090412+731934,136.05325,73.32616666667,0.072800003,GClstr,NED,2138.5377024565187,,,,,,,,,,,,,
NSC J090359+731926,135.99734,73.32399,0.1634,GClstr,NED,4184.747343832921,,,,,,,,,,,,,
NSC J090332+730928,135.88647,73.15805,0.0958,GClstr,NED,3117.7870825455034,,,,,,,,,,,,,
,134.721146843106,73.491022777957,0.4199999868869781,,VII/292/north,5.4215158401249015,8001648272001478.0,8001.0,648272.0,1478.0,EXP,0.023,E8,0.057,1.0,1.0,,20.3626,0.0742829045158207
