{
    "best_model": "fit_sn_tpl_power",
    "components": {
        "scint_scale": {
            "power_law_fit_report": [
                1.0,
                4.0
            ],
            "scaling_index": 4.0,
            "scaling_index_err": 0.0,
            "bw_at_ref_mhz": 129599999999.99974,
            "bw_at_ref_mhz_err": 0.0,
            "subband_measurements": [],
            "scaling_interpretation": "Kolmogorov with inner scale effects (\u03b1 = 4.00 \u00b1 0.00) - consistent with Bhat et al. 2004 global fit (\u03b1 \u2248 3.9), suggests inner scale l_i ~ 300-800 km"
        }
    },
    "fit_2d": {
        "gamma_0": 0.08579861747112948,
        "gamma_0_err": 0.05235474585643849,
        "alpha": 7.9998319601778265,
        "alpha_err": 5.09753372648136,
        "m_0": 1.0000000000313833,
        "m_0_err": 1.0373494147058861e-09,
        "nu_ref": 565.3523001776172,
        "redchi": 17.217501844078715,
        "success": true
    }
}