{
  "burst": "whitney_fine",
  "marginalize_gain": true,
  "marginalize_gain_gp": false,
  "shared_zeta": false,
  "alpha": {
    "median": 1.525048407072547,
    "err_minus": 0.01793131248575275,
    "err_plus": 0.03075527939776279
  },
  "tau_1ghz": {
    "median": 0.5069549559783769,
    "err_minus": 0.009441041010280316,
    "err_plus": 0.010207526606048845
  },
  "log_evidence": 2120.8541299272365,
  "log_evidence_err": 0.5106040228019028,
  "alpha_bounds": [
    1.5,
    6.0
  ],
  "components_C": 2,
  "components_D": 1,
  "gain_s2": 10.0,
  "pbf_C": "exp",
  "pbf_D": "exp",
  "beta_C": 3.6666666666666665,
  "beta_D": 3.6666666666666665,
  "percentiles": {
    "tau_1ghz": {
      "median": 0.5069549559783769,
      "lower": 0.4975139149680966,
      "upper": 0.5171624825844258,
      "err_minus": 0.009441041010280316,
      "err_plus": 0.010207526606048845
    },
    "alpha": {
      "median": 1.525048407072547,
      "lower": 1.5071170945867942,
      "upper": 1.5558036864703098,
      "err_minus": 0.01793131248575275,
      "err_plus": 0.03075527939776279
    },
    "t0_C1": {
      "median": -8.02062555002697,
      "lower": -12.983089327124098,
      "upper": -1.9835670801947316,
      "err_minus": 4.962463777097128,
      "err_plus": 6.037058469832239
    },
    "zeta_C1": {
      "median": 268.2644485351813,
      "lower": 168.59533951384657,
      "upper": 497.3713607053408,
      "err_minus": 99.66910902133475,
      "err_plus": 229.1069121701595
    },
    "t0_C2": {
      "median": 0.8627321517123652,
      "lower": 0.855537407794071,
      "upper": 0.8696373260578381,
      "err_minus": 0.007194743918294222,
      "err_plus": 0.0069051743454728864
    },
    "zeta_C2": {
      "median": 0.050174607518032655,
      "lower": 0.044280064641082126,
      "upper": 0.05609454756283307,
      "err_minus": 0.005894542876950529,
      "err_plus": 0.005919940044800419
    },
    "delta_dm_C": {
      "median": -0.0033372546707894912,
      "lower": -0.005312006534339275,
      "upper": -0.0010882691404887623,
      "err_minus": 0.001974751863549784,
      "err_plus": 0.002248985530300729
    },
    "t0_D1": {
      "median": 0.4751537699899835,
      "lower": 0.4734723699569128,
      "upper": 0.47688151839073223,
      "err_minus": 0.0016814000330707124,
      "err_plus": 0.001727748400748741
    },
    "zeta_D1": {
      "median": 0.025852489568456604,
      "lower": 0.023892923403885543,
      "upper": 0.027615091742274694,
      "err_minus": 0.001959566164571061,
      "err_plus": 0.0017626021738180904
    },
    "delta_dm_D": {
      "median": 0.015016841274416493,
      "lower": 0.009681657433013413,
      "upper": 0.020726891579748496,
      "err_minus": 0.0053351838414030794,
      "err_plus": 0.005710050305332004
    }
  },
  "ncall": 1036286
}