{
  "burst": "whitney_fine",
  "marginalize_gain": true,
  "marginalize_gain_gp": false,
  "shared_zeta": false,
  "alpha": {
    "median": 5.675798334125609,
    "err_minus": 0.22808241909064364,
    "err_plus": 0.19858731662554874
  },
  "tau_1ghz": {
    "median": 0.09689667666417058,
    "err_minus": 0.007116846866366988,
    "err_plus": 0.008307538880071588
  },
  "log_evidence": 4707.930373749898,
  "log_evidence_err": 0.5278458443156975,
  "alpha_bounds": [
    1.5,
    6.0
  ],
  "components_C": 2,
  "components_D": 2,
  "gain_s2": 100.0,
  "pbf_C": "exp",
  "pbf_D": "exp",
  "beta_C": 3.6666666666666665,
  "beta_D": 3.6666666666666665,
  "percentiles": {
    "tau_1ghz": {
      "median": 0.09689667666417058,
      "lower": 0.08977982979780359,
      "upper": 0.10520421554424217,
      "err_minus": 0.007116846866366988,
      "err_plus": 0.008307538880071588
    },
    "alpha": {
      "median": 5.675798334125609,
      "lower": 5.447715915034966,
      "upper": 5.874385650751158,
      "err_minus": 0.22808241909064364,
      "err_plus": 0.19858731662554874
    },
    "t0_C1": {
      "median": -7.495081865821912,
      "lower": -12.879047176308989,
      "upper": -1.9295756587550272,
      "err_minus": 5.383965310487077,
      "err_plus": 5.565506207066885
    },
    "zeta_C1": {
      "median": 528.1357027146995,
      "lower": 421.48577202607424,
      "upper": 755.3787012012481,
      "err_minus": 106.64993068862526,
      "err_plus": 227.24299848654857
    },
    "t0_C2": {
      "median": 0.8866167242568435,
      "lower": 0.8801134219920006,
      "upper": 0.8930166974517815,
      "err_minus": 0.0065033022648428584,
      "err_plus": 0.006399973194938013
    },
    "zeta_C2": {
      "median": 0.05273391523987468,
      "lower": 0.047328383501642084,
      "upper": 0.05848445862567083,
      "err_minus": 0.005405531738232598,
      "err_plus": 0.005750543385796149
    },
    "delta_dm_C": {
      "median": -0.011593100710065585,
      "lower": -0.01352994871932367,
      "upper": -0.009510664135319757,
      "err_minus": 0.0019368480092580853,
      "err_plus": 0.0020824365747458273
    },
    "t0_D1": {
      "median": 0.5505019281653092,
      "lower": 0.5486561134427146,
      "upper": 0.5521017961376162,
      "err_minus": 0.0018458147225945964,
      "err_plus": 0.0015998679723070452
    },
    "zeta_D1": {
      "median": 0.04922774692101226,
      "lower": 0.04832134306815037,
      "upper": 0.050106222144281586,
      "err_minus": 0.0009064038528618923,
      "err_plus": 0.0008784752232693233
    },
    "t0_D2": {
      "median": 0.8886138519040216,
      "lower": 0.8863221610273959,
      "upper": 0.8905655957386112,
      "err_minus": 0.0022916908766257293,
      "err_plus": 0.0019517438345895144
    },
    "zeta_D2": {
      "median": 0.07836099456680062,
      "lower": 0.07689528577884408,
      "upper": 0.07971634562967386,
      "err_minus": 0.0014657087879565434,
      "err_plus": 0.001355351062873239
    },
    "delta_dm_D": {
      "median": 0.0007615736483899127,
      "lower": -0.0023998455297160604,
      "upper": 0.004049990051832708,
      "err_minus": 0.003161419178105973,
      "err_plus": 0.0032884164034427954
    }
  },
  "ncall": 1356228
}