{
  "burst": "whitney_fine",
  "marginalize_gain": true,
  "marginalize_gain_gp": false,
  "shared_zeta": false,
  "alpha": {
    "median": 1.5137159361587176,
    "err_minus": 0.01002567215441652,
    "err_plus": 0.02337951663414195
  },
  "tau_1ghz": {
    "median": 0.5001384329932065,
    "err_minus": 0.008663982755369781,
    "err_plus": 0.00938142654379559
  },
  "log_evidence": 2288.870377631323,
  "log_evidence_err": 0.5214743840388308,
  "alpha_bounds": [
    1.5,
    6.0
  ],
  "components_C": 2,
  "components_D": 2,
  "gain_s2": null,
  "pbf_C": "powerlaw",
  "pbf_D": "powerlaw",
  "beta_C": 3.6666666666666665,
  "beta_D": 3.6666666666666665,
  "percentiles": {
    "tau_1ghz": {
      "median": 0.5001384329932065,
      "lower": 0.4914744502378367,
      "upper": 0.5095198595370021,
      "err_minus": 0.008663982755369781,
      "err_plus": 0.00938142654379559
    },
    "alpha": {
      "median": 1.5137159361587176,
      "lower": 1.503690264004301,
      "upper": 1.5370954527928595,
      "err_minus": 0.01002567215441652,
      "err_plus": 0.02337951663414195
    },
    "t0_C1": {
      "median": -1.6325662624596546,
      "lower": -9.281685948923084,
      "upper": 0.8973382303695168,
      "err_minus": 7.649119686463429,
      "err_plus": 2.5299044928291714
    },
    "zeta_C1": {
      "median": 5.373442451617192,
      "lower": 0.051251306632499265,
      "upper": 165.63696446248537,
      "err_minus": 5.322191144984693,
      "err_plus": 160.26352201086817
    },
    "t0_C2": {
      "median": 0.9008781464457525,
      "lower": 0.8893973338895518,
      "upper": 14.541362338551043,
      "err_minus": 0.011480812556200704,
      "err_plus": 13.64048419210529
    },
    "zeta_C2": {
      "median": 0.05643849235116714,
      "lower": 0.048161590609058856,
      "upper": 32.99569432608896,
      "err_minus": 0.00827690174210828,
      "err_plus": 32.93925583373779
    },
    "delta_dm_C": {
      "median": -0.0037868823067057633,
      "lower": -0.005992582679773761,
      "upper": -0.001512051836598971,
      "err_minus": 0.002205700373067998,
      "err_plus": 0.0022748304701067923
    },
    "t0_D1": {
      "median": -1.3935136339035306,
      "lower": -2.6373842210629586,
      "upper": -0.4250050033155426,
      "err_minus": 1.243870587159428,
      "err_plus": 0.968508630587988
    },
    "zeta_D1": {
      "median": 0.09631854124981047,
      "lower": 0.0010967731570430033,
      "upper": 68.23194804164343,
      "err_minus": 0.09522176809276747,
      "err_plus": 68.13562950039362
    },
    "t0_D2": {
      "median": 0.5065727636703772,
      "lower": 0.504887627903549,
      "upper": 0.5083574665660711,
      "err_minus": 0.0016851357668281608,
      "err_plus": 0.0017847028956938793
    },
    "zeta_D2": {
      "median": 0.03288108852373364,
      "lower": 0.03154642526453695,
      "upper": 0.03411765654077135,
      "err_minus": 0.0013346632591966917,
      "err_plus": 0.001236568017037705
    },
    "delta_dm_D": {
      "median": 0.01595758557579785,
      "lower": 0.010996161605547172,
      "upper": 0.02186678644302731,
      "err_minus": 0.004961423970250678,
      "err_plus": 0.005909200867229458
    }
  },
  "ncall": 1057216
}