{
  "burst": "whitney_fine",
  "marginalize_gain": true,
  "marginalize_gain_gp": false,
  "shared_zeta": false,
  "alpha": {
    "median": 5.115557588306013,
    "err_minus": 0.17206977493776776,
    "err_plus": 0.16549037480335382
  },
  "tau_1ghz": {
    "median": 0.10866678774944602,
    "err_minus": 0.007227035736580026,
    "err_plus": 0.007086919248929138
  },
  "log_evidence": 4992.635032394544,
  "log_evidence_err": 0.6070034295967043,
  "alpha_bounds": [
    1.5,
    6.0
  ],
  "components_C": 2,
  "components_D": 2,
  "gain_s2": null,
  "pbf_C": "exp",
  "pbf_D": "exp",
  "beta_C": 3.6666666666666665,
  "beta_D": 3.6666666666666665,
  "percentiles": {
    "tau_1ghz": {
      "median": 0.10866678774944602,
      "lower": 0.101439752012866,
      "upper": 0.11575370699837516,
      "err_minus": 0.007227035736580026,
      "err_plus": 0.007086919248929138
    },
    "alpha": {
      "median": 5.115557588306013,
      "lower": 4.943487813368245,
      "upper": 5.2810479631093665,
      "err_minus": 0.17206977493776776,
      "err_plus": 0.16549037480335382
    },
    "t0_C1": {
      "median": 0.8872217992241112,
      "lower": 0.8789595230217238,
      "upper": 0.8942667072600798,
      "err_minus": 0.008262276202387397,
      "err_plus": 0.007044908035968689
    },
    "zeta_C1": {
      "median": 0.05389299283888487,
      "lower": 0.04793281973227315,
      "upper": 0.060668845741290736,
      "err_minus": 0.005960173106611719,
      "err_plus": 0.006775852902405864
    },
    "t0_C2": {
      "median": 10.461788015550006,
      "lower": 4.040381139100084,
      "upper": 19.10776110075085,
      "err_minus": 6.421406876449922,
      "err_plus": 8.645973085200843
    },
    "zeta_C2": {
      "median": 5.610711815460437,
      "lower": 0.04209889279280382,
      "upper": 76.57203576116984,
      "err_minus": 5.568612922667634,
      "err_plus": 70.96132394570941
    },
    "delta_dm_C": {
      "median": -0.01070575942344476,
      "lower": -0.012666574169173828,
      "upper": -0.008488983227543656,
      "err_minus": 0.001960814745729067,
      "err_plus": 0.0022167761959011045
    },
    "t0_D1": {
      "median": 0.547016262483162,
      "lower": 0.5451724763096055,
      "upper": 0.5488522726142819,
      "err_minus": 0.0018437861735565164,
      "err_plus": 0.0018360101311198918
    },
    "zeta_D1": {
      "median": 0.04785743391951805,
      "lower": 0.046898026261833314,
      "upper": 0.04885415189693228,
      "err_minus": 0.0009594076576847355,
      "err_plus": 0.000996717977414227
    },
    "t0_D2": {
      "median": 0.8845184111548356,
      "lower": 0.8823948937444943,
      "upper": 0.8869270220212064,
      "err_minus": 0.0021235174103413357,
      "err_plus": 0.002408610866370786
    },
    "zeta_D2": {
      "median": 0.07692700890977033,
      "lower": 0.07539585525881742,
      "upper": 0.07842939776896528,
      "err_minus": 0.00153115365095291,
      "err_plus": 0.0015023888591949447
    },
    "delta_dm_D": {
      "median": -0.0014899579366485227,
      "lower": -0.004732963032310522,
      "upper": 0.0015859031731366713,
      "err_minus": 0.0032430050956619993,
      "err_plus": 0.003075861109785194
    }
  },
  "ncall": 1703214
}