{
  "burst": "whitney_fine",
  "marginalize_gain": true,
  "marginalize_gain_gp": false,
  "shared_zeta": false,
  "alpha": {
    "median": 1.5218831594692313,
    "err_minus": 0.01584020265407693,
    "err_plus": 0.026319583755764153
  },
  "tau_1ghz": {
    "median": 0.5062560141534491,
    "err_minus": 0.009116081505334717,
    "err_plus": 0.009073105569811224
  },
  "log_evidence": 2204.347133063898,
  "log_evidence_err": 0.48250099494078325,
  "alpha_bounds": [
    1.5,
    6.0
  ],
  "components_C": 2,
  "components_D": 1,
  "gain_s2": 1.0,
  "pbf_C": "exp",
  "pbf_D": "exp",
  "beta_C": 3.6666666666666665,
  "beta_D": 3.6666666666666665,
  "percentiles": {
    "tau_1ghz": {
      "median": 0.5062560141534491,
      "lower": 0.4971399326481144,
      "upper": 0.5153291197232603,
      "err_minus": 0.009116081505334717,
      "err_plus": 0.009073105569811224
    },
    "alpha": {
      "median": 1.5218831594692313,
      "lower": 1.5060429568151543,
      "upper": 1.5482027432249954,
      "err_minus": 0.01584020265407693,
      "err_plus": 0.026319583755764153
    },
    "t0_C1": {
      "median": 0.86404379821494,
      "lower": 0.8567118057000584,
      "upper": 0.8712118269319049,
      "err_minus": 0.007331992514881591,
      "err_plus": 0.007168028716964869
    },
    "zeta_C1": {
      "median": 0.050377540294647714,
      "lower": 0.04434400619417545,
      "upper": 0.056437938575406986,
      "err_minus": 0.006033534100472263,
      "err_plus": 0.0060603982807592716
    },
    "t0_C2": {
      "median": 13.016666508498528,
      "lower": 4.994269454158903,
      "upper": 20.914886330192893,
      "err_minus": 8.022397054339624,
      "err_plus": 7.898219821694365
    },
    "zeta_C2": {
      "median": 53.1890370772767,
      "lower": 0.011154611699211397,
      "upper": 185.50564415831397,
      "err_minus": 53.17788246557749,
      "err_plus": 132.31660708103726
    },
    "delta_dm_C": {
      "median": -0.003672786907124248,
      "lower": -0.005761750695270962,
      "upper": -0.0015239868759095998,
      "err_minus": 0.002088963788146714,
      "err_plus": 0.0021488000312146482
    },
    "t0_D1": {
      "median": 0.4753026576016852,
      "lower": 0.47362117617988053,
      "upper": 0.4769098120514643,
      "err_minus": 0.001681481421804687,
      "err_plus": 0.0016071544497791024
    },
    "zeta_D1": {
      "median": 0.02593067518364293,
      "lower": 0.023912775385910613,
      "upper": 0.02760536538409034,
      "err_minus": 0.002017899797732318,
      "err_plus": 0.0016746902004474082
    },
    "delta_dm_D": {
      "median": 0.014358453460907583,
      "lower": 0.009351492136801198,
      "upper": 0.0203583935600804,
      "err_minus": 0.005006961324106385,
      "err_plus": 0.005999940099172818
    }
  },
  "ncall": 984459
}