{
  "burst": "whitney_fine",
  "marginalize_gain": true,
  "marginalize_gain_gp": false,
  "shared_zeta": false,
  "alpha": {
    "median": 1.5169679777169198,
    "err_minus": 0.012577077313137064,
    "err_plus": 0.023615356413726918
  },
  "tau_1ghz": {
    "median": 0.4987853382065679,
    "err_minus": 0.009157416641945582,
    "err_plus": 0.009993590412408326
  },
  "log_evidence": 2293.176334370496,
  "log_evidence_err": 0.48043011750053977,
  "alpha_bounds": [
    1.5,
    6.0
  ],
  "components_C": 2,
  "components_D": 1,
  "gain_s2": null,
  "percentiles": {
    "tau_1ghz": {
      "median": 0.4987853382065679,
      "lower": 0.4896279215646223,
      "upper": 0.5087789286189762,
      "err_minus": 0.009157416641945582,
      "err_plus": 0.009993590412408326
    },
    "alpha": {
      "median": 1.5169679777169198,
      "lower": 1.5043909004037828,
      "upper": 1.5405833341306467,
      "err_minus": 0.012577077313137064,
      "err_plus": 0.023615356413726918
    },
    "t0_C1": {
      "median": -5.209953599621311,
      "lower": -12.06338596189007,
      "upper": 0.864641493021459,
      "err_minus": 6.853432362268759,
      "err_plus": 6.07459509264277
    },
    "zeta_C1": {
      "median": 0.05177200566194151,
      "lower": 0.004504332247457225,
      "upper": 14.578660333097414,
      "err_minus": 0.04726767341448429,
      "err_plus": 14.526888327435472
    },
    "t0_C2": {
      "median": 0.8698617481937032,
      "lower": 0.8601398324994247,
      "upper": 10.04372110126127,
      "err_minus": 0.009721915694278493,
      "err_plus": 9.173859353067567
    },
    "zeta_C2": {
      "median": 0.04834918417597361,
      "lower": 0.004501811401183338,
      "upper": 0.057921700366150485,
      "err_minus": 0.04384737277479027,
      "err_plus": 0.009572516190176877
    },
    "delta_dm_C": {
      "median": -0.0037947418566801616,
      "lower": -0.00577658099982159,
      "upper": -0.001581928554536205,
      "err_minus": 0.0019818391431414284,
      "err_plus": 0.0022128133021439567
    },
    "t0_D1": {
      "median": 0.4757329611796708,
      "lower": 0.47412786541554564,
      "upper": 0.4772864627574016,
      "err_minus": 0.0016050957641251529,
      "err_plus": 0.0015535015777308203
    },
    "zeta_D1": {
      "median": 0.026468091371968785,
      "lower": 0.024548396035127932,
      "upper": 0.02816549081062965,
      "err_minus": 0.0019196953368408529,
      "err_plus": 0.0016973994386608668
    },
    "delta_dm_D": {
      "median": 0.015577117815404051,
      "lower": 0.009522508441186517,
      "upper": 0.021095902974408887,
      "err_minus": 0.006054609374217534,
      "err_plus": 0.005518785159004835
    }
  },
  "ncall": 954399
}