{
  "burst": "whitney_fine",
  "marginalize_gain": true,
  "marginalize_gain_gp": false,
  "shared_zeta": false,
  "alpha": {
    "median": 1.5258599929515,
    "err_minus": 0.019311765352346244,
    "err_plus": 0.039619713736795736
  },
  "tau_1ghz": {
    "median": 0.5060368613191356,
    "err_minus": 0.009614343726640662,
    "err_plus": 0.01054358021152435
  },
  "log_evidence": 2037.3695902103316,
  "log_evidence_err": 0.5268404231869208,
  "alpha_bounds": [
    1.5,
    6.0
  ],
  "components_C": 2,
  "components_D": 1,
  "gain_s2": 100.0,
  "pbf_C": "exp",
  "pbf_D": "exp",
  "beta_C": 3.6666666666666665,
  "beta_D": 3.6666666666666665,
  "percentiles": {
    "tau_1ghz": {
      "median": 0.5060368613191356,
      "lower": 0.49642251759249495,
      "upper": 0.51658044153066,
      "err_minus": 0.009614343726640662,
      "err_plus": 0.01054358021152435
    },
    "alpha": {
      "median": 1.5258599929515,
      "lower": 1.5065482275991537,
      "upper": 1.5654797066882957,
      "err_minus": 0.019311765352346244,
      "err_plus": 0.039619713736795736
    },
    "t0_C1": {
      "median": 0.8639395967676968,
      "lower": 0.8569007344163353,
      "upper": 0.8709740582289598,
      "err_minus": 0.00703886235136153,
      "err_plus": 0.007034461461262964
    },
    "zeta_C1": {
      "median": 0.049796665379350014,
      "lower": 0.04455117404575562,
      "upper": 0.055470095857297154,
      "err_minus": 0.005245491333594393,
      "err_plus": 0.00567343047794714
    },
    "t0_C2": {
      "median": 16.91573492677196,
      "lower": 11.864794718510264,
      "upper": 21.95265392839267,
      "err_minus": 5.0509402082616965,
      "err_plus": 5.03691900162071
    },
    "zeta_C2": {
      "median": 3.768645421906214,
      "lower": 1.7000123586497007,
      "upper": 6.155922837089199,
      "err_minus": 2.0686330632565135,
      "err_plus": 2.387277415182985
    },
    "delta_dm_C": {
      "median": -0.003688415108790366,
      "lower": -0.00566626491747968,
      "upper": -0.0015657805054729579,
      "err_minus": 0.0019778498086893137,
      "err_plus": 0.002122634603317408
    },
    "t0_D1": {
      "median": 0.47553945163955236,
      "lower": 0.4738113230860188,
      "upper": 0.4773593466717765,
      "err_minus": 0.0017281285535335478,
      "err_plus": 0.001819895032224128
    },
    "zeta_D1": {
      "median": 0.02593279834466479,
      "lower": 0.024034778787172393,
      "upper": 0.027786447571241893,
      "err_minus": 0.0018980195574923968,
      "err_plus": 0.0018536492265771032
    },
    "delta_dm_D": {
      "median": 0.014054147597875044,
      "lower": 0.008426364870373959,
      "upper": 0.019445906597262308,
      "err_minus": 0.005627782727501085,
      "err_plus": 0.005391758999387264
    }
  },
  "ncall": 1056141
}