{
  "burst": "whitney_fine",
  "marginalize_gain": true,
  "marginalize_gain_gp": false,
  "shared_zeta": false,
  "alpha": {
    "median": 5.205908729156214,
    "err_minus": 0.175608520425099,
    "err_plus": 0.20475641286722102
  },
  "tau_1ghz": {
    "median": 0.10506640673774703,
    "err_minus": 0.007809001300659424,
    "err_plus": 0.007736340337139977
  },
  "log_evidence": 5015.112145827193,
  "log_evidence_err": 0.5186858309122618,
  "alpha_bounds": [
    1.5,
    6.0
  ],
  "components_C": 2,
  "components_D": 2,
  "gain_s2": null,
  "percentiles": {
    "tau_1ghz": {
      "median": 0.10506640673774703,
      "lower": 0.09725740543708761,
      "upper": 0.11280274707488701,
      "err_minus": 0.007809001300659424,
      "err_plus": 0.007736340337139977
    },
    "alpha": {
      "median": 5.205908729156214,
      "lower": 5.030300208731115,
      "upper": 5.410665142023435,
      "err_minus": 0.175608520425099,
      "err_plus": 0.20475641286722102
    },
    "t0_C1": {
      "median": -5.952081610666056,
      "lower": -12.28646455255638,
      "upper": -1.3962925719304096,
      "err_minus": 6.334382941890324,
      "err_plus": 4.555789038735647
    },
    "zeta_C1": {
      "median": 6.865255205928244,
      "lower": 0.02847766448317705,
      "upper": 114.2556755168485,
      "err_minus": 6.836777541445066,
      "err_plus": 107.39042031092025
    },
    "t0_C2": {
      "median": 0.9189696651778516,
      "lower": 0.9122893238574119,
      "upper": 0.9254044966645911,
      "err_minus": 0.006680341320439709,
      "err_plus": 0.006434831486739512
    },
    "zeta_C2": {
      "median": 0.05602448122173194,
      "lower": 0.05110249145621941,
      "upper": 0.06123042877438578,
      "err_minus": 0.00492198976551253,
      "err_plus": 0.005205947552653842
    },
    "delta_dm_C": {
      "median": -0.01088108444786684,
      "lower": -0.012908112085021628,
      "upper": -0.008735003192605006,
      "err_minus": 0.002027027637154788,
      "err_plus": 0.0021460812552618336
    },
    "t0_D1": {
      "median": 0.5477808518390481,
      "lower": 0.5459261625352076,
      "upper": 0.5496312648857251,
      "err_minus": 0.0018546893038404733,
      "err_plus": 0.0018504130466769908
    },
    "zeta_D1": {
      "median": 0.04826279680341963,
      "lower": 0.04724591746116096,
      "upper": 0.04924037953689843,
      "err_minus": 0.001016879342258671,
      "err_plus": 0.0009775827334787962
    },
    "t0_D2": {
      "median": 0.8855713768770184,
      "lower": 0.8833471105807222,
      "upper": 0.8878299394483176,
      "err_minus": 0.002224266296296129,
      "err_plus": 0.002258562571299194
    },
    "zeta_D2": {
      "median": 0.07738911428978039,
      "lower": 0.07583845490964872,
      "upper": 0.07885856310056853,
      "err_minus": 0.001550659380131672,
      "err_plus": 0.0014694488107881432
    },
    "delta_dm_D": {
      "median": -0.0006712724965041161,
      "lower": -0.003817476869741654,
      "upper": 0.0024401616586686714,
      "err_minus": 0.0031462043732375378,
      "err_plus": 0.0031114341551727875
    }
  },
  "ncall": 1219615
}