{
  "burst": "whitney_fine",
  "marginalize_gain": true,
  "marginalize_gain_gp": false,
  "shared_zeta": false,
  "alpha": {
    "median": 5.647778330380779,
    "err_minus": 0.22029754494080755,
    "err_plus": 0.21369694156109276
  },
  "tau_1ghz": {
    "median": 0.09759128093361148,
    "err_minus": 0.007625451355147611,
    "err_plus": 0.008578020795876204
  },
  "log_evidence": 4910.625486380267,
  "log_evidence_err": 0.4967045778322898,
  "alpha_bounds": [
    1.5,
    6.0
  ],
  "components_C": 2,
  "components_D": 2,
  "gain_s2": 1.0,
  "pbf_C": "exp",
  "pbf_D": "exp",
  "beta_C": 3.6666666666666665,
  "beta_D": 3.6666666666666665,
  "percentiles": {
    "tau_1ghz": {
      "median": 0.09759128093361148,
      "lower": 0.08996582957846387,
      "upper": 0.10616930172948769,
      "err_minus": 0.007625451355147611,
      "err_plus": 0.008578020795876204
    },
    "alpha": {
      "median": 5.647778330380779,
      "lower": 5.427480785439972,
      "upper": 5.861475271941872,
      "err_minus": 0.22029754494080755,
      "err_plus": 0.21369694156109276
    },
    "t0_C1": {
      "median": 0.8862949074599378,
      "lower": 0.8796918633212449,
      "upper": 0.8926174552625916,
      "err_minus": 0.006603044138692837,
      "err_plus": 0.006322547802653844
    },
    "zeta_C1": {
      "median": 0.05263189486665223,
      "lower": 0.046938405869965914,
      "upper": 0.05838651952355813,
      "err_minus": 0.005693488996686313,
      "err_plus": 0.0057546246569059045
    },
    "t0_C2": {
      "median": 13.92985861325629,
      "lower": 7.803521064376845,
      "upper": 21.442344185021597,
      "err_minus": 6.1263375488794445,
      "err_plus": 7.512485571765307
    },
    "zeta_C2": {
      "median": 8.439394628388818,
      "lower": 0.051670663997760345,
      "upper": 68.01590733568648,
      "err_minus": 8.387723964391059,
      "err_plus": 59.57651270729766
    },
    "delta_dm_C": {
      "median": -0.01135040040141888,
      "lower": -0.013333253034382153,
      "upper": -0.009287566355261845,
      "err_minus": 0.0019828526329632723,
      "err_plus": 0.002062834046157036
    },
    "t0_D1": {
      "median": 0.5504722497553352,
      "lower": 0.5486566473921513,
      "upper": 0.5520810336320223,
      "err_minus": 0.0018156023631838991,
      "err_plus": 0.0016087838766871698
    },
    "zeta_D1": {
      "median": 0.04915322516423225,
      "lower": 0.04824231676223422,
      "upper": 0.050064176961120324,
      "err_minus": 0.0009109084019980271,
      "err_plus": 0.0009109517968880765
    },
    "t0_D2": {
      "median": 0.888504752780227,
      "lower": 0.886423533726058,
      "upper": 0.8904626868114642,
      "err_minus": 0.0020812190541690256,
      "err_plus": 0.0019579340312372295
    },
    "zeta_D2": {
      "median": 0.07835609303503878,
      "lower": 0.07694245830231056,
      "upper": 0.07981022168139845,
      "err_minus": 0.0014136347327282223,
      "err_plus": 0.001454128646359673
    },
    "delta_dm_D": {
      "median": 0.00048511233772075,
      "lower": -0.0028572994394195916,
      "upper": 0.0038010560605599153,
      "err_minus": 0.0033424117771403417,
      "err_plus": 0.0033159437228391653
    }
  },
  "ncall": 1298294
}