{
  "burst": "whitney_fine",
  "marginalize_gain": true,
  "marginalize_gain_gp": false,
  "shared_zeta": false,
  "alpha": {
    "median": 5.660891555875269,
    "err_minus": 0.2111370350096955,
    "err_plus": 0.18458674573777323
  },
  "tau_1ghz": {
    "median": 0.09734708962168864,
    "err_minus": 0.007387908212269978,
    "err_plus": 0.008243048773253187
  },
  "log_evidence": 4803.688452938425,
  "log_evidence_err": 0.5645480684905093,
  "alpha_bounds": [
    1.5,
    6.0
  ],
  "components_C": 2,
  "components_D": 2,
  "gain_s2": 10.0,
  "pbf_C": "exp",
  "pbf_D": "exp",
  "beta_C": 3.6666666666666665,
  "beta_D": 3.6666666666666665,
  "percentiles": {
    "tau_1ghz": {
      "median": 0.09734708962168864,
      "lower": 0.08995918140941866,
      "upper": 0.10559013839494183,
      "err_minus": 0.007387908212269978,
      "err_plus": 0.008243048773253187
    },
    "alpha": {
      "median": 5.660891555875269,
      "lower": 5.449754520865573,
      "upper": 5.845478301613042,
      "err_minus": 0.2111370350096955,
      "err_plus": 0.18458674573777323
    },
    "t0_C1": {
      "median": 0.884677415018924,
      "lower": -0.5755622928081099,
      "upper": 0.891971578623906,
      "err_minus": 1.460239707827034,
      "err_plus": 0.007294163604981918
    },
    "zeta_C1": {
      "median": 0.054041107926564254,
      "lower": 0.04835390901485916,
      "upper": 127.81809091669653,
      "err_minus": 0.005687198911705091,
      "err_plus": 127.76404980876997
    },
    "t0_C2": {
      "median": 11.962624480327314,
      "lower": 0.8936318622710933,
      "upper": 19.955311626088957,
      "err_minus": 11.068992618056221,
      "err_plus": 7.992687145761643
    },
    "zeta_C2": {
      "median": 120.08100651550988,
      "lower": 0.05348088799772422,
      "upper": 258.6555980967954,
      "err_minus": 120.02752562751216,
      "err_plus": 138.57459158128552
    },
    "delta_dm_C": {
      "median": -0.011422503862284827,
      "lower": -0.013461021571608,
      "upper": -0.009334310373319,
      "err_minus": 0.0020385177093231732,
      "err_plus": 0.0020881934889658282
    },
    "t0_D1": {
      "median": 0.5505946959347061,
      "lower": 0.5486709602789879,
      "upper": 0.5520688732414727,
      "err_minus": 0.0019237356557182395,
      "err_plus": 0.0014741773067665775
    },
    "zeta_D1": {
      "median": 0.049179494803077546,
      "lower": 0.04836760013887316,
      "upper": 0.04998152868306138,
      "err_minus": 0.0008118946642043864,
      "err_plus": 0.0008020338799838364
    },
    "t0_D2": {
      "median": 0.8886248550883435,
      "lower": 0.8865371793656884,
      "upper": 0.8904925467591449,
      "err_minus": 0.0020876757226551135,
      "err_plus": 0.0018676916708013636
    },
    "zeta_D2": {
      "median": 0.07853896238167692,
      "lower": 0.07703105820344085,
      "upper": 0.0799978105852809,
      "err_minus": 0.0015079041782360691,
      "err_plus": 0.0014588482036039796
    },
    "delta_dm_D": {
      "median": 0.00030952548374330036,
      "lower": -0.0025771696672336475,
      "upper": 0.00323753096845536,
      "err_minus": 0.002886695150976948,
      "err_plus": 0.0029280054847120596
    }
  },
  "ncall": 1459721
}